-- Seed data generated from uploaded New Orleans, Nashville, and Atlanta contact files
begin;
insert into public.city_pools (id, name) values ('7f587941-1c8c-5ab6-ab65-0405f6fd94ce', 'Atlanta, GA') on conflict (name) do nothing;
insert into public.city_pools (id, name) values ('55503e8b-c7c1-5feb-bc5f-277ace074f3b', 'Baton Rouge, LA') on conflict (name) do nothing;
insert into public.city_pools (id, name) values ('c1779a82-30f7-5f5f-be70-f32a355677dc', 'Denver, CO') on conflict (name) do nothing;
insert into public.city_pools (id, name) values ('419c9a31-1a24-57e4-bfd5-b73892d81919', 'Michigan (travels)') on conflict (name) do nothing;
insert into public.city_pools (id, name) values ('5bb0999e-68bd-5fda-ab25-cea22e980ecc', 'Nashville, TN') on conflict (name) do nothing;
insert into public.city_pools (id, name) values ('03cee26a-b842-501e-a7fd-bcde6677a155', 'New Jersey') on conflict (name) do nothing;
insert into public.city_pools (id, name) values ('d2808c14-edba-5a3b-9a4d-5f15e1a5c2a7', 'New Orleans, LA') on conflict (name) do nothing;
insert into public.city_pools (id, name) values ('954c06c2-471f-5f9c-b09a-697b55bf4da3', 'New York, NY') on conflict (name) do nothing;
insert into public.city_pools (id, name) values ('ada5eb7a-8a26-5420-b32b-65ef6b1c866f', 'Orlando, FL') on conflict (name) do nothing;
insert into public.city_pools (id, name) values ('d9b27f10-91bd-5649-af44-d894bda0dd6d', 'San Antonio, TX') on conflict (name) do nothing;
insert into public.city_pools (id, name) values ('faed59c2-1603-51e2-8ea9-f640b7e7e272', 'South Georgia (willing to travel)') on conflict (name) do nothing;
insert into public.crew (id, name, city_pool_id, group_name, tier, phone, email, other_city, ob, notes, description) values ('27e3679a-0e53-5093-b11f-f1289896888d', 'Derek Truong', 'd2808c14-edba-5a3b-9a4d-5f15e1a5c2a7', 'Ungrouped', '2ABC', '504-275-7020', 'derektruong100@gmail.com', null, true, 'Imported rate text: $350-$400 | Raw location: OB New Orleans', 'Roland V160, Atems, Analog') on conflict (id) do update set name = excluded.name, city_pool_id = excluded.city_pool_id, tier = excluded.tier, phone = excluded.phone, email = excluded.email, other_city = excluded.other_city, ob = excluded.ob, notes = excluded.notes, description = excluded.description;
insert into public.crew_positions (id, crew_id, role_name, rate) values ('cf22b5b3-e0db-58d6-b1b3-b215401b82ec', '27e3679a-0e53-5093-b11f-f1289896888d', 'General AV', 375.0) on conflict (id) do update set role_name = excluded.role_name, rate = excluded.rate;
insert into public.crew_positions (id, crew_id, role_name, rate) values ('b04ed9e5-442b-5fe2-a026-ab90a3273a0e', '27e3679a-0e53-5093-b11f-f1289896888d', 'Breakout Operator', 375.0) on conflict (id) do update set role_name = excluded.role_name, rate = excluded.rate;
insert into public.crew_positions (id, crew_id, role_name, rate) values ('89195a92-c269-572e-ba12-4453d6c5db30', '27e3679a-0e53-5093-b11f-f1289896888d', 'LED Assist', 375.0) on conflict (id) do update set role_name = excluded.role_name, rate = excluded.rate;
insert into public.crew_positions (id, crew_id, role_name, rate) values ('6afe3681-d99e-5645-b073-668d8460e380', '27e3679a-0e53-5093-b11f-f1289896888d', 'Speaker Ready', 375.0) on conflict (id) do update set role_name = excluded.role_name, rate = excluded.rate;
insert into public.crew (id, name, city_pool_id, group_name, tier, phone, email, other_city, ob, notes, description) values ('162aeb49-dc6f-5208-9e26-fddbe80e9dc3', 'John Jack Christman', 'd2808c14-edba-5a3b-9a4d-5f15e1a5c2a7', 'Ungrouped', '2ABC', '504-583-5800', 'jchris6017@gmail.com', null, false, 'Imported rate text: $450-$500 | Raw location: sent', null) on conflict (id) do update set name = excluded.name, city_pool_id = excluded.city_pool_id, tier = excluded.tier, phone = excluded.phone, email = excluded.email, other_city = excluded.other_city, ob = excluded.ob, notes = excluded.notes, description = excluded.description;
insert into public.crew_positions (id, crew_id, role_name, rate) values ('d79bf297-20d0-5b07-989c-f6b2a03ea553', '162aeb49-dc6f-5208-9e26-fddbe80e9dc3', 'General AV', 475.0) on conflict (id) do update set role_name = excluded.role_name, rate = excluded.rate;
insert into public.crew_positions (id, crew_id, role_name, rate) values ('d8c7dd7f-0e7b-57a9-bd8c-8e19405325e6', '162aeb49-dc6f-5208-9e26-fddbe80e9dc3', 'Breakout Operator', 475.0) on conflict (id) do update set role_name = excluded.role_name, rate = excluded.rate;
insert into public.crew_positions (id, crew_id, role_name, rate) values ('15825a12-f8d7-5025-a74b-c447a496531c', '162aeb49-dc6f-5208-9e26-fddbe80e9dc3', 'LED Assist', 475.0) on conflict (id) do update set role_name = excluded.role_name, rate = excluded.rate;
insert into public.crew (id, name, city_pool_id, group_name, tier, phone, email, other_city, ob, notes, description) values ('c5ed7274-0011-5e73-b0a6-fafbcdc7db2c', 'Neville Bhujwalla', 'd2808c14-edba-5a3b-9a4d-5f15e1a5c2a7', 'Ungrouped', '2ABC', '504-315-9334', 'nevillebhujwalla@yahoo.com', null, true, 'Imported rate text: $350-$450 | Raw location: OB New Orleans', 'Atem Mini,') on conflict (id) do update set name = excluded.name, city_pool_id = excluded.city_pool_id, tier = excluded.tier, phone = excluded.phone, email = excluded.email, other_city = excluded.other_city, ob = excluded.ob, notes = excluded.notes, description = excluded.description;
insert into public.crew_positions (id, crew_id, role_name, rate) values ('170b844f-1e4d-5196-b4e2-0d1a5c9bea28', 'c5ed7274-0011-5e73-b0a6-fafbcdc7db2c', 'General AV', 400.0) on conflict (id) do update set role_name = excluded.role_name, rate = excluded.rate;
insert into public.crew_positions (id, crew_id, role_name, rate) values ('d024d555-189a-5388-b490-bf01d87084f7', 'c5ed7274-0011-5e73-b0a6-fafbcdc7db2c', 'Breakout Operator', 400.0) on conflict (id) do update set role_name = excluded.role_name, rate = excluded.rate;
insert into public.crew_positions (id, crew_id, role_name, rate) values ('541cf03b-c70b-5931-b7af-bbe5291f24b1', 'c5ed7274-0011-5e73-b0a6-fafbcdc7db2c', 'L2-Lighting Assist', 400.0) on conflict (id) do update set role_name = excluded.role_name, rate = excluded.rate;
insert into public.crew_positions (id, crew_id, role_name, rate) values ('561a37e4-0726-5a20-bcde-78bc910bb0e7', 'c5ed7274-0011-5e73-b0a6-fafbcdc7db2c', 'LED Assist', 400.0) on conflict (id) do update set role_name = excluded.role_name, rate = excluded.rate;
insert into public.crew_positions (id, crew_id, role_name, rate) values ('be2ee379-4f50-586a-ae6e-0c40fedaaa18', 'c5ed7274-0011-5e73-b0a6-fafbcdc7db2c', 'Speaker Ready', 400.0) on conflict (id) do update set role_name = excluded.role_name, rate = excluded.rate;
insert into public.crew (id, name, city_pool_id, group_name, tier, phone, email, other_city, ob, notes, description) values ('67b19a6b-be45-5e8e-ab63-8cb99a5cf108', 'Nino Paternostro', 'd2808c14-edba-5a3b-9a4d-5f15e1a5c2a7', 'Ungrouped', '1 ABC', '3377041281', 'renebums@gmail.com', null, false, 'Imported rate text: $450-$500 | Raw location: sent New Orleans', 'LD, Cam Op, roland v series and Atems') on conflict (id) do update set name = excluded.name, city_pool_id = excluded.city_pool_id, tier = excluded.tier, phone = excluded.phone, email = excluded.email, other_city = excluded.other_city, ob = excluded.ob, notes = excluded.notes, description = excluded.description;
insert into public.crew_positions (id, crew_id, role_name, rate) values ('e75c17e7-8ed5-5695-bae7-6c0825566c1b', '67b19a6b-be45-5e8e-ab63-8cb99a5cf108', 'LD-Lighting Designer', 475.0) on conflict (id) do update set role_name = excluded.role_name, rate = excluded.rate;
insert into public.crew_positions (id, crew_id, role_name, rate) values ('8f9b3537-c421-54c6-b45f-f65035f8bed1', '67b19a6b-be45-5e8e-ab63-8cb99a5cf108', 'Camera Operator', 475.0) on conflict (id) do update set role_name = excluded.role_name, rate = excluded.rate;
insert into public.crew_positions (id, crew_id, role_name, rate) values ('64b32e48-f765-5cc2-9bb4-14320b4214ee', '67b19a6b-be45-5e8e-ab63-8cb99a5cf108', 'LED Assist', 475.0) on conflict (id) do update set role_name = excluded.role_name, rate = excluded.rate;
insert into public.crew_positions (id, crew_id, role_name, rate) values ('9ed2ec10-c1e3-50f6-ae92-da268a8c940b', '67b19a6b-be45-5e8e-ab63-8cb99a5cf108', 'Breakout Operator', 475.0) on conflict (id) do update set role_name = excluded.role_name, rate = excluded.rate;
insert into public.crew_positions (id, crew_id, role_name, rate) values ('8f4cb37d-b7d2-520e-8d25-964c9faf4ecc', '67b19a6b-be45-5e8e-ab63-8cb99a5cf108', 'General AV', 475.0) on conflict (id) do update set role_name = excluded.role_name, rate = excluded.rate;
insert into public.crew_positions (id, crew_id, role_name, rate) values ('ffba32b6-d113-5558-9034-fc0eba366af7', '67b19a6b-be45-5e8e-ab63-8cb99a5cf108', 'Speaker Ready', 475.0) on conflict (id) do update set role_name = excluded.role_name, rate = excluded.rate;
insert into public.crew (id, name, city_pool_id, group_name, tier, phone, email, other_city, ob, notes, description) values ('499dc27a-c3e3-5603-bd23-50549a1a2e42', 'Joe Ashton', 'd2808c14-edba-5a3b-9a4d-5f15e1a5c2a7', 'Ungrouped', null, '504-881-9208', 'joe@alauris.com', null, true, 'Imported rate text: $400-$500 | Raw location: OB New Orleans', 'Roland switchers. analog and Digital.') on conflict (id) do update set name = excluded.name, city_pool_id = excluded.city_pool_id, tier = excluded.tier, phone = excluded.phone, email = excluded.email, other_city = excluded.other_city, ob = excluded.ob, notes = excluded.notes, description = excluded.description;
insert into public.crew_positions (id, crew_id, role_name, rate) values ('8966fc49-8f6b-5e6b-91f2-1ec3e6136a77', '499dc27a-c3e3-5603-bd23-50549a1a2e42', 'A1-Audio Engineer', 450.0) on conflict (id) do update set role_name = excluded.role_name, rate = excluded.rate;
insert into public.crew_positions (id, crew_id, role_name, rate) values ('b9099561-823a-52c1-ba84-f2646462c590', '499dc27a-c3e3-5603-bd23-50549a1a2e42', 'A2-Audio Assist', 450.0) on conflict (id) do update set role_name = excluded.role_name, rate = excluded.rate;
insert into public.crew_positions (id, crew_id, role_name, rate) values ('ae3ac329-d7b7-5034-b595-a3deb2dfc08c', '499dc27a-c3e3-5603-bd23-50549a1a2e42', 'General AV', 450.0) on conflict (id) do update set role_name = excluded.role_name, rate = excluded.rate;
insert into public.crew_positions (id, crew_id, role_name, rate) values ('f1b84a34-710b-5f47-abbd-3ab9d2934e08', '499dc27a-c3e3-5603-bd23-50549a1a2e42', 'Breakout Operator', 450.0) on conflict (id) do update set role_name = excluded.role_name, rate = excluded.rate;
insert into public.crew_positions (id, crew_id, role_name, rate) values ('b6971eab-74e9-55a8-b52d-a8511fc4359d', '499dc27a-c3e3-5603-bd23-50549a1a2e42', 'LED Assist', 450.0) on conflict (id) do update set role_name = excluded.role_name, rate = excluded.rate;
insert into public.crew_positions (id, crew_id, role_name, rate) values ('a1496a83-7223-505b-9566-5d061e46ada1', '499dc27a-c3e3-5603-bd23-50549a1a2e42', 'LD-Lighting Designer', 450.0) on conflict (id) do update set role_name = excluded.role_name, rate = excluded.rate;
insert into public.crew_positions (id, crew_id, role_name, rate) values ('5f93bb5f-ec82-5768-8d5a-e0eec0f738f3', '499dc27a-c3e3-5603-bd23-50549a1a2e42', 'Speaker Ready', 450.0) on conflict (id) do update set role_name = excluded.role_name, rate = excluded.rate;
insert into public.crew (id, name, city_pool_id, group_name, tier, phone, email, other_city, ob, notes, description) values ('73a49c0d-0dc7-5481-aee2-8902ad399368', 'John McCloskey', 'd2808c14-edba-5a3b-9a4d-5f15e1a5c2a7', 'Ungrouped', '2ABC', '(504) 388-9411', 'Jjmccloskey79@gmail.com', null, false, 'Imported rate text: $350-$650 | Raw location: New Orleans', 'Roland V series, analog way, atem. analog and digital') on conflict (id) do update set name = excluded.name, city_pool_id = excluded.city_pool_id, tier = excluded.tier, phone = excluded.phone, email = excluded.email, other_city = excluded.other_city, ob = excluded.ob, notes = excluded.notes, description = excluded.description;
insert into public.crew_positions (id, crew_id, role_name, rate) values ('5350b667-e4eb-5984-bb43-10655c78b78a', '73a49c0d-0dc7-5481-aee2-8902ad399368', 'General AV', 500.0) on conflict (id) do update set role_name = excluded.role_name, rate = excluded.rate;
insert into public.crew_positions (id, crew_id, role_name, rate) values ('2faa062d-d89c-55ef-997c-8af163c188e3', '73a49c0d-0dc7-5481-aee2-8902ad399368', 'Breakout Operator', 500.0) on conflict (id) do update set role_name = excluded.role_name, rate = excluded.rate;
insert into public.crew_positions (id, crew_id, role_name, rate) values ('f4b59daa-a592-56d4-97e1-3d6bf9fb7aa8', '73a49c0d-0dc7-5481-aee2-8902ad399368', 'LED Assist', 500.0) on conflict (id) do update set role_name = excluded.role_name, rate = excluded.rate;
insert into public.crew_positions (id, crew_id, role_name, rate) values ('bbeb6cdf-8ea4-58ed-9960-fb7237e8d93a', '73a49c0d-0dc7-5481-aee2-8902ad399368', 'V2-Video Assist', 500.0) on conflict (id) do update set role_name = excluded.role_name, rate = excluded.rate;
insert into public.crew_positions (id, crew_id, role_name, rate) values ('6fab13d8-6daf-5d49-a7cb-40b96cb343c6', '73a49c0d-0dc7-5481-aee2-8902ad399368', 'Crew Lead', 500.0) on conflict (id) do update set role_name = excluded.role_name, rate = excluded.rate;
insert into public.crew_positions (id, crew_id, role_name, rate) values ('7585e6c1-d938-5512-b1aa-0bde815ba3ac', '73a49c0d-0dc7-5481-aee2-8902ad399368', 'Speaker Ready', 500.0) on conflict (id) do update set role_name = excluded.role_name, rate = excluded.rate;
insert into public.crew (id, name, city_pool_id, group_name, tier, phone, email, other_city, ob, notes, description) values ('db7771e7-0a47-5cce-9944-f16318d78e8a', 'Miles "Sonny" Odle *', 'd2808c14-edba-5a3b-9a4d-5f15e1a5c2a7', 'Ungrouped', '1ABC', '7065947922', 'Sonnyodle@gmail.com', null, false, 'Imported rate text: $450-$650+ | Raw location: sent', null) on conflict (id) do update set name = excluded.name, city_pool_id = excluded.city_pool_id, tier = excluded.tier, phone = excluded.phone, email = excluded.email, other_city = excluded.other_city, ob = excluded.ob, notes = excluded.notes, description = excluded.description;
insert into public.crew_positions (id, crew_id, role_name, rate) values ('03b84f73-6ea7-5345-a708-589a8301b392', 'db7771e7-0a47-5cce-9944-f16318d78e8a', 'LED Assist', 550.0) on conflict (id) do update set role_name = excluded.role_name, rate = excluded.rate;
insert into public.crew_positions (id, crew_id, role_name, rate) values ('adfad9fb-9b21-5049-a210-1dbe8f1f179c', 'db7771e7-0a47-5cce-9944-f16318d78e8a', 'Breakout Operator', 550.0) on conflict (id) do update set role_name = excluded.role_name, rate = excluded.rate;
insert into public.crew (id, name, city_pool_id, group_name, tier, phone, email, other_city, ob, notes, description) values ('572613ae-3e37-50b3-a9ee-0264c88529aa', 'Justin Tatum', 'd2808c14-edba-5a3b-9a4d-5f15e1a5c2a7', 'Ungrouped', '2ABC', '504-982-4662', 'justintatumav@gmail.com', null, false, 'Imported rate text: $500-$600 | Raw location: sent New Orleans', 'Roland,Black Magic, Analog wayAscender, E2. analog and digital') on conflict (id) do update set name = excluded.name, city_pool_id = excluded.city_pool_id, tier = excluded.tier, phone = excluded.phone, email = excluded.email, other_city = excluded.other_city, ob = excluded.ob, notes = excluded.notes, description = excluded.description;
insert into public.crew_positions (id, crew_id, role_name, rate) values ('aedb4a55-d70c-5d93-9c89-22ab8076bfdb', '572613ae-3e37-50b3-a9ee-0264c88529aa', 'A1-Audio Engineer', 550.0) on conflict (id) do update set role_name = excluded.role_name, rate = excluded.rate;
insert into public.crew_positions (id, crew_id, role_name, rate) values ('a404ece1-78dc-5128-aa0d-5cbc768193a9', '572613ae-3e37-50b3-a9ee-0264c88529aa', 'V1-Lead Video Engineer', 550.0) on conflict (id) do update set role_name = excluded.role_name, rate = excluded.rate;
insert into public.crew_positions (id, crew_id, role_name, rate) values ('88c508f3-1870-5e02-9b98-fb4bd597f754', '572613ae-3e37-50b3-a9ee-0264c88529aa', 'Breakout Operator', 550.0) on conflict (id) do update set role_name = excluded.role_name, rate = excluded.rate;
insert into public.crew_positions (id, crew_id, role_name, rate) values ('7d38909e-749c-512d-a15c-373c6075a6d2', '572613ae-3e37-50b3-a9ee-0264c88529aa', 'Speaker Ready', 550.0) on conflict (id) do update set role_name = excluded.role_name, rate = excluded.rate;
insert into public.crew (id, name, city_pool_id, group_name, tier, phone, email, other_city, ob, notes, description) values ('860b60cf-af3b-5319-8fd5-f679efc8d6fe', 'Mark Black', 'd2808c14-edba-5a3b-9a4d-5f15e1a5c2a7', 'Ungrouped', '2', null, 'markblackaudio@gmail.com', null, false, 'Imported rate text: $400-$500', null) on conflict (id) do update set name = excluded.name, city_pool_id = excluded.city_pool_id, tier = excluded.tier, phone = excluded.phone, email = excluded.email, other_city = excluded.other_city, ob = excluded.ob, notes = excluded.notes, description = excluded.description;
insert into public.crew_positions (id, crew_id, role_name, rate) values ('bbbefe4e-29fc-5d01-8fb0-8f973d55cf71', '860b60cf-af3b-5319-8fd5-f679efc8d6fe', 'A1-Audio Engineer', 450.0) on conflict (id) do update set role_name = excluded.role_name, rate = excluded.rate;
insert into public.crew_positions (id, crew_id, role_name, rate) values ('4d35a302-bef0-5654-815c-851c1373d2f4', '860b60cf-af3b-5319-8fd5-f679efc8d6fe', 'A2-Audio Assist', 450.0) on conflict (id) do update set role_name = excluded.role_name, rate = excluded.rate;
insert into public.crew_positions (id, crew_id, role_name, rate) values ('7930584b-8a36-57b7-9bb5-039811380bf5', '860b60cf-af3b-5319-8fd5-f679efc8d6fe', 'General AV', 450.0) on conflict (id) do update set role_name = excluded.role_name, rate = excluded.rate;
insert into public.crew (id, name, city_pool_id, group_name, tier, phone, email, other_city, ob, notes, description) values ('d9778424-ec73-5561-999c-eb2d6daa7b3c', 'John Moore', 'd2808c14-edba-5a3b-9a4d-5f15e1a5c2a7', 'Ungrouped', null, '504-810-6601', 'Johnl.moore59@gmail.com', null, false, 'Imported rate text: $575-$850 | Raw location: sent', null) on conflict (id) do update set name = excluded.name, city_pool_id = excluded.city_pool_id, tier = excluded.tier, phone = excluded.phone, email = excluded.email, other_city = excluded.other_city, ob = excluded.ob, notes = excluded.notes, description = excluded.description;
insert into public.crew_positions (id, crew_id, role_name, rate) values ('495cf1fc-9bb6-5097-b1c2-99f4d0249df5', 'd9778424-ec73-5561-999c-eb2d6daa7b3c', 'V1-Lead Video Engineer', 712.5) on conflict (id) do update set role_name = excluded.role_name, rate = excluded.rate;
insert into public.crew_positions (id, crew_id, role_name, rate) values ('b2567467-5816-53db-aec4-38f1117f4ca5', 'd9778424-ec73-5561-999c-eb2d6daa7b3c', 'A1-Audio Engineer', 712.5) on conflict (id) do update set role_name = excluded.role_name, rate = excluded.rate;
insert into public.crew_positions (id, crew_id, role_name, rate) values ('a35c059b-4e1e-5345-a466-910a703bc2ac', 'd9778424-ec73-5561-999c-eb2d6daa7b3c', 'Camera Operator', 712.5) on conflict (id) do update set role_name = excluded.role_name, rate = excluded.rate;
insert into public.crew (id, name, city_pool_id, group_name, tier, phone, email, other_city, ob, notes, description) values ('a52bb77e-203c-5272-88df-a78d31562d9b', 'Merle Toney', 'd2808c14-edba-5a3b-9a4d-5f15e1a5c2a7', 'Ungrouped', '1ABC', '5047089151', 'Merle679@gmail.com', null, false, 'Imported rate text: $350-$500 | Raw location: sent', null) on conflict (id) do update set name = excluded.name, city_pool_id = excluded.city_pool_id, tier = excluded.tier, phone = excluded.phone, email = excluded.email, other_city = excluded.other_city, ob = excluded.ob, notes = excluded.notes, description = excluded.description;
insert into public.crew_positions (id, crew_id, role_name, rate) values ('3a41be6f-d749-5c51-87ed-70cf5e5996c6', 'a52bb77e-203c-5272-88df-a78d31562d9b', 'Camera Operator', 425.0) on conflict (id) do update set role_name = excluded.role_name, rate = excluded.rate;
insert into public.crew_positions (id, crew_id, role_name, rate) values ('b57a08e9-f645-5581-b2fa-5356b3acff7e', 'a52bb77e-203c-5272-88df-a78d31562d9b', 'Breakout Operator', 425.0) on conflict (id) do update set role_name = excluded.role_name, rate = excluded.rate;
insert into public.crew_positions (id, crew_id, role_name, rate) values ('ebfa991d-aa6c-5782-82f0-abd56da8ccc6', 'a52bb77e-203c-5272-88df-a78d31562d9b', 'V1-Lead Video Engineer', 425.0) on conflict (id) do update set role_name = excluded.role_name, rate = excluded.rate;
insert into public.crew_positions (id, crew_id, role_name, rate) values ('0261978b-b734-5adf-ad53-01786a3ae7ee', 'a52bb77e-203c-5272-88df-a78d31562d9b', 'L2-Lighting Assist', 425.0) on conflict (id) do update set role_name = excluded.role_name, rate = excluded.rate;
insert into public.crew_positions (id, crew_id, role_name, rate) values ('2d94e3ba-7767-5c51-9c41-022e2b447819', 'a52bb77e-203c-5272-88df-a78d31562d9b', 'LED Assist', 425.0) on conflict (id) do update set role_name = excluded.role_name, rate = excluded.rate;
insert into public.crew (id, name, city_pool_id, group_name, tier, phone, email, other_city, ob, notes, description) values ('9bf4dbb0-9405-559c-afd7-83a586eb8f83', 'Lance Rutledge', 'd2808c14-edba-5a3b-9a4d-5f15e1a5c2a7', 'Ungrouped', '2ABC', '631-671-5436', 'Glassworkproductions@gmail.com', null, false, 'Imported rate text: $350-$600 | Raw location: sent', null) on conflict (id) do update set name = excluded.name, city_pool_id = excluded.city_pool_id, tier = excluded.tier, phone = excluded.phone, email = excluded.email, other_city = excluded.other_city, ob = excluded.ob, notes = excluded.notes, description = excluded.description;
insert into public.crew_positions (id, crew_id, role_name, rate) values ('44a9a1d0-db12-5598-b04e-73de303db4ba', '9bf4dbb0-9405-559c-afd7-83a586eb8f83', 'V1-Lead Video Engineer', 475.0) on conflict (id) do update set role_name = excluded.role_name, rate = excluded.rate;
insert into public.crew_positions (id, crew_id, role_name, rate) values ('214ca739-1129-51ad-b2d6-2fcc5a737f41', '9bf4dbb0-9405-559c-afd7-83a586eb8f83', 'Camera Operator', 475.0) on conflict (id) do update set role_name = excluded.role_name, rate = excluded.rate;
insert into public.crew_positions (id, crew_id, role_name, rate) values ('22aed777-2f26-58ad-a6d4-ae40f3c8693d', '9bf4dbb0-9405-559c-afd7-83a586eb8f83', 'LED Assist', 475.0) on conflict (id) do update set role_name = excluded.role_name, rate = excluded.rate;
insert into public.crew (id, name, city_pool_id, group_name, tier, phone, email, other_city, ob, notes, description) values ('b5b03d95-b7ed-569d-aa69-32c0cfffd971', 'Alex Macat', 'd2808c14-edba-5a3b-9a4d-5f15e1a5c2a7', 'Ungrouped', '1ABC', '8183099279', 'Alexmacat11@gmail.com', null, false, 'Imported rate text: $400-$500 | Raw location: sent', 'roland v series, atem,panosonics AVHS, Barcos') on conflict (id) do update set name = excluded.name, city_pool_id = excluded.city_pool_id, tier = excluded.tier, phone = excluded.phone, email = excluded.email, other_city = excluded.other_city, ob = excluded.ob, notes = excluded.notes, description = excluded.description;
insert into public.crew_positions (id, crew_id, role_name, rate) values ('8d5f9eb4-8919-5b4f-99a3-db51cd54984d', 'b5b03d95-b7ed-569d-aa69-32c0cfffd971', 'General AV', 450.0) on conflict (id) do update set role_name = excluded.role_name, rate = excluded.rate;
insert into public.crew_positions (id, crew_id, role_name, rate) values ('df0bc6ba-4755-52ee-bfeb-8714d029a29d', 'b5b03d95-b7ed-569d-aa69-32c0cfffd971', 'V1-Lead Video Engineer', 450.0) on conflict (id) do update set role_name = excluded.role_name, rate = excluded.rate;
insert into public.crew_positions (id, crew_id, role_name, rate) values ('6f644f0d-949d-50d4-a990-56772c86ced3', 'b5b03d95-b7ed-569d-aa69-32c0cfffd971', 'L2-Lighting Assist', 450.0) on conflict (id) do update set role_name = excluded.role_name, rate = excluded.rate;
insert into public.crew_positions (id, crew_id, role_name, rate) values ('ada7305a-cd2e-5411-803b-ee43c7731ad6', 'b5b03d95-b7ed-569d-aa69-32c0cfffd971', 'Speaker Ready', 450.0) on conflict (id) do update set role_name = excluded.role_name, rate = excluded.rate;
insert into public.crew (id, name, city_pool_id, group_name, tier, phone, email, other_city, ob, notes, description) values ('72d5b434-c4c1-5ad7-8309-54dcff7aff39', 'Christian Betts', 'd2808c14-edba-5a3b-9a4d-5f15e1a5c2a7', 'Ungrouped', '1BC', '513-375-3049', 'christianabetts@gmail.com', null, true, 'Imported rate text: $400-$650 | Raw location: OB New Orleans', 'ATEM Constellation, Roland V series, Epiphan Pearl, Aja Kipro and Kumo, PDS, Quickvu, image pro. analog or digital Audio') on conflict (id) do update set name = excluded.name, city_pool_id = excluded.city_pool_id, tier = excluded.tier, phone = excluded.phone, email = excluded.email, other_city = excluded.other_city, ob = excluded.ob, notes = excluded.notes, description = excluded.description;
insert into public.crew_positions (id, crew_id, role_name, rate) values ('7309c25a-042c-5424-a0f9-b7590dea68cf', '72d5b434-c4c1-5ad7-8309-54dcff7aff39', 'V1-Lead Video Engineer', 525.0) on conflict (id) do update set role_name = excluded.role_name, rate = excluded.rate;
insert into public.crew_positions (id, crew_id, role_name, rate) values ('6b8d65a6-fd59-5ba8-b964-cd0ad16134e9', '72d5b434-c4c1-5ad7-8309-54dcff7aff39', 'V2-Video Assist', 525.0) on conflict (id) do update set role_name = excluded.role_name, rate = excluded.rate;
insert into public.crew_positions (id, crew_id, role_name, rate) values ('517e5f77-65c5-572a-9aa2-fff86bdeef90', '72d5b434-c4c1-5ad7-8309-54dcff7aff39', 'Breakout Operator', 525.0) on conflict (id) do update set role_name = excluded.role_name, rate = excluded.rate;
insert into public.crew_positions (id, crew_id, role_name, rate) values ('c3c041b9-e1ff-5cba-ac97-7e41566eeccf', '72d5b434-c4c1-5ad7-8309-54dcff7aff39', 'Speaker Ready', 525.0) on conflict (id) do update set role_name = excluded.role_name, rate = excluded.rate;
insert into public.crew (id, name, city_pool_id, group_name, tier, phone, email, other_city, ob, notes, description) values ('55f54f46-fa7e-52a5-8dc9-9e1528404971', 'Chris Arruebarena', 'd2808c14-edba-5a3b-9a4d-5f15e1a5c2a7', 'Ungrouped', '2ABC', '5046210822', 'carrueba@gmail.com', null, false, 'Imported rate text: $400-$525 | Raw location: sent', null) on conflict (id) do update set name = excluded.name, city_pool_id = excluded.city_pool_id, tier = excluded.tier, phone = excluded.phone, email = excluded.email, other_city = excluded.other_city, ob = excluded.ob, notes = excluded.notes, description = excluded.description;
insert into public.crew_positions (id, crew_id, role_name, rate) values ('12c9f1bc-e6ee-5ab4-a650-f5a0efd34d0f', '55f54f46-fa7e-52a5-8dc9-9e1528404971', 'V1-Lead Video Engineer', 462.5) on conflict (id) do update set role_name = excluded.role_name, rate = excluded.rate;
insert into public.crew_positions (id, crew_id, role_name, rate) values ('a7b9b08d-4c48-525e-939a-6054d0ad7f72', '55f54f46-fa7e-52a5-8dc9-9e1528404971', 'V2-Video Assist', 462.5) on conflict (id) do update set role_name = excluded.role_name, rate = excluded.rate;
insert into public.crew_positions (id, crew_id, role_name, rate) values ('8fb311ab-e7e2-5744-b2ab-321ed60b576f', '55f54f46-fa7e-52a5-8dc9-9e1528404971', 'A2-Audio Assist', 462.5) on conflict (id) do update set role_name = excluded.role_name, rate = excluded.rate;
insert into public.crew_positions (id, crew_id, role_name, rate) values ('06ebee18-70fb-5277-b13e-37ceeade45b3', '55f54f46-fa7e-52a5-8dc9-9e1528404971', 'L2-Lighting Assist', 462.5) on conflict (id) do update set role_name = excluded.role_name, rate = excluded.rate;
insert into public.crew (id, name, city_pool_id, group_name, tier, phone, email, other_city, ob, notes, description) values ('c0ecf0b5-1817-5df6-9920-2e2e18e57cb3', 'Phillip Reason', 'd2808c14-edba-5a3b-9a4d-5f15e1a5c2a7', 'Ungrouped', '3ABC (freeman)', '504-518-1972', 'preason@intisive.com', null, false, 'Imported rate text: $450-$550 | Raw location: sent', null) on conflict (id) do update set name = excluded.name, city_pool_id = excluded.city_pool_id, tier = excluded.tier, phone = excluded.phone, email = excluded.email, other_city = excluded.other_city, ob = excluded.ob, notes = excluded.notes, description = excluded.description;
insert into public.crew_positions (id, crew_id, role_name, rate) values ('04a0cd8a-28ba-5ec5-bd7b-fb1a77138862', 'c0ecf0b5-1817-5df6-9920-2e2e18e57cb3', 'Breakout Operator', 500.0) on conflict (id) do update set role_name = excluded.role_name, rate = excluded.rate;
insert into public.crew_positions (id, crew_id, role_name, rate) values ('f0b04af0-9559-52b3-a45c-8d27bcf9e462', 'c0ecf0b5-1817-5df6-9920-2e2e18e57cb3', 'Speaker Ready', 500.0) on conflict (id) do update set role_name = excluded.role_name, rate = excluded.rate;
insert into public.crew (id, name, city_pool_id, group_name, tier, phone, email, other_city, ob, notes, description) values ('b772e733-5c7a-517a-8f84-18644f8fdc1b', 'Robert Cowart', 'd2808c14-edba-5a3b-9a4d-5f15e1a5c2a7', 'Ungrouped', '3ABC', '504 994 5729', 'buzz360@netzero.com', null, false, 'Imported rate text: $350', null) on conflict (id) do update set name = excluded.name, city_pool_id = excluded.city_pool_id, tier = excluded.tier, phone = excluded.phone, email = excluded.email, other_city = excluded.other_city, ob = excluded.ob, notes = excluded.notes, description = excluded.description;
insert into public.crew_positions (id, crew_id, role_name, rate) values ('4aa489f1-de83-5787-b9d8-9703f1d9b97e', 'b772e733-5c7a-517a-8f84-18644f8fdc1b', 'General AV', 350.0) on conflict (id) do update set role_name = excluded.role_name, rate = excluded.rate;
insert into public.crew (id, name, city_pool_id, group_name, tier, phone, email, other_city, ob, notes, description) values ('e27e0434-2e64-5bc0-b334-15064d2c4d25', 'Shawn Sanchez', 'd2808c14-edba-5a3b-9a4d-5f15e1a5c2a7', 'Ungrouped', '2ABC', '504-662-4820', 'sanzcorpmgmt@gmail.com', null, false, 'Imported rate text: $500-$750', 'PM, Lead, BO Op') on conflict (id) do update set name = excluded.name, city_pool_id = excluded.city_pool_id, tier = excluded.tier, phone = excluded.phone, email = excluded.email, other_city = excluded.other_city, ob = excluded.ob, notes = excluded.notes, description = excluded.description;
insert into public.crew_positions (id, crew_id, role_name, rate) values ('6950e193-b90c-59db-af7e-43f61015e6a4', 'e27e0434-2e64-5bc0-b334-15064d2c4d25', 'Breakout Operator', 625.0) on conflict (id) do update set role_name = excluded.role_name, rate = excluded.rate;
insert into public.crew_positions (id, crew_id, role_name, rate) values ('1e1bb233-98ba-5a40-a715-84f35121d710', 'e27e0434-2e64-5bc0-b334-15064d2c4d25', 'A2-Audio Assist', 625.0) on conflict (id) do update set role_name = excluded.role_name, rate = excluded.rate;
insert into public.crew_positions (id, crew_id, role_name, rate) values ('21846852-ad51-59c8-baa4-3d17d54f3fc7', 'e27e0434-2e64-5bc0-b334-15064d2c4d25', 'V2-Video Assist', 625.0) on conflict (id) do update set role_name = excluded.role_name, rate = excluded.rate;
insert into public.crew_positions (id, crew_id, role_name, rate) values ('a0ac3876-9f94-5dbb-9451-e6b4e561d9d7', 'e27e0434-2e64-5bc0-b334-15064d2c4d25', 'L2-Lighting Assist', 625.0) on conflict (id) do update set role_name = excluded.role_name, rate = excluded.rate;
insert into public.crew_positions (id, crew_id, role_name, rate) values ('077082dd-26e3-55e3-ae4b-95d4be121b9b', 'e27e0434-2e64-5bc0-b334-15064d2c4d25', 'LED Assist', 625.0) on conflict (id) do update set role_name = excluded.role_name, rate = excluded.rate;
insert into public.crew (id, name, city_pool_id, group_name, tier, phone, email, other_city, ob, notes, description) values ('aaae7a23-520c-5904-bcef-2151ad521ebf', 'Jeremy Piper', 'd2808c14-edba-5a3b-9a4d-5f15e1a5c2a7', 'Ungrouped', '2ABC', '504-407-4767', 'Jeremypiper16@gmail.com', null, true, 'Imported rate text: $350-$500 | Raw location: OB New Orleans', 'roland, atem') on conflict (id) do update set name = excluded.name, city_pool_id = excluded.city_pool_id, tier = excluded.tier, phone = excluded.phone, email = excluded.email, other_city = excluded.other_city, ob = excluded.ob, notes = excluded.notes, description = excluded.description;
insert into public.crew_positions (id, crew_id, role_name, rate) values ('9e0dc207-50e8-565a-9435-16c61c9989e2', 'aaae7a23-520c-5904-bcef-2151ad521ebf', 'General AV', 425.0) on conflict (id) do update set role_name = excluded.role_name, rate = excluded.rate;
insert into public.crew_positions (id, crew_id, role_name, rate) values ('ad9913d7-88e0-5cdf-b07d-a67f06331c80', 'aaae7a23-520c-5904-bcef-2151ad521ebf', 'Breakout Operator', 425.0) on conflict (id) do update set role_name = excluded.role_name, rate = excluded.rate;
insert into public.crew_positions (id, crew_id, role_name, rate) values ('96325000-8876-5b48-ab3f-c8f30a9ae122', 'aaae7a23-520c-5904-bcef-2151ad521ebf', 'V2-Video Assist', 425.0) on conflict (id) do update set role_name = excluded.role_name, rate = excluded.rate;
insert into public.crew_positions (id, crew_id, role_name, rate) values ('78b49766-61a0-5fb1-b05f-4f8de76bca14', 'aaae7a23-520c-5904-bcef-2151ad521ebf', 'LED Assist', 425.0) on conflict (id) do update set role_name = excluded.role_name, rate = excluded.rate;
insert into public.crew_positions (id, crew_id, role_name, rate) values ('0f600f02-e300-5c75-b608-28561abb9921', 'aaae7a23-520c-5904-bcef-2151ad521ebf', 'Speaker Ready', 425.0) on conflict (id) do update set role_name = excluded.role_name, rate = excluded.rate;
insert into public.crew (id, name, city_pool_id, group_name, tier, phone, email, other_city, ob, notes, description) values ('844e90cd-bb85-5726-9dc4-898f9895ddf6', 'Todd Mathers', 'd2808c14-edba-5a3b-9a4d-5f15e1a5c2a7', 'Ungrouped', '2ABC', '2515811136', 'todd.c.mathers13@gmail.com', null, true, 'Imported rate text: $350-$450 | Raw location: OB New Orleans', 'V- Roland, Atem, Barco, Analog Way, A- Analog or digital') on conflict (id) do update set name = excluded.name, city_pool_id = excluded.city_pool_id, tier = excluded.tier, phone = excluded.phone, email = excluded.email, other_city = excluded.other_city, ob = excluded.ob, notes = excluded.notes, description = excluded.description;
insert into public.crew_positions (id, crew_id, role_name, rate) values ('ed0c5ab2-d2d7-5013-9263-581866fd6ac4', '844e90cd-bb85-5726-9dc4-898f9895ddf6', 'General AV', 400.0) on conflict (id) do update set role_name = excluded.role_name, rate = excluded.rate;
insert into public.crew_positions (id, crew_id, role_name, rate) values ('cef7ebe1-7b86-578b-85df-63c2faa7d574', '844e90cd-bb85-5726-9dc4-898f9895ddf6', 'Breakout Operator', 400.0) on conflict (id) do update set role_name = excluded.role_name, rate = excluded.rate;
insert into public.crew_positions (id, crew_id, role_name, rate) values ('bbf0db3f-a294-53fa-bb37-104874959da9', '844e90cd-bb85-5726-9dc4-898f9895ddf6', 'V2-Video Assist', 400.0) on conflict (id) do update set role_name = excluded.role_name, rate = excluded.rate;
insert into public.crew_positions (id, crew_id, role_name, rate) values ('b7de20d6-57a1-538e-8afe-447517a68d15', '844e90cd-bb85-5726-9dc4-898f9895ddf6', 'A2-Audio Assist', 400.0) on conflict (id) do update set role_name = excluded.role_name, rate = excluded.rate;
insert into public.crew_positions (id, crew_id, role_name, rate) values ('486f15ec-12a9-5749-957b-f1c3fc6a833b', '844e90cd-bb85-5726-9dc4-898f9895ddf6', 'LED Assist', 400.0) on conflict (id) do update set role_name = excluded.role_name, rate = excluded.rate;
insert into public.crew_positions (id, crew_id, role_name, rate) values ('010221c5-6283-580c-b469-b2e6f2d9b9d6', '844e90cd-bb85-5726-9dc4-898f9895ddf6', 'Speaker Ready', 400.0) on conflict (id) do update set role_name = excluded.role_name, rate = excluded.rate;
insert into public.crew (id, name, city_pool_id, group_name, tier, phone, email, other_city, ob, notes, description) values ('707292a8-f558-5ed5-8464-0ec56387a344', 'Jamal Wallce', 'd2808c14-edba-5a3b-9a4d-5f15e1a5c2a7', 'Ungrouped', '3ABC', '504-413-410', 'jamalmwallace@yahoo.com', null, true, 'Imported rate text: $350-$450 | Raw location: OB New Orleans', 'analog, and digital. video switcher Roland v160') on conflict (id) do update set name = excluded.name, city_pool_id = excluded.city_pool_id, tier = excluded.tier, phone = excluded.phone, email = excluded.email, other_city = excluded.other_city, ob = excluded.ob, notes = excluded.notes, description = excluded.description;
insert into public.crew_positions (id, crew_id, role_name, rate) values ('04609060-ba14-571d-a592-9750b59104fb', '707292a8-f558-5ed5-8464-0ec56387a344', 'General AV', 400.0) on conflict (id) do update set role_name = excluded.role_name, rate = excluded.rate;
insert into public.crew_positions (id, crew_id, role_name, rate) values ('29294261-3ebc-59c6-8c55-da69befc620e', '707292a8-f558-5ed5-8464-0ec56387a344', 'Breakout Operator', 400.0) on conflict (id) do update set role_name = excluded.role_name, rate = excluded.rate;
insert into public.crew_positions (id, crew_id, role_name, rate) values ('a935fbf0-6d31-50c7-a5c8-a07938ab5594', '707292a8-f558-5ed5-8464-0ec56387a344', 'L2-Lighting Assist', 400.0) on conflict (id) do update set role_name = excluded.role_name, rate = excluded.rate;
insert into public.crew_positions (id, crew_id, role_name, rate) values ('552742ab-525d-54ec-b752-1400e690f4e7', '707292a8-f558-5ed5-8464-0ec56387a344', 'LED Assist', 400.0) on conflict (id) do update set role_name = excluded.role_name, rate = excluded.rate;
insert into public.crew_positions (id, crew_id, role_name, rate) values ('5a5e2ff6-001b-5145-9008-feb774901013', '707292a8-f558-5ed5-8464-0ec56387a344', 'Speaker Ready', 400.0) on conflict (id) do update set role_name = excluded.role_name, rate = excluded.rate;
insert into public.crew (id, name, city_pool_id, group_name, tier, phone, email, other_city, ob, notes, description) values ('d591d52a-7875-5163-b8ca-d2112d3374c3', 'X of Earth', 'd2808c14-edba-5a3b-9a4d-5f15e1a5c2a7', 'Ungrouped', '2ABC', '504-607-3062', 'xofearth@gmail.com', null, false, 'Imported rate text: $350-$400', null) on conflict (id) do update set name = excluded.name, city_pool_id = excluded.city_pool_id, tier = excluded.tier, phone = excluded.phone, email = excluded.email, other_city = excluded.other_city, ob = excluded.ob, notes = excluded.notes, description = excluded.description;
insert into public.crew_positions (id, crew_id, role_name, rate) values ('c21f3cfd-e9c5-509a-840d-2f74de62fb7f', 'd591d52a-7875-5163-b8ca-d2112d3374c3', 'Breakout Operator', 375.0) on conflict (id) do update set role_name = excluded.role_name, rate = excluded.rate;
insert into public.crew_positions (id, crew_id, role_name, rate) values ('ac1f0056-3814-599b-9b04-a2ee91b1133e', 'd591d52a-7875-5163-b8ca-d2112d3374c3', 'A2-Audio Assist', 375.0) on conflict (id) do update set role_name = excluded.role_name, rate = excluded.rate;
insert into public.crew_positions (id, crew_id, role_name, rate) values ('1d1fc2e6-0e94-5969-b60e-4046a6cd2e62', 'd591d52a-7875-5163-b8ca-d2112d3374c3', 'V2-Video Assist', 375.0) on conflict (id) do update set role_name = excluded.role_name, rate = excluded.rate;
insert into public.crew_positions (id, crew_id, role_name, rate) values ('941da134-3392-5b6d-bd2a-ca1d89ecc6eb', 'd591d52a-7875-5163-b8ca-d2112d3374c3', 'General AV', 375.0) on conflict (id) do update set role_name = excluded.role_name, rate = excluded.rate;
insert into public.crew (id, name, city_pool_id, group_name, tier, phone, email, other_city, ob, notes, description) values ('d7d2714f-ab80-5833-a609-f983bb449e39', 'Nick DiNitale', 'd2808c14-edba-5a3b-9a4d-5f15e1a5c2a7', 'Ungrouped', '2ABC?', '5042206910', 'ndinatale@gmail.com', null, false, 'Imported rate text: $600-$700 | Raw location: sent', null) on conflict (id) do update set name = excluded.name, city_pool_id = excluded.city_pool_id, tier = excluded.tier, phone = excluded.phone, email = excluded.email, other_city = excluded.other_city, ob = excluded.ob, notes = excluded.notes, description = excluded.description;
insert into public.crew_positions (id, crew_id, role_name, rate) values ('2d68abaa-a2b2-502f-acc4-ae121637ec1f', 'd7d2714f-ab80-5833-a609-f983bb449e39', 'V2-Video Assist', 650.0) on conflict (id) do update set role_name = excluded.role_name, rate = excluded.rate;
insert into public.crew_positions (id, crew_id, role_name, rate) values ('114cba2d-e66e-58ce-96cd-865a776480a7', 'd7d2714f-ab80-5833-a609-f983bb449e39', 'General AV', 650.0) on conflict (id) do update set role_name = excluded.role_name, rate = excluded.rate;
insert into public.crew_positions (id, crew_id, role_name, rate) values ('785fd38b-921d-55df-a302-9f7146e43d82', 'd7d2714f-ab80-5833-a609-f983bb449e39', 'Breakout Operator', 650.0) on conflict (id) do update set role_name = excluded.role_name, rate = excluded.rate;
insert into public.crew (id, name, city_pool_id, group_name, tier, phone, email, other_city, ob, notes, description) values ('bd82b7ff-e27d-524e-b54f-a8e1d5054c3f', 'Brittany Piatz', 'd2808c14-edba-5a3b-9a4d-5f15e1a5c2a7', 'Ungrouped', '3ABC', '763-447-1558', 'britaniarose@pm.me', null, false, 'Imported rate text: $350-$450 | Raw location: sent New Orleans', 'Gav, analog audio mixer') on conflict (id) do update set name = excluded.name, city_pool_id = excluded.city_pool_id, tier = excluded.tier, phone = excluded.phone, email = excluded.email, other_city = excluded.other_city, ob = excluded.ob, notes = excluded.notes, description = excluded.description;
insert into public.crew_positions (id, crew_id, role_name, rate) values ('18146546-1db7-58bb-ad22-b98f34fd35b5', 'bd82b7ff-e27d-524e-b54f-a8e1d5054c3f', 'Breakout Operator', 400.0) on conflict (id) do update set role_name = excluded.role_name, rate = excluded.rate;
insert into public.crew_positions (id, crew_id, role_name, rate) values ('c1eba481-8ea2-55c2-b75e-44d4c771c137', 'bd82b7ff-e27d-524e-b54f-a8e1d5054c3f', 'A2-Audio Assist', 400.0) on conflict (id) do update set role_name = excluded.role_name, rate = excluded.rate;
insert into public.crew_positions (id, crew_id, role_name, rate) values ('e414855a-730d-579a-9a71-709d6ca325a4', 'bd82b7ff-e27d-524e-b54f-a8e1d5054c3f', 'General AV', 400.0) on conflict (id) do update set role_name = excluded.role_name, rate = excluded.rate;
insert into public.crew (id, name, city_pool_id, group_name, tier, phone, email, other_city, ob, notes, description) values ('64d7d941-82b7-56c4-b1de-9afe9971f0b0', 'Chad Chadwick', 'd2808c14-edba-5a3b-9a4d-5f15e1a5c2a7', 'Ungrouped', '3ABC', '404 751 6735', 'Frankechadwickjr@gmail.com', null, false, 'Imported rate text: $350-$450 | Raw location: sent New Orleans', 'Camera Op') on conflict (id) do update set name = excluded.name, city_pool_id = excluded.city_pool_id, tier = excluded.tier, phone = excluded.phone, email = excluded.email, other_city = excluded.other_city, ob = excluded.ob, notes = excluded.notes, description = excluded.description;
insert into public.crew_positions (id, crew_id, role_name, rate) values ('7c31d09a-236d-5c68-8363-a5823d93a2f4', '64d7d941-82b7-56c4-b1de-9afe9971f0b0', 'Camera Operator', 400.0) on conflict (id) do update set role_name = excluded.role_name, rate = excluded.rate;
insert into public.crew_positions (id, crew_id, role_name, rate) values ('c9c14fdc-cbfb-54e9-81e9-91ea4244e19f', '64d7d941-82b7-56c4-b1de-9afe9971f0b0', 'General AV', 400.0) on conflict (id) do update set role_name = excluded.role_name, rate = excluded.rate;
insert into public.crew (id, name, city_pool_id, group_name, tier, phone, email, other_city, ob, notes, description) values ('e39b7392-5437-5943-887f-b54909957df2', 'Christian Luckett', 'd2808c14-edba-5a3b-9a4d-5f15e1a5c2a7', 'Ungrouped', '1BC', '(225)505-9724', 'luckettproaudio@gmail.com', null, true, 'Imported rate text: $350-$500 | Raw location: OB New Orleans', 'Analog or Digital, Rf coordination, roland V160 and Xs1') on conflict (id) do update set name = excluded.name, city_pool_id = excluded.city_pool_id, tier = excluded.tier, phone = excluded.phone, email = excluded.email, other_city = excluded.other_city, ob = excluded.ob, notes = excluded.notes, description = excluded.description;
insert into public.crew_positions (id, crew_id, role_name, rate) values ('c65e8c0e-cb56-5337-93e9-28208b0a25ee', 'e39b7392-5437-5943-887f-b54909957df2', 'General AV', 425.0) on conflict (id) do update set role_name = excluded.role_name, rate = excluded.rate;
insert into public.crew_positions (id, crew_id, role_name, rate) values ('24084f6c-e5bc-55e1-8800-748c165417fe', 'e39b7392-5437-5943-887f-b54909957df2', 'A1-Audio Engineer', 425.0) on conflict (id) do update set role_name = excluded.role_name, rate = excluded.rate;
insert into public.crew_positions (id, crew_id, role_name, rate) values ('085ed835-2bac-5e11-a529-548a52d69e7f', 'e39b7392-5437-5943-887f-b54909957df2', 'A2-Audio Assist', 425.0) on conflict (id) do update set role_name = excluded.role_name, rate = excluded.rate;
insert into public.crew_positions (id, crew_id, role_name, rate) values ('a2dbcc59-0b41-56b0-ad6f-17724b115f6e', 'e39b7392-5437-5943-887f-b54909957df2', 'Down Rigger', 425.0) on conflict (id) do update set role_name = excluded.role_name, rate = excluded.rate;
insert into public.crew_positions (id, crew_id, role_name, rate) values ('46b5433c-c341-598d-b804-afa106fc4b6d', 'e39b7392-5437-5943-887f-b54909957df2', 'Speaker Ready', 425.0) on conflict (id) do update set role_name = excluded.role_name, rate = excluded.rate;
insert into public.crew (id, name, city_pool_id, group_name, tier, phone, email, other_city, ob, notes, description) values ('630c758e-96fd-5633-84cd-4f91e595d117', 'Deshaun Washington', 'd2808c14-edba-5a3b-9a4d-5f15e1a5c2a7', 'Ungrouped', '2ABC', '917-405-5718', 'deshaun504@gmail.com', null, true, 'Imported rate text: standard | Raw location: OB New Orleans', 'digital and analog mixers') on conflict (id) do update set name = excluded.name, city_pool_id = excluded.city_pool_id, tier = excluded.tier, phone = excluded.phone, email = excluded.email, other_city = excluded.other_city, ob = excluded.ob, notes = excluded.notes, description = excluded.description;
insert into public.crew_positions (id, crew_id, role_name, rate) values ('a4e7ebd6-f2f9-5893-8ed8-cc67c4977ef5', '630c758e-96fd-5633-84cd-4f91e595d117', 'A1-Audio Engineer', 700) on conflict (id) do update set role_name = excluded.role_name, rate = excluded.rate;
insert into public.crew_positions (id, crew_id, role_name, rate) values ('374d6f2e-74fc-5e18-96ee-227048dec9b2', '630c758e-96fd-5633-84cd-4f91e595d117', 'A2-Audio Assist', 500) on conflict (id) do update set role_name = excluded.role_name, rate = excluded.rate;
insert into public.crew_positions (id, crew_id, role_name, rate) values ('e1fd26a6-5fe0-5fb6-a2d2-a468f97699ee', '630c758e-96fd-5633-84cd-4f91e595d117', 'General AV', 450) on conflict (id) do update set role_name = excluded.role_name, rate = excluded.rate;
insert into public.crew (id, name, city_pool_id, group_name, tier, phone, email, other_city, ob, notes, description) values ('93446ac4-de29-573e-b674-760ac894b918', 'Hoang Nguyen', 'd2808c14-edba-5a3b-9a4d-5f15e1a5c2a7', 'Ungrouped', '2ABC', '(504)-919-5546', 'Hoangx87@yahoo.com', null, true, 'Imported rate text: $350-$500 | Raw location: OB New Orleans', 'Roland and Atem') on conflict (id) do update set name = excluded.name, city_pool_id = excluded.city_pool_id, tier = excluded.tier, phone = excluded.phone, email = excluded.email, other_city = excluded.other_city, ob = excluded.ob, notes = excluded.notes, description = excluded.description;
insert into public.crew_positions (id, crew_id, role_name, rate) values ('8fce5240-4e8b-583e-8e46-e006cce154d8', '93446ac4-de29-573e-b674-760ac894b918', 'General AV', 425.0) on conflict (id) do update set role_name = excluded.role_name, rate = excluded.rate;
insert into public.crew_positions (id, crew_id, role_name, rate) values ('36821cd4-c667-5295-8598-8339a4745030', '93446ac4-de29-573e-b674-760ac894b918', 'Breakout Operator', 425.0) on conflict (id) do update set role_name = excluded.role_name, rate = excluded.rate;
insert into public.crew_positions (id, crew_id, role_name, rate) values ('6d9b46b1-99ef-5964-83d7-67fe553ef76a', '93446ac4-de29-573e-b674-760ac894b918', 'Speaker Ready', 425.0) on conflict (id) do update set role_name = excluded.role_name, rate = excluded.rate;
insert into public.crew (id, name, city_pool_id, group_name, tier, phone, email, other_city, ob, notes, description) values ('7d8f94d0-0896-5111-ad76-2c0a024e79a4', 'Jamie Champion', 'd2808c14-edba-5a3b-9a4d-5f15e1a5c2a7', 'Ungrouped', '2ABC', '985-290-0181', 'tidawg@bellsouth.net', null, true, 'Imported rate text: $350-$550 | Raw location: OB New Orleans', 'leppricon, lighting pro') on conflict (id) do update set name = excluded.name, city_pool_id = excluded.city_pool_id, tier = excluded.tier, phone = excluded.phone, email = excluded.email, other_city = excluded.other_city, ob = excluded.ob, notes = excluded.notes, description = excluded.description;
insert into public.crew_positions (id, crew_id, role_name, rate) values ('94edd8be-fa18-538a-8d81-91914bc21a7d', '7d8f94d0-0896-5111-ad76-2c0a024e79a4', 'Breakout Operator', 450.0) on conflict (id) do update set role_name = excluded.role_name, rate = excluded.rate;
insert into public.crew_positions (id, crew_id, role_name, rate) values ('c690c0aa-857d-530a-9339-24da9b472ce7', '7d8f94d0-0896-5111-ad76-2c0a024e79a4', 'LD-Lighting Designer', 450.0) on conflict (id) do update set role_name = excluded.role_name, rate = excluded.rate;
insert into public.crew_positions (id, crew_id, role_name, rate) values ('2315de33-5758-54c4-bc98-396e74406334', '7d8f94d0-0896-5111-ad76-2c0a024e79a4', 'L2-Lighting Assist', 450.0) on conflict (id) do update set role_name = excluded.role_name, rate = excluded.rate;
insert into public.crew_positions (id, crew_id, role_name, rate) values ('09151dfd-c3f7-538d-a062-6882248672fe', '7d8f94d0-0896-5111-ad76-2c0a024e79a4', 'Down Rigger', 450.0) on conflict (id) do update set role_name = excluded.role_name, rate = excluded.rate;
insert into public.crew_positions (id, crew_id, role_name, rate) values ('99791b34-38e7-58ca-a909-9373f9b39e46', '7d8f94d0-0896-5111-ad76-2c0a024e79a4', 'General AV', 450.0) on conflict (id) do update set role_name = excluded.role_name, rate = excluded.rate;
insert into public.crew (id, name, city_pool_id, group_name, tier, phone, email, other_city, ob, notes, description) values ('1eb0eb72-7ad5-58b7-b194-60db1cba6135', 'Justin Lyon', 'd2808c14-edba-5a3b-9a4d-5f15e1a5c2a7', 'Ungrouped', '2ABC', '985-789-7956', 'juirlyon@gmail.com', null, true, 'Imported rate text: 35-50 | Raw location: OB New Orleans', 'Roland V series, Analog Audio mixers') on conflict (id) do update set name = excluded.name, city_pool_id = excluded.city_pool_id, tier = excluded.tier, phone = excluded.phone, email = excluded.email, other_city = excluded.other_city, ob = excluded.ob, notes = excluded.notes, description = excluded.description;
insert into public.crew_positions (id, crew_id, role_name, rate) values ('72e3822a-f5bf-5f68-b268-2a14d31228f7', '1eb0eb72-7ad5-58b7-b194-60db1cba6135', 'General AV', 42.5) on conflict (id) do update set role_name = excluded.role_name, rate = excluded.rate;
insert into public.crew_positions (id, crew_id, role_name, rate) values ('aed71e96-c130-5d21-815d-7a6f6c8a5516', '1eb0eb72-7ad5-58b7-b194-60db1cba6135', 'Camera Operator', 42.5) on conflict (id) do update set role_name = excluded.role_name, rate = excluded.rate;
insert into public.crew_positions (id, crew_id, role_name, rate) values ('c4bff10b-b4cd-51e7-8527-a4b645daeb56', '1eb0eb72-7ad5-58b7-b194-60db1cba6135', 'Breakout Operator', 42.5) on conflict (id) do update set role_name = excluded.role_name, rate = excluded.rate;
insert into public.crew_positions (id, crew_id, role_name, rate) values ('c1820215-3b55-5daa-8b9d-80a3542204a2', '1eb0eb72-7ad5-58b7-b194-60db1cba6135', 'Speaker Ready', 42.5) on conflict (id) do update set role_name = excluded.role_name, rate = excluded.rate;
insert into public.crew (id, name, city_pool_id, group_name, tier, phone, email, other_city, ob, notes, description) values ('93353957-19b8-563d-ad54-2c3fbec3b283', 'Kevin Livas', 'd2808c14-edba-5a3b-9a4d-5f15e1a5c2a7', 'Ungrouped', null, '225-281-3097', 'lilivas@yahoo.com', null, false, 'Imported rate text: $350', null) on conflict (id) do update set name = excluded.name, city_pool_id = excluded.city_pool_id, tier = excluded.tier, phone = excluded.phone, email = excluded.email, other_city = excluded.other_city, ob = excluded.ob, notes = excluded.notes, description = excluded.description;
insert into public.crew_positions (id, crew_id, role_name, rate) values ('5a45dd3b-6a41-5bea-ac8e-1088e08da8e9', '93353957-19b8-563d-ad54-2c3fbec3b283', 'General AV', 350.0) on conflict (id) do update set role_name = excluded.role_name, rate = excluded.rate;
insert into public.crew_positions (id, crew_id, role_name, rate) values ('85a42090-b8d0-5956-881f-1b8f68d35491', '93353957-19b8-563d-ad54-2c3fbec3b283', 'Down Rigger', 350.0) on conflict (id) do update set role_name = excluded.role_name, rate = excluded.rate;
insert into public.crew (id, name, city_pool_id, group_name, tier, phone, email, other_city, ob, notes, description) values ('c9855c26-82c3-5045-801d-b00fcc625f0e', 'Kevin Murphy', 'd2808c14-edba-5a3b-9a4d-5f15e1a5c2a7', 'Ungrouped', '2ABC', '310-698-9092', 'kmurph360@yahoo.com', null, true, 'Imported rate text: $500-$550 | Raw location: OB New Orleans', 'analog or digital audio mixer, Pro Cam Op') on conflict (id) do update set name = excluded.name, city_pool_id = excluded.city_pool_id, tier = excluded.tier, phone = excluded.phone, email = excluded.email, other_city = excluded.other_city, ob = excluded.ob, notes = excluded.notes, description = excluded.description;
insert into public.crew_positions (id, crew_id, role_name, rate) values ('adea6e0f-bcb3-5f7e-a02b-3970b6c4b2de', 'c9855c26-82c3-5045-801d-b00fcc625f0e', 'A1-Audio Engineer', 525.0) on conflict (id) do update set role_name = excluded.role_name, rate = excluded.rate;
insert into public.crew_positions (id, crew_id, role_name, rate) values ('ec067423-a83c-50ba-a880-632a82ede32b', 'c9855c26-82c3-5045-801d-b00fcc625f0e', 'A2-Audio Assist', 525.0) on conflict (id) do update set role_name = excluded.role_name, rate = excluded.rate;
insert into public.crew_positions (id, crew_id, role_name, rate) values ('2b89682c-1534-523a-8e7e-c9dc24ab4c60', 'c9855c26-82c3-5045-801d-b00fcc625f0e', 'General AV', 525.0) on conflict (id) do update set role_name = excluded.role_name, rate = excluded.rate;
insert into public.crew_positions (id, crew_id, role_name, rate) values ('69b76a32-12c8-55f7-a8b5-d6a636607c49', 'c9855c26-82c3-5045-801d-b00fcc625f0e', 'Breakout Operator', 525.0) on conflict (id) do update set role_name = excluded.role_name, rate = excluded.rate;
insert into public.crew_positions (id, crew_id, role_name, rate) values ('73b1aeb0-edd3-51a6-84b1-1a791249ace0', 'c9855c26-82c3-5045-801d-b00fcc625f0e', 'Camera Operator', 525.0) on conflict (id) do update set role_name = excluded.role_name, rate = excluded.rate;
insert into public.crew (id, name, city_pool_id, group_name, tier, phone, email, other_city, ob, notes, description) values ('8fa6aa4d-bf4d-5e27-924b-c602d9f8cad3', 'Maria Correia', 'd2808c14-edba-5a3b-9a4d-5f15e1a5c2a7', 'Ungrouped', '3ABC', '914-263-1077', 'mariaflux@gmail.com', null, true, 'Imported rate text: $350+/NS | Raw location: OB', null) on conflict (id) do update set name = excluded.name, city_pool_id = excluded.city_pool_id, tier = excluded.tier, phone = excluded.phone, email = excluded.email, other_city = excluded.other_city, ob = excluded.ob, notes = excluded.notes, description = excluded.description;
insert into public.crew_positions (id, crew_id, role_name, rate) values ('b6b422eb-f1ea-5182-88ef-334029ad968c', '8fa6aa4d-bf4d-5e27-924b-c602d9f8cad3', 'L2-Lighting Assist', 350.0) on conflict (id) do update set role_name = excluded.role_name, rate = excluded.rate;
insert into public.crew_positions (id, crew_id, role_name, rate) values ('76c37382-3c1c-53ee-bdbf-efd70876e7ee', '8fa6aa4d-bf4d-5e27-924b-c602d9f8cad3', 'General AV', 350.0) on conflict (id) do update set role_name = excluded.role_name, rate = excluded.rate;
insert into public.crew_positions (id, crew_id, role_name, rate) values ('b25f27ef-e142-51ea-b5b0-3eb3d50479fd', '8fa6aa4d-bf4d-5e27-924b-c602d9f8cad3', 'Stagehand', 350.0) on conflict (id) do update set role_name = excluded.role_name, rate = excluded.rate;
insert into public.crew_positions (id, crew_id, role_name, rate) values ('3059a1ff-4383-5abe-b9c4-7784a590a662', '8fa6aa4d-bf4d-5e27-924b-c602d9f8cad3', 'LED Assist', 350.0) on conflict (id) do update set role_name = excluded.role_name, rate = excluded.rate;
insert into public.crew (id, name, city_pool_id, group_name, tier, phone, email, other_city, ob, notes, description) values ('db72c8dc-e063-59ea-82f3-4301b52f9848', 'Patrick Merrick', 'd2808c14-edba-5a3b-9a4d-5f15e1a5c2a7', 'Ungrouped', '2BC', '432-254-4196', 'patrickmer97@gmail.com', null, true, 'Imported rate text: $450-$550 | Raw location: OB New Orleans', 'analog and digital, roland') on conflict (id) do update set name = excluded.name, city_pool_id = excluded.city_pool_id, tier = excluded.tier, phone = excluded.phone, email = excluded.email, other_city = excluded.other_city, ob = excluded.ob, notes = excluded.notes, description = excluded.description;
insert into public.crew_positions (id, crew_id, role_name, rate) values ('18074c15-bd64-5e5e-909a-3b6277e0535c', 'db72c8dc-e063-59ea-82f3-4301b52f9848', 'A1-Audio Engineer', 500.0) on conflict (id) do update set role_name = excluded.role_name, rate = excluded.rate;
insert into public.crew_positions (id, crew_id, role_name, rate) values ('98fa325e-f3f3-5c19-af41-d5f76ba079a6', 'db72c8dc-e063-59ea-82f3-4301b52f9848', 'A2-Audio Assist', 500.0) on conflict (id) do update set role_name = excluded.role_name, rate = excluded.rate;
insert into public.crew_positions (id, crew_id, role_name, rate) values ('22bab600-abef-5be8-8220-c5ebd014a6b2', 'db72c8dc-e063-59ea-82f3-4301b52f9848', 'General AV', 500.0) on conflict (id) do update set role_name = excluded.role_name, rate = excluded.rate;
insert into public.crew_positions (id, crew_id, role_name, rate) values ('0d8546fd-e356-5de7-9562-8c2a802cffb1', 'db72c8dc-e063-59ea-82f3-4301b52f9848', 'Speaker Ready', 500.0) on conflict (id) do update set role_name = excluded.role_name, rate = excluded.rate;
insert into public.crew (id, name, city_pool_id, group_name, tier, phone, email, other_city, ob, notes, description) values ('0b87de11-3fc0-5de9-a20b-b7eaabf5614a', 'Pete Winkler', 'd2808c14-edba-5a3b-9a4d-5f15e1a5c2a7', 'Ungrouped', '1ABC', '5048138108', 'peteradamwinkler@gmail.com', null, false, 'Imported rate text: $600 | Raw location: sent New Orleans', 'any analog or digital audio mixer. experieced with flown PA') on conflict (id) do update set name = excluded.name, city_pool_id = excluded.city_pool_id, tier = excluded.tier, phone = excluded.phone, email = excluded.email, other_city = excluded.other_city, ob = excluded.ob, notes = excluded.notes, description = excluded.description;
insert into public.crew_positions (id, crew_id, role_name, rate) values ('8be5f2cc-8a19-5cde-908a-08ae1474a2d4', '0b87de11-3fc0-5de9-a20b-b7eaabf5614a', 'A1-Audio Engineer', 600.0) on conflict (id) do update set role_name = excluded.role_name, rate = excluded.rate;
insert into public.crew_positions (id, crew_id, role_name, rate) values ('a4a84e9f-dfc4-5a58-b062-968320ae80c0', '0b87de11-3fc0-5de9-a20b-b7eaabf5614a', 'A2-Audio Assist', 600.0) on conflict (id) do update set role_name = excluded.role_name, rate = excluded.rate;
insert into public.crew (id, name, city_pool_id, group_name, tier, phone, email, other_city, ob, notes, description) values ('a9ea8838-acd7-5344-8a45-8748e0e9b0f6', 'Ricky Haddan', 'd2808c14-edba-5a3b-9a4d-5f15e1a5c2a7', 'Ungrouped', '2ABC Colored Hair', '7603176529', 'arsjhaddan@yahoo.com', null, false, 'Imported rate text: Standard | Raw location: texted New Orleans', 'Roland V160, Black Magic ATEM, analog or digital Audio Mixer') on conflict (id) do update set name = excluded.name, city_pool_id = excluded.city_pool_id, tier = excluded.tier, phone = excluded.phone, email = excluded.email, other_city = excluded.other_city, ob = excluded.ob, notes = excluded.notes, description = excluded.description;
insert into public.crew_positions (id, crew_id, role_name, rate) values ('052e4735-df24-59f2-ad4f-9d233ce80ba3', 'a9ea8838-acd7-5344-8a45-8748e0e9b0f6', 'General AV', 450) on conflict (id) do update set role_name = excluded.role_name, rate = excluded.rate;
insert into public.crew_positions (id, crew_id, role_name, rate) values ('d6f68828-20c7-58ec-94a6-192956da1ce1', 'a9ea8838-acd7-5344-8a45-8748e0e9b0f6', 'A2-Audio Assist', 500) on conflict (id) do update set role_name = excluded.role_name, rate = excluded.rate;
insert into public.crew_positions (id, crew_id, role_name, rate) values ('18b4871f-49d7-51dc-9f87-531905cea118', 'a9ea8838-acd7-5344-8a45-8748e0e9b0f6', 'V2-Video Assist', 550) on conflict (id) do update set role_name = excluded.role_name, rate = excluded.rate;
insert into public.crew_positions (id, crew_id, role_name, rate) values ('ad3e1a9d-f838-5c34-88af-ec31f156a3f8', 'a9ea8838-acd7-5344-8a45-8748e0e9b0f6', 'L2-Lighting Assist', 500) on conflict (id) do update set role_name = excluded.role_name, rate = excluded.rate;
insert into public.crew_positions (id, crew_id, role_name, rate) values ('6876c34d-bf31-541d-a34a-5121b3420525', 'a9ea8838-acd7-5344-8a45-8748e0e9b0f6', 'LED Assist', 500) on conflict (id) do update set role_name = excluded.role_name, rate = excluded.rate;
insert into public.crew_positions (id, crew_id, role_name, rate) values ('b838e5cd-2db4-5d8e-bc12-33da1c2b0f23', 'a9ea8838-acd7-5344-8a45-8748e0e9b0f6', 'Speaker Ready', 650) on conflict (id) do update set role_name = excluded.role_name, rate = excluded.rate;
insert into public.crew (id, name, city_pool_id, group_name, tier, phone, email, other_city, ob, notes, description) values ('971f31b5-cc50-5a1f-9a52-195e96f993b1', 'Sidney Manuel', 'd2808c14-edba-5a3b-9a4d-5f15e1a5c2a7', 'Ungrouped', '3ABC', '504-453-7359', 'sidneyamanuel@yahoo.com', null, false, 'Imported rate text: $500-$575 for HH', null) on conflict (id) do update set name = excluded.name, city_pool_id = excluded.city_pool_id, tier = excluded.tier, phone = excluded.phone, email = excluded.email, other_city = excluded.other_city, ob = excluded.ob, notes = excluded.notes, description = excluded.description;
insert into public.crew_positions (id, crew_id, role_name, rate) values ('415ce649-2193-5135-863c-33471ff68b6e', '971f31b5-cc50-5a1f-9a52-195e96f993b1', 'General AV', 537.5) on conflict (id) do update set role_name = excluded.role_name, rate = excluded.rate;
insert into public.crew (id, name, city_pool_id, group_name, tier, phone, email, other_city, ob, notes, description) values ('3337ac19-cd8e-5234-ac46-9761b8e96679', 'Teimor Castillo', 'd2808c14-edba-5a3b-9a4d-5f15e1a5c2a7', 'Ungrouped', 'ABC', '504-278-0444', 'Teimorcastillo7@gmail.com', null, false, 'Imported rate text: $300-$450', null) on conflict (id) do update set name = excluded.name, city_pool_id = excluded.city_pool_id, tier = excluded.tier, phone = excluded.phone, email = excluded.email, other_city = excluded.other_city, ob = excluded.ob, notes = excluded.notes, description = excluded.description;
insert into public.crew_positions (id, crew_id, role_name, rate) values ('1d8a3b15-9c35-53d7-9b02-56ed50793e14', '3337ac19-cd8e-5234-ac46-9761b8e96679', 'General AV', 375.0) on conflict (id) do update set role_name = excluded.role_name, rate = excluded.rate;
insert into public.crew (id, name, city_pool_id, group_name, tier, phone, email, other_city, ob, notes, description) values ('fa810cf6-b73b-51a4-9097-2eb0bc505ce0', 'Adam Giangrosso', 'd2808c14-edba-5a3b-9a4d-5f15e1a5c2a7', 'Ungrouped', null, '5046503796', 'amgproav@gmail.com', null, false, 'Raw location: New Orleans', 'roland V160, Atem. Analog or digital, PTZ') on conflict (id) do update set name = excluded.name, city_pool_id = excluded.city_pool_id, tier = excluded.tier, phone = excluded.phone, email = excluded.email, other_city = excluded.other_city, ob = excluded.ob, notes = excluded.notes, description = excluded.description;
insert into public.crew_positions (id, crew_id, role_name, rate) values ('3b04bc89-be3c-5bd8-9d66-772bb6ce1da7', 'fa810cf6-b73b-51a4-9097-2eb0bc505ce0', 'A1-Audio Engineer', 700) on conflict (id) do update set role_name = excluded.role_name, rate = excluded.rate;
insert into public.crew_positions (id, crew_id, role_name, rate) values ('40725eec-b3f1-5bc0-893d-15b55f40cbc5', 'fa810cf6-b73b-51a4-9097-2eb0bc505ce0', 'A2-Audio Assist', 500) on conflict (id) do update set role_name = excluded.role_name, rate = excluded.rate;
insert into public.crew_positions (id, crew_id, role_name, rate) values ('410e4c1a-34b4-5a50-a2a4-dbf321a1a34b', 'fa810cf6-b73b-51a4-9097-2eb0bc505ce0', 'V1-Lead Video Engineer', 700) on conflict (id) do update set role_name = excluded.role_name, rate = excluded.rate;
insert into public.crew_positions (id, crew_id, role_name, rate) values ('4aa9a20f-d847-59b7-91c7-f4e2d1557a67', 'fa810cf6-b73b-51a4-9097-2eb0bc505ce0', 'V2-Video Assist', 550) on conflict (id) do update set role_name = excluded.role_name, rate = excluded.rate;
insert into public.crew_positions (id, crew_id, role_name, rate) values ('969ebf55-1b86-58d4-b576-a62ff9592153', 'fa810cf6-b73b-51a4-9097-2eb0bc505ce0', 'Speaker Ready', 650) on conflict (id) do update set role_name = excluded.role_name, rate = excluded.rate;
insert into public.crew (id, name, city_pool_id, group_name, tier, phone, email, other_city, ob, notes, description) values ('6cfbf2e1-111a-5e1b-986c-a45028307dfb', 'Aila (New York) Scott', '954c06c2-471f-5f9c-b09a-697b55bf4da3', 'Ungrouped', null, '504-508-1764', 'ailadoesaudio@gmail.com', null, false, 'Raw location: New York', null) on conflict (id) do update set name = excluded.name, city_pool_id = excluded.city_pool_id, tier = excluded.tier, phone = excluded.phone, email = excluded.email, other_city = excluded.other_city, ob = excluded.ob, notes = excluded.notes, description = excluded.description;
insert into public.crew_positions (id, crew_id, role_name, rate) values ('4f20ab1e-9f97-5b25-a9b0-7720ce58d5ea', '6cfbf2e1-111a-5e1b-986c-a45028307dfb', 'A2-Audio Assist', 500) on conflict (id) do update set role_name = excluded.role_name, rate = excluded.rate;
insert into public.crew (id, name, city_pool_id, group_name, tier, phone, email, other_city, ob, notes, description) values ('95e86498-b531-5191-8df2-9ffded7f815e', 'Alejandro de los Rios', 'd2808c14-edba-5a3b-9a4d-5f15e1a5c2a7', 'Ungrouped', null, null, 'chamo.delosrios@gmail.com', null, true, 'Raw location: OB New Orleans', 'blackmagic, Roland, barco, Atem, Atem software Control, Osee GoStream') on conflict (id) do update set name = excluded.name, city_pool_id = excluded.city_pool_id, tier = excluded.tier, phone = excluded.phone, email = excluded.email, other_city = excluded.other_city, ob = excluded.ob, notes = excluded.notes, description = excluded.description;
insert into public.crew_positions (id, crew_id, role_name, rate) values ('547e6ee5-98c8-59fa-8050-f34b06438806', '95e86498-b531-5191-8df2-9ffded7f815e', 'V1-Lead Video Engineer', 700) on conflict (id) do update set role_name = excluded.role_name, rate = excluded.rate;
insert into public.crew_positions (id, crew_id, role_name, rate) values ('2d205e41-7418-5eee-aaf3-9b5f29a66e0f', '95e86498-b531-5191-8df2-9ffded7f815e', 'Camera Operator', 700) on conflict (id) do update set role_name = excluded.role_name, rate = excluded.rate;
insert into public.crew_positions (id, crew_id, role_name, rate) values ('65c8c626-4355-5e85-b7b4-a3b50d71b7cb', '95e86498-b531-5191-8df2-9ffded7f815e', 'Speaker Ready', 650) on conflict (id) do update set role_name = excluded.role_name, rate = excluded.rate;
insert into public.crew (id, name, city_pool_id, group_name, tier, phone, email, other_city, ob, notes, description) values ('da590422-82e5-5b08-8956-e942fa484f13', 'Andrew Savage', 'd2808c14-edba-5a3b-9a4d-5f15e1a5c2a7', 'Ungrouped', null, '504-905-1898', 'a.savage97@yahoo.com', null, false, 'Raw location: sent', null) on conflict (id) do update set name = excluded.name, city_pool_id = excluded.city_pool_id, tier = excluded.tier, phone = excluded.phone, email = excluded.email, other_city = excluded.other_city, ob = excluded.ob, notes = excluded.notes, description = excluded.description;
insert into public.crew_positions (id, crew_id, role_name, rate) values ('d443e2f7-9c44-54e5-b367-8d85c4a5b507', 'da590422-82e5-5b08-8956-e942fa484f13', 'Camera Operator', 700) on conflict (id) do update set role_name = excluded.role_name, rate = excluded.rate;
insert into public.crew_positions (id, crew_id, role_name, rate) values ('2d44b88a-df62-5c8d-9d5e-ea2d70d03330', 'da590422-82e5-5b08-8956-e942fa484f13', 'V2-Video Assist', 550) on conflict (id) do update set role_name = excluded.role_name, rate = excluded.rate;
insert into public.crew_positions (id, crew_id, role_name, rate) values ('c2fd1355-dd10-538d-a33c-8c38b9d44855', 'da590422-82e5-5b08-8956-e942fa484f13', 'General AV', 450) on conflict (id) do update set role_name = excluded.role_name, rate = excluded.rate;
insert into public.crew (id, name, city_pool_id, group_name, tier, phone, email, other_city, ob, notes, description) values ('b72f29e5-aad4-5685-b4ca-9ee6cff34cf2', 'Anthony Favre', 'd2808c14-edba-5a3b-9a4d-5f15e1a5c2a7', 'Ungrouped', null, '504-232-2494', 'anthony@quietempire.com', null, false, 'Raw location: sent', null) on conflict (id) do update set name = excluded.name, city_pool_id = excluded.city_pool_id, tier = excluded.tier, phone = excluded.phone, email = excluded.email, other_city = excluded.other_city, ob = excluded.ob, notes = excluded.notes, description = excluded.description;
insert into public.crew_positions (id, crew_id, role_name, rate) values ('67f8ee83-e772-58a9-a310-21724d510d0f', 'b72f29e5-aad4-5685-b4ca-9ee6cff34cf2', 'Breakout Operator', 600) on conflict (id) do update set role_name = excluded.role_name, rate = excluded.rate;
insert into public.crew (id, name, city_pool_id, group_name, tier, phone, email, other_city, ob, notes, description) values ('49d20ffc-8a45-5408-9c3e-3f0fdb84956c', 'Benjamin Harlow', 'd2808c14-edba-5a3b-9a4d-5f15e1a5c2a7', 'Ungrouped', null, '504-432-1062', 'benjamin.s.harlow@gmail.com', null, true, 'Raw location: OB New Orleans', 'Atem Mini, Roland v160 analog and digital') on conflict (id) do update set name = excluded.name, city_pool_id = excluded.city_pool_id, tier = excluded.tier, phone = excluded.phone, email = excluded.email, other_city = excluded.other_city, ob = excluded.ob, notes = excluded.notes, description = excluded.description;
insert into public.crew_positions (id, crew_id, role_name, rate) values ('7cff5f7d-091a-5333-9051-67172bdc8286', '49d20ffc-8a45-5408-9c3e-3f0fdb84956c', 'A2-Audio Assist', 500) on conflict (id) do update set role_name = excluded.role_name, rate = excluded.rate;
insert into public.crew_positions (id, crew_id, role_name, rate) values ('2a56b9fc-fa3c-5f8d-94d2-dccd752db22b', '49d20ffc-8a45-5408-9c3e-3f0fdb84956c', 'V2-Video Assist', 550) on conflict (id) do update set role_name = excluded.role_name, rate = excluded.rate;
insert into public.crew_positions (id, crew_id, role_name, rate) values ('c05e19e4-dd7a-5a99-9218-04bf6a13c42b', '49d20ffc-8a45-5408-9c3e-3f0fdb84956c', 'Breakout Operator', 600) on conflict (id) do update set role_name = excluded.role_name, rate = excluded.rate;
insert into public.crew_positions (id, crew_id, role_name, rate) values ('ea5bce7c-ea71-5d5b-8349-38f44551f708', '49d20ffc-8a45-5408-9c3e-3f0fdb84956c', 'General AV', 450) on conflict (id) do update set role_name = excluded.role_name, rate = excluded.rate;
insert into public.crew_positions (id, crew_id, role_name, rate) values ('18ad6385-928f-5480-a67d-079be216b416', '49d20ffc-8a45-5408-9c3e-3f0fdb84956c', 'Speaker Ready', 650) on conflict (id) do update set role_name = excluded.role_name, rate = excluded.rate;
insert into public.crew (id, name, city_pool_id, group_name, tier, phone, email, other_city, ob, notes, description) values ('a18238b8-2a2f-516a-9146-00fe16a8f7fd', 'Bill (out of pool) Van', 'd2808c14-edba-5a3b-9a4d-5f15e1a5c2a7', 'Ungrouped', null, '504-810-1910', '2billvan@gmail.com', null, false, 'Raw location: sent', null) on conflict (id) do update set name = excluded.name, city_pool_id = excluded.city_pool_id, tier = excluded.tier, phone = excluded.phone, email = excluded.email, other_city = excluded.other_city, ob = excluded.ob, notes = excluded.notes, description = excluded.description;
insert into public.crew_positions (id, crew_id, role_name, rate) values ('bc58009a-43c9-5da9-97d8-7adad4b4e204', 'a18238b8-2a2f-516a-9146-00fe16a8f7fd', 'Breakout Operator', 600) on conflict (id) do update set role_name = excluded.role_name, rate = excluded.rate;
insert into public.crew_positions (id, crew_id, role_name, rate) values ('005eda72-f896-55e1-bd9b-facfa6c5c473', 'a18238b8-2a2f-516a-9146-00fe16a8f7fd', 'A2-Audio Assist', 500) on conflict (id) do update set role_name = excluded.role_name, rate = excluded.rate;
insert into public.crew_positions (id, crew_id, role_name, rate) values ('b2d259fe-61be-59b7-ad8d-f4d46d42d813', 'a18238b8-2a2f-516a-9146-00fe16a8f7fd', 'General AV', 450) on conflict (id) do update set role_name = excluded.role_name, rate = excluded.rate;
insert into public.crew (id, name, city_pool_id, group_name, tier, phone, email, other_city, ob, notes, description) values ('790292d5-d324-5d21-acb2-d4f9230ad0cb', 'Chase Mashburn', 'd2808c14-edba-5a3b-9a4d-5f15e1a5c2a7', 'Ungrouped', null, '504-554-3483', 'chasemashburn@yahoo.com', null, false, 'Raw location: sent', null) on conflict (id) do update set name = excluded.name, city_pool_id = excluded.city_pool_id, tier = excluded.tier, phone = excluded.phone, email = excluded.email, other_city = excluded.other_city, ob = excluded.ob, notes = excluded.notes, description = excluded.description;
insert into public.crew_positions (id, crew_id, role_name, rate) values ('4ddff91d-7381-510b-abdb-8904eb82fb98', '790292d5-d324-5d21-acb2-d4f9230ad0cb', 'General AV', 450) on conflict (id) do update set role_name = excluded.role_name, rate = excluded.rate;
insert into public.crew_positions (id, crew_id, role_name, rate) values ('30a4cab8-3d73-5ddd-b02b-2ec80280906f', '790292d5-d324-5d21-acb2-d4f9230ad0cb', 'V2-Video Assist', 550) on conflict (id) do update set role_name = excluded.role_name, rate = excluded.rate;
insert into public.crew (id, name, city_pool_id, group_name, tier, phone, email, other_city, ob, notes, description) values ('7311dc3f-f411-5bb1-94b8-8d50d379bdfd', 'Chris Condoll', 'd2808c14-edba-5a3b-9a4d-5f15e1a5c2a7', 'Ungrouped', null, '504-564-8697', 'ccondoll36@gmail.com', null, false, 'Raw location: sent', null) on conflict (id) do update set name = excluded.name, city_pool_id = excluded.city_pool_id, tier = excluded.tier, phone = excluded.phone, email = excluded.email, other_city = excluded.other_city, ob = excluded.ob, notes = excluded.notes, description = excluded.description;
insert into public.crew_positions (id, crew_id, role_name, rate) values ('6329cb78-ea12-570c-9ddc-9e493b7b2624', '7311dc3f-f411-5bb1-94b8-8d50d379bdfd', 'Speaker Ready', 650) on conflict (id) do update set role_name = excluded.role_name, rate = excluded.rate;
insert into public.crew_positions (id, crew_id, role_name, rate) values ('95060d02-2e2b-5c28-8b50-0274e9dee3e8', '7311dc3f-f411-5bb1-94b8-8d50d379bdfd', 'Networking Engineer', 650) on conflict (id) do update set role_name = excluded.role_name, rate = excluded.rate;
insert into public.crew_positions (id, crew_id, role_name, rate) values ('b2b1e217-aed9-5b27-9acb-b2e918f974c4', '7311dc3f-f411-5bb1-94b8-8d50d379bdfd', 'General AV', 450) on conflict (id) do update set role_name = excluded.role_name, rate = excluded.rate;
insert into public.crew (id, name, city_pool_id, group_name, tier, phone, email, other_city, ob, notes, description) values ('5d01ba47-3de6-5e16-a6ca-e739605dd6cf', 'Chris Emig', 'd2808c14-edba-5a3b-9a4d-5f15e1a5c2a7', 'Ungrouped', null, '504-275-5241', 'chrisemig0@gmail.com', null, false, 'Raw location: sent', 'GAV, LED Assist, manuel Labor') on conflict (id) do update set name = excluded.name, city_pool_id = excluded.city_pool_id, tier = excluded.tier, phone = excluded.phone, email = excluded.email, other_city = excluded.other_city, ob = excluded.ob, notes = excluded.notes, description = excluded.description;
insert into public.crew_positions (id, crew_id, role_name, rate) values ('c502f8bf-8267-5c1a-b345-99e1f259b374', '5d01ba47-3de6-5e16-a6ca-e739605dd6cf', 'General AV', 450) on conflict (id) do update set role_name = excluded.role_name, rate = excluded.rate;
insert into public.crew_positions (id, crew_id, role_name, rate) values ('1ef235e9-3404-5f1d-9034-4a3e83da46b0', '5d01ba47-3de6-5e16-a6ca-e739605dd6cf', 'Breakout Operator', 600) on conflict (id) do update set role_name = excluded.role_name, rate = excluded.rate;
insert into public.crew_positions (id, crew_id, role_name, rate) values ('42f370e8-9215-5eeb-9f7e-6ccb6875cfa4', '5d01ba47-3de6-5e16-a6ca-e739605dd6cf', 'LED Assist', 500) on conflict (id) do update set role_name = excluded.role_name, rate = excluded.rate;
insert into public.crew (id, name, city_pool_id, group_name, tier, phone, email, other_city, ob, notes, description) values ('6bffbedc-5a8b-5036-905e-8d3d68e4798d', 'Chris Medders', 'd2808c14-edba-5a3b-9a4d-5f15e1a5c2a7', 'Ungrouped', '1ABC', '512-954-1699', 'minimum.variance.systems@gmail.com', null, false, 'Imported rate text: $700 | Raw location: sent/', null) on conflict (id) do update set name = excluded.name, city_pool_id = excluded.city_pool_id, tier = excluded.tier, phone = excluded.phone, email = excluded.email, other_city = excluded.other_city, ob = excluded.ob, notes = excluded.notes, description = excluded.description;
insert into public.crew_positions (id, crew_id, role_name, rate) values ('0f6ec123-511b-5668-8e3a-4ae1ea0b7b07', '6bffbedc-5a8b-5036-905e-8d3d68e4798d', 'A1-Audio Engineer', 700.0) on conflict (id) do update set role_name = excluded.role_name, rate = excluded.rate;
insert into public.crew (id, name, city_pool_id, group_name, tier, phone, email, other_city, ob, notes, description) values ('d98b93e4-b814-5452-ad50-c541d03692f0', 'Connell Rose', 'd2808c14-edba-5a3b-9a4d-5f15e1a5c2a7', 'Ungrouped', null, '757-630-7038', 'connellrosebooking@gmail.com', null, false, 'Raw location: sent', null) on conflict (id) do update set name = excluded.name, city_pool_id = excluded.city_pool_id, tier = excluded.tier, phone = excluded.phone, email = excluded.email, other_city = excluded.other_city, ob = excluded.ob, notes = excluded.notes, description = excluded.description;
insert into public.crew_positions (id, crew_id, role_name, rate) values ('062c551e-b36b-533b-9155-f7b645070c66', 'd98b93e4-b814-5452-ad50-c541d03692f0', 'General AV', 450) on conflict (id) do update set role_name = excluded.role_name, rate = excluded.rate;
insert into public.crew (id, name, city_pool_id, group_name, tier, phone, email, other_city, ob, notes, description) values ('78da8444-d4f5-52a6-9633-d2e4f6161b84', 'Dani Riccardi', 'd2808c14-edba-5a3b-9a4d-5f15e1a5c2a7', 'Ungrouped', null, '317-287-4270', 'riccardiav@gmail.com', null, false, 'Raw location: sent', null) on conflict (id) do update set name = excluded.name, city_pool_id = excluded.city_pool_id, tier = excluded.tier, phone = excluded.phone, email = excluded.email, other_city = excluded.other_city, ob = excluded.ob, notes = excluded.notes, description = excluded.description;
insert into public.crew_positions (id, crew_id, role_name, rate) values ('504a61c2-8321-5a9f-8212-cc67752c680b', '78da8444-d4f5-52a6-9633-d2e4f6161b84', 'General AV', 450) on conflict (id) do update set role_name = excluded.role_name, rate = excluded.rate;
insert into public.crew (id, name, city_pool_id, group_name, tier, phone, email, other_city, ob, notes, description) values ('f5dc72ad-abb9-54f1-8be9-7af01be6fedd', 'David Berget', 'd2808c14-edba-5a3b-9a4d-5f15e1a5c2a7', 'Ungrouped', '1ABC', '504-913-5926', 'David@avsno.com', null, false, 'Raw location: sent New Orleans', 'Roland v160, atem. analog audio mixer') on conflict (id) do update set name = excluded.name, city_pool_id = excluded.city_pool_id, tier = excluded.tier, phone = excluded.phone, email = excluded.email, other_city = excluded.other_city, ob = excluded.ob, notes = excluded.notes, description = excluded.description;
insert into public.crew_positions (id, crew_id, role_name, rate) values ('0e44b773-9c5a-58bc-be0e-e6813bd8b789', 'f5dc72ad-abb9-54f1-8be9-7af01be6fedd', 'V1-Lead Video Engineer', 700) on conflict (id) do update set role_name = excluded.role_name, rate = excluded.rate;
insert into public.crew_positions (id, crew_id, role_name, rate) values ('84b0208e-a1c0-5784-9bac-3a37e6dbd6b5', 'f5dc72ad-abb9-54f1-8be9-7af01be6fedd', 'General AV', 450) on conflict (id) do update set role_name = excluded.role_name, rate = excluded.rate;
insert into public.crew_positions (id, crew_id, role_name, rate) values ('008c8ae0-2389-51f1-9b79-dc74c148d5be', 'f5dc72ad-abb9-54f1-8be9-7af01be6fedd', 'Speaker Ready', 650) on conflict (id) do update set role_name = excluded.role_name, rate = excluded.rate;
insert into public.crew (id, name, city_pool_id, group_name, tier, phone, email, other_city, ob, notes, description) values ('118eeb71-0e85-58e1-b4d3-2510dc129330', 'David Cardwell', 'd2808c14-edba-5a3b-9a4d-5f15e1a5c2a7', 'Ungrouped', null, '985-966-3547', 'david@dnacreativeservices.com', null, false, 'Raw location: sent New Orleans', 'Roland V series, Blackmagic Atems, Event Master, S3, E2, PTZ') on conflict (id) do update set name = excluded.name, city_pool_id = excluded.city_pool_id, tier = excluded.tier, phone = excluded.phone, email = excluded.email, other_city = excluded.other_city, ob = excluded.ob, notes = excluded.notes, description = excluded.description;
insert into public.crew_positions (id, crew_id, role_name, rate) values ('02455ba4-0d6b-59f4-952f-e0e4d0993d14', '118eeb71-0e85-58e1-b4d3-2510dc129330', 'V1-Lead Video Engineer', 700) on conflict (id) do update set role_name = excluded.role_name, rate = excluded.rate;
insert into public.crew_positions (id, crew_id, role_name, rate) values ('b523a455-24d5-51b9-9f22-f9ccea33b40a', '118eeb71-0e85-58e1-b4d3-2510dc129330', 'Speaker Ready', 650) on conflict (id) do update set role_name = excluded.role_name, rate = excluded.rate;
insert into public.crew (id, name, city_pool_id, group_name, tier, phone, email, other_city, ob, notes, description) values ('03660ab3-21b5-5ca7-a961-d779642b1966', 'David Jarres', 'd2808c14-edba-5a3b-9a4d-5f15e1a5c2a7', 'Ungrouped', null, '228-364-2780', 'djsproductions82@gmail.com', null, false, 'Raw location: sent', null) on conflict (id) do update set name = excluded.name, city_pool_id = excluded.city_pool_id, tier = excluded.tier, phone = excluded.phone, email = excluded.email, other_city = excluded.other_city, ob = excluded.ob, notes = excluded.notes, description = excluded.description;
insert into public.crew_positions (id, crew_id, role_name, rate) values ('4fb578c1-1674-5e23-b914-553a20474197', '03660ab3-21b5-5ca7-a961-d779642b1966', 'LD-Lighting Designer', 700) on conflict (id) do update set role_name = excluded.role_name, rate = excluded.rate;
insert into public.crew (id, name, city_pool_id, group_name, tier, phone, email, other_city, ob, notes, description) values ('8428e3f5-0c40-5aad-b920-c29edd76ca80', 'Dawn Heard', 'd2808c14-edba-5a3b-9a4d-5f15e1a5c2a7', 'Ungrouped', null, '504-430-7686', 'dmh70005@gmail.com', null, false, 'Raw location: sent', null) on conflict (id) do update set name = excluded.name, city_pool_id = excluded.city_pool_id, tier = excluded.tier, phone = excluded.phone, email = excluded.email, other_city = excluded.other_city, ob = excluded.ob, notes = excluded.notes, description = excluded.description;
insert into public.crew_positions (id, crew_id, role_name, rate) values ('51595dda-7df2-59cd-b623-f9f8344de1dc', '8428e3f5-0c40-5aad-b920-c29edd76ca80', 'Stagehand', 400) on conflict (id) do update set role_name = excluded.role_name, rate = excluded.rate;
insert into public.crew (id, name, city_pool_id, group_name, tier, phone, email, other_city, ob, notes, description) values ('ab551a79-7a0b-5563-9e6a-e43f766801e5', 'Edwin Bergeron', 'd2808c14-edba-5a3b-9a4d-5f15e1a5c2a7', 'Ungrouped', 'Tier 2ABC', '504-390-5738', 'edwinbergeron@yahoo.com', null, false, 'Raw location: sent New Orleans', 'Atem, Roland V series, analog or digital audio boards') on conflict (id) do update set name = excluded.name, city_pool_id = excluded.city_pool_id, tier = excluded.tier, phone = excluded.phone, email = excluded.email, other_city = excluded.other_city, ob = excluded.ob, notes = excluded.notes, description = excluded.description;
insert into public.crew_positions (id, crew_id, role_name, rate) values ('ca85a758-93b4-52bf-b178-c5f0ecde15ea', 'ab551a79-7a0b-5563-9e6a-e43f766801e5', 'V1-Lead Video Engineer', 700) on conflict (id) do update set role_name = excluded.role_name, rate = excluded.rate;
insert into public.crew_positions (id, crew_id, role_name, rate) values ('5e7a4ca0-0bcc-562f-9fe9-3290e2960b93', 'ab551a79-7a0b-5563-9e6a-e43f766801e5', 'V2-Video Assist', 550) on conflict (id) do update set role_name = excluded.role_name, rate = excluded.rate;
insert into public.crew_positions (id, crew_id, role_name, rate) values ('26d13315-0586-506c-aaf3-29baf580276d', 'ab551a79-7a0b-5563-9e6a-e43f766801e5', 'Breakout Operator', 600) on conflict (id) do update set role_name = excluded.role_name, rate = excluded.rate;
insert into public.crew_positions (id, crew_id, role_name, rate) values ('29bddaa8-1a83-5f70-820a-708634c790cc', 'ab551a79-7a0b-5563-9e6a-e43f766801e5', 'General AV', 450) on conflict (id) do update set role_name = excluded.role_name, rate = excluded.rate;
insert into public.crew_positions (id, crew_id, role_name, rate) values ('c8b4d46d-4e8f-546b-9de0-795c50b05938', 'ab551a79-7a0b-5563-9e6a-e43f766801e5', 'Speaker Ready', 650) on conflict (id) do update set role_name = excluded.role_name, rate = excluded.rate;
insert into public.crew (id, name, city_pool_id, group_name, tier, phone, email, other_city, ob, notes, description) values ('48e06ec2-7ed6-5579-b0cd-82208dbdc57b', 'Gabriel Kellum', 'd2808c14-edba-5a3b-9a4d-5f15e1a5c2a7', 'Ungrouped', '3ABC', '702-628-4029', 'gabrielkellum7@gmail.com', null, false, 'Raw location: sent New Orleans', null) on conflict (id) do update set name = excluded.name, city_pool_id = excluded.city_pool_id, tier = excluded.tier, phone = excluded.phone, email = excluded.email, other_city = excluded.other_city, ob = excluded.ob, notes = excluded.notes, description = excluded.description;
insert into public.crew_positions (id, crew_id, role_name, rate) values ('2cdc72e5-9b6f-50b7-9298-7a44693ede66', '48e06ec2-7ed6-5579-b0cd-82208dbdc57b', 'General AV', 450) on conflict (id) do update set role_name = excluded.role_name, rate = excluded.rate;
insert into public.crew_positions (id, crew_id, role_name, rate) values ('7daafa77-45e0-5bca-9105-da03e2e4ca8d', '48e06ec2-7ed6-5579-b0cd-82208dbdc57b', 'LED Assist', 500) on conflict (id) do update set role_name = excluded.role_name, rate = excluded.rate;
insert into public.crew (id, name, city_pool_id, group_name, tier, phone, email, other_city, ob, notes, description) values ('a1d1d7d8-fcec-548f-9e18-dfb1dffc556f', 'Grant Ingram', 'd2808c14-edba-5a3b-9a4d-5f15e1a5c2a7', 'Ungrouped', 'Tier 1 ABC', '504-237-1351', 'openalias@gmail.com', null, false, 'Raw location: sent, no response', null) on conflict (id) do update set name = excluded.name, city_pool_id = excluded.city_pool_id, tier = excluded.tier, phone = excluded.phone, email = excluded.email, other_city = excluded.other_city, ob = excluded.ob, notes = excluded.notes, description = excluded.description;
insert into public.crew_positions (id, crew_id, role_name, rate) values ('4acb7b7f-e637-5a05-854e-a74bf667e133', 'a1d1d7d8-fcec-548f-9e18-dfb1dffc556f', 'V1-Lead Video Engineer', 700) on conflict (id) do update set role_name = excluded.role_name, rate = excluded.rate;
insert into public.crew (id, name, city_pool_id, group_name, tier, phone, email, other_city, ob, notes, description) values ('acd00b78-ae6f-54a0-b0d9-5f282ea47d75', 'Harold Haskins', 'd2808c14-edba-5a3b-9a4d-5f15e1a5c2a7', 'Ungrouped', 'Tier 2ABC', '415-374-6430', 'harroldmane@gmail.com', null, false, 'Raw location: sent', null) on conflict (id) do update set name = excluded.name, city_pool_id = excluded.city_pool_id, tier = excluded.tier, phone = excluded.phone, email = excluded.email, other_city = excluded.other_city, ob = excluded.ob, notes = excluded.notes, description = excluded.description;
insert into public.crew_positions (id, crew_id, role_name, rate) values ('ffbcc2b3-a3f3-5d68-93f5-82c40837353d', 'acd00b78-ae6f-54a0-b0d9-5f282ea47d75', 'Breakout Operator', 600) on conflict (id) do update set role_name = excluded.role_name, rate = excluded.rate;
insert into public.crew_positions (id, crew_id, role_name, rate) values ('1c692c51-202e-52c1-8dfa-739d8e97bd8c', 'acd00b78-ae6f-54a0-b0d9-5f282ea47d75', 'General AV', 450) on conflict (id) do update set role_name = excluded.role_name, rate = excluded.rate;
insert into public.crew (id, name, city_pool_id, group_name, tier, phone, email, other_city, ob, notes, description) values ('a4a835ef-571f-54b6-83d6-b265d72f75ff', 'Ian Lloyd', 'd2808c14-edba-5a3b-9a4d-5f15e1a5c2a7', 'Ungrouped', null, '703-772-7030', 'ianclloyd47@gmail.com', null, true, 'Raw location: OB New Orleans', null) on conflict (id) do update set name = excluded.name, city_pool_id = excluded.city_pool_id, tier = excluded.tier, phone = excluded.phone, email = excluded.email, other_city = excluded.other_city, ob = excluded.ob, notes = excluded.notes, description = excluded.description;
insert into public.crew_positions (id, crew_id, role_name, rate) values ('a4f320d7-2225-5d7d-a53e-b238326b7014', 'a4a835ef-571f-54b6-83d6-b265d72f75ff', 'General AV', 450) on conflict (id) do update set role_name = excluded.role_name, rate = excluded.rate;
insert into public.crew (id, name, city_pool_id, group_name, tier, phone, email, other_city, ob, notes, description) values ('06e79cf0-93a2-5820-8db2-16a60f3c9214', 'Ike White', 'd2808c14-edba-5a3b-9a4d-5f15e1a5c2a7', 'Ungrouped', 'Tier 2 AC', '504-877-6537', 'isaac.aaron.white@gmail.com', null, false, 'Raw location: sent', null) on conflict (id) do update set name = excluded.name, city_pool_id = excluded.city_pool_id, tier = excluded.tier, phone = excluded.phone, email = excluded.email, other_city = excluded.other_city, ob = excluded.ob, notes = excluded.notes, description = excluded.description;
insert into public.crew_positions (id, crew_id, role_name, rate) values ('42cb926f-b8a0-5f6d-8c74-12917f094695', '06e79cf0-93a2-5820-8db2-16a60f3c9214', 'General AV', 450) on conflict (id) do update set role_name = excluded.role_name, rate = excluded.rate;
insert into public.crew (id, name, city_pool_id, group_name, tier, phone, email, other_city, ob, notes, description) values ('79eabb73-34f9-50fd-af12-0c1bf313c5b6', 'Janya Jarres', 'd2808c14-edba-5a3b-9a4d-5f15e1a5c2a7', 'Ungrouped', null, null, 'j.samerpitak@gmail.com', null, false, null, null) on conflict (id) do update set name = excluded.name, city_pool_id = excluded.city_pool_id, tier = excluded.tier, phone = excluded.phone, email = excluded.email, other_city = excluded.other_city, ob = excluded.ob, notes = excluded.notes, description = excluded.description;
insert into public.crew_positions (id, crew_id, role_name, rate) values ('d599809c-3103-58f8-bc83-5022164874ce', '79eabb73-34f9-50fd-af12-0c1bf313c5b6', 'L2-Lighting Assist', 500) on conflict (id) do update set role_name = excluded.role_name, rate = excluded.rate;
insert into public.crew_positions (id, crew_id, role_name, rate) values ('1a62b708-8145-55cd-bb8a-31a3b19926f6', '79eabb73-34f9-50fd-af12-0c1bf313c5b6', 'General AV', 450) on conflict (id) do update set role_name = excluded.role_name, rate = excluded.rate;
insert into public.crew (id, name, city_pool_id, group_name, tier, phone, email, other_city, ob, notes, description) values ('493ee1e6-f71b-52f4-92e4-608b37536bc8', 'Joseph Dixon', 'd2808c14-edba-5a3b-9a4d-5f15e1a5c2a7', 'Ungrouped', null, null, 's.joseph.dixon@developmentspersonalle.com', null, false, 'Raw location: sent', null) on conflict (id) do update set name = excluded.name, city_pool_id = excluded.city_pool_id, tier = excluded.tier, phone = excluded.phone, email = excluded.email, other_city = excluded.other_city, ob = excluded.ob, notes = excluded.notes, description = excluded.description;
insert into public.crew_positions (id, crew_id, role_name, rate) values ('9e6b28e6-a9ba-57c4-a30d-29f8f4a59900', '493ee1e6-f71b-52f4-92e4-608b37536bc8', 'V1-Lead Video Engineer', 700) on conflict (id) do update set role_name = excluded.role_name, rate = excluded.rate;
insert into public.crew_positions (id, crew_id, role_name, rate) values ('b6314642-ac30-56ae-9a3d-6ad83a4f72c5', '493ee1e6-f71b-52f4-92e4-608b37536bc8', 'V2-Video Assist', 550) on conflict (id) do update set role_name = excluded.role_name, rate = excluded.rate;
insert into public.crew_positions (id, crew_id, role_name, rate) values ('b23e56c5-ffeb-572b-9e38-9803feff8b23', '493ee1e6-f71b-52f4-92e4-608b37536bc8', 'Breakout Operator', 600) on conflict (id) do update set role_name = excluded.role_name, rate = excluded.rate;
insert into public.crew_positions (id, crew_id, role_name, rate) values ('01e5a9d0-1e8c-5c41-acc3-67d214a9d2aa', '493ee1e6-f71b-52f4-92e4-608b37536bc8', 'General AV', 450) on conflict (id) do update set role_name = excluded.role_name, rate = excluded.rate;
insert into public.crew (id, name, city_pool_id, group_name, tier, phone, email, other_city, ob, notes, description) values ('426618c1-d1bb-501e-a840-32e39ffb71e6', 'Josh Valencia', 'd2808c14-edba-5a3b-9a4d-5f15e1a5c2a7', 'Ungrouped', '1ABC', null, 'josh@jvavlabor.biz', null, false, 'Raw location: sent', null) on conflict (id) do update set name = excluded.name, city_pool_id = excluded.city_pool_id, tier = excluded.tier, phone = excluded.phone, email = excluded.email, other_city = excluded.other_city, ob = excluded.ob, notes = excluded.notes, description = excluded.description;
insert into public.crew_positions (id, crew_id, role_name, rate) values ('99df164e-37e7-51de-859a-4115362ac8ec', '426618c1-d1bb-501e-a840-32e39ffb71e6', 'A1-Audio Engineer', 700) on conflict (id) do update set role_name = excluded.role_name, rate = excluded.rate;
insert into public.crew_positions (id, crew_id, role_name, rate) values ('d531fcff-4569-56cc-ba2d-80d3ba6a30f0', '426618c1-d1bb-501e-a840-32e39ffb71e6', 'General AV', 450) on conflict (id) do update set role_name = excluded.role_name, rate = excluded.rate;
insert into public.crew (id, name, city_pool_id, group_name, tier, phone, email, other_city, ob, notes, description) values ('209dc232-d759-5ef8-aa5c-18232126472c', 'Joshua Haydel', 'd2808c14-edba-5a3b-9a4d-5f15e1a5c2a7', 'Ungrouped', '1', '636 346 6651', 'drjoshuahaydel@gmail.com', null, false, 'Raw location: sent', 'Roland') on conflict (id) do update set name = excluded.name, city_pool_id = excluded.city_pool_id, tier = excluded.tier, phone = excluded.phone, email = excluded.email, other_city = excluded.other_city, ob = excluded.ob, notes = excluded.notes, description = excluded.description;
insert into public.crew_positions (id, crew_id, role_name, rate) values ('b51a7429-8cbf-5a31-ac08-14f00aa4e564', '209dc232-d759-5ef8-aa5c-18232126472c', 'V2-Video Assist', 550) on conflict (id) do update set role_name = excluded.role_name, rate = excluded.rate;
insert into public.crew_positions (id, crew_id, role_name, rate) values ('f7fda2a8-37b3-5823-94e6-2cdc9df17d5f', '209dc232-d759-5ef8-aa5c-18232126472c', 'General AV', 450) on conflict (id) do update set role_name = excluded.role_name, rate = excluded.rate;
insert into public.crew_positions (id, crew_id, role_name, rate) values ('eace9a12-f0ec-5a7a-ad83-8d55bcf3cebe', '209dc232-d759-5ef8-aa5c-18232126472c', 'A2-Audio Assist', 500) on conflict (id) do update set role_name = excluded.role_name, rate = excluded.rate;
insert into public.crew_positions (id, crew_id, role_name, rate) values ('1e5d485f-2bf2-5a96-9e26-2d9496483857', '209dc232-d759-5ef8-aa5c-18232126472c', 'Speaker Ready', 650) on conflict (id) do update set role_name = excluded.role_name, rate = excluded.rate;
insert into public.crew (id, name, city_pool_id, group_name, tier, phone, email, other_city, ob, notes, description) values ('3f422416-b841-54f6-9343-570ce7f27a70', 'Keith Charlet', 'd2808c14-edba-5a3b-9a4d-5f15e1a5c2a7', 'Ungrouped', null, '504-487-8538', null, null, false, 'Raw location: texted', null) on conflict (id) do update set name = excluded.name, city_pool_id = excluded.city_pool_id, tier = excluded.tier, phone = excluded.phone, email = excluded.email, other_city = excluded.other_city, ob = excluded.ob, notes = excluded.notes, description = excluded.description;
insert into public.crew_positions (id, crew_id, role_name, rate) values ('4a8e52eb-04c6-5d00-ad56-ed39686d90d4', '3f422416-b841-54f6-9343-570ce7f27a70', 'V1-Lead Video Engineer', 700) on conflict (id) do update set role_name = excluded.role_name, rate = excluded.rate;
insert into public.crew (id, name, city_pool_id, group_name, tier, phone, email, other_city, ob, notes, description) values ('bf16906b-fb39-5222-a899-a2855e21cfcc', 'Linden Duffourc', 'd2808c14-edba-5a3b-9a4d-5f15e1a5c2a7', 'Ungrouped', null, '504-209-4051', 'lindenduffourc1@gmail.com', null, false, 'Raw location: sent New Orleans', 'analog or digital audio mixer') on conflict (id) do update set name = excluded.name, city_pool_id = excluded.city_pool_id, tier = excluded.tier, phone = excluded.phone, email = excluded.email, other_city = excluded.other_city, ob = excluded.ob, notes = excluded.notes, description = excluded.description;
insert into public.crew_positions (id, crew_id, role_name, rate) values ('694044ac-41bf-5603-a17f-e8fbff3b7eab', 'bf16906b-fb39-5222-a899-a2855e21cfcc', 'A2-Audio Assist', 500) on conflict (id) do update set role_name = excluded.role_name, rate = excluded.rate;
insert into public.crew_positions (id, crew_id, role_name, rate) values ('9ddf847f-01f0-5a51-867a-0129cd40fe22', 'bf16906b-fb39-5222-a899-a2855e21cfcc', 'Breakout Operator', 600) on conflict (id) do update set role_name = excluded.role_name, rate = excluded.rate;
insert into public.crew_positions (id, crew_id, role_name, rate) values ('6203f143-01a9-5f5a-8a01-85155e296f76', 'bf16906b-fb39-5222-a899-a2855e21cfcc', 'General AV', 450) on conflict (id) do update set role_name = excluded.role_name, rate = excluded.rate;
insert into public.crew (id, name, city_pool_id, group_name, tier, phone, email, other_city, ob, notes, description) values ('4b68feb1-df44-599d-b510-713865f73462', 'Matt Thomas', 'd2808c14-edba-5a3b-9a4d-5f15e1a5c2a7', 'Ungrouped', null, null, 'jmthoma9@gmail.com', null, true, 'Raw location: New Orleans OB', 'GAV, Stagehand.') on conflict (id) do update set name = excluded.name, city_pool_id = excluded.city_pool_id, tier = excluded.tier, phone = excluded.phone, email = excluded.email, other_city = excluded.other_city, ob = excluded.ob, notes = excluded.notes, description = excluded.description;
insert into public.crew_positions (id, crew_id, role_name, rate) values ('468534f6-595b-525a-babe-9b4249ba47e5', '4b68feb1-df44-599d-b510-713865f73462', 'General AV', 450) on conflict (id) do update set role_name = excluded.role_name, rate = excluded.rate;
insert into public.crew_positions (id, crew_id, role_name, rate) values ('ecc3271a-1121-57c1-9710-70ffd749986e', '4b68feb1-df44-599d-b510-713865f73462', 'Stagehand', 400) on conflict (id) do update set role_name = excluded.role_name, rate = excluded.rate;
insert into public.crew (id, name, city_pool_id, group_name, tier, phone, email, other_city, ob, notes, description) values ('0d60e4ad-5cc4-5d9c-b1b0-68e121d1fad4', 'Michael Moises', 'd2808c14-edba-5a3b-9a4d-5f15e1a5c2a7', 'Ungrouped', null, null, 'michaelmoisesvideo@gmail.com', null, false, 'Raw location: sent', null) on conflict (id) do update set name = excluded.name, city_pool_id = excluded.city_pool_id, tier = excluded.tier, phone = excluded.phone, email = excluded.email, other_city = excluded.other_city, ob = excluded.ob, notes = excluded.notes, description = excluded.description;
insert into public.crew_positions (id, crew_id, role_name, rate) values ('95361ca8-8ba0-5f35-9aac-b755706dc4ef', '0d60e4ad-5cc4-5d9c-b1b0-68e121d1fad4', 'V1-Lead Video Engineer', 700) on conflict (id) do update set role_name = excluded.role_name, rate = excluded.rate;
insert into public.crew (id, name, city_pool_id, group_name, tier, phone, email, other_city, ob, notes, description) values ('947e0312-32db-5199-8d06-af443eaa30a3', 'Mike Levron', 'd2808c14-edba-5a3b-9a4d-5f15e1a5c2a7', 'Ungrouped', null, '985-381-3844', 'recordmenow@yahoo.com', null, false, 'Raw location: sent New Orleans', 'roland v160, atem, analog, or digital audio') on conflict (id) do update set name = excluded.name, city_pool_id = excluded.city_pool_id, tier = excluded.tier, phone = excluded.phone, email = excluded.email, other_city = excluded.other_city, ob = excluded.ob, notes = excluded.notes, description = excluded.description;
insert into public.crew_positions (id, crew_id, role_name, rate) values ('012323da-f5ca-579e-81aa-7d2f16e79e6f', '947e0312-32db-5199-8d06-af443eaa30a3', 'A1-Audio Engineer', 700) on conflict (id) do update set role_name = excluded.role_name, rate = excluded.rate;
insert into public.crew_positions (id, crew_id, role_name, rate) values ('395665a8-fecd-5c3f-ae18-1c5c9cbef472', '947e0312-32db-5199-8d06-af443eaa30a3', 'V1-Lead Video Engineer', 700) on conflict (id) do update set role_name = excluded.role_name, rate = excluded.rate;
insert into public.crew_positions (id, crew_id, role_name, rate) values ('3288c247-42b5-5b59-895a-0dc9f57ee52c', '947e0312-32db-5199-8d06-af443eaa30a3', 'LD-Lighting Designer', 700) on conflict (id) do update set role_name = excluded.role_name, rate = excluded.rate;
insert into public.crew_positions (id, crew_id, role_name, rate) values ('77890701-3953-5805-92ca-d8d836d615db', '947e0312-32db-5199-8d06-af443eaa30a3', 'Speaker Ready', 650) on conflict (id) do update set role_name = excluded.role_name, rate = excluded.rate;
insert into public.crew (id, name, city_pool_id, group_name, tier, phone, email, other_city, ob, notes, description) values ('c9fac24f-f20c-53a0-87ee-7d64d68b9798', 'Mike Selleck', 'd2808c14-edba-5a3b-9a4d-5f15e1a5c2a7', 'Ungrouped', '2 C', '5042841069', 'mxselleck@gmail.com', null, true, 'Raw location: New Orleans OB', 'Roland V160, Atem, Pearl, zoom, Analog or digital') on conflict (id) do update set name = excluded.name, city_pool_id = excluded.city_pool_id, tier = excluded.tier, phone = excluded.phone, email = excluded.email, other_city = excluded.other_city, ob = excluded.ob, notes = excluded.notes, description = excluded.description;
insert into public.crew_positions (id, crew_id, role_name, rate) values ('eb2e9ab9-4f7e-5944-af63-98f47a80afd4', 'c9fac24f-f20c-53a0-87ee-7d64d68b9798', 'Breakout Operator', 600) on conflict (id) do update set role_name = excluded.role_name, rate = excluded.rate;
insert into public.crew_positions (id, crew_id, role_name, rate) values ('e90a25cb-77c6-516e-b87b-e8821831d74a', 'c9fac24f-f20c-53a0-87ee-7d64d68b9798', 'General AV', 450) on conflict (id) do update set role_name = excluded.role_name, rate = excluded.rate;
insert into public.crew_positions (id, crew_id, role_name, rate) values ('14911e3b-06f1-5477-bd52-7fa26ea5b01b', 'c9fac24f-f20c-53a0-87ee-7d64d68b9798', 'Stagehand', 400) on conflict (id) do update set role_name = excluded.role_name, rate = excluded.rate;
insert into public.crew_positions (id, crew_id, role_name, rate) values ('c75fdd37-6f7e-5b81-ae0b-92890228c4d5', 'c9fac24f-f20c-53a0-87ee-7d64d68b9798', 'V2-Video Assist', 550) on conflict (id) do update set role_name = excluded.role_name, rate = excluded.rate;
insert into public.crew_positions (id, crew_id, role_name, rate) values ('0cfc259d-0dc6-5761-a5af-f65d600034d4', 'c9fac24f-f20c-53a0-87ee-7d64d68b9798', 'A2-Audio Assist', 500) on conflict (id) do update set role_name = excluded.role_name, rate = excluded.rate;
insert into public.crew_positions (id, crew_id, role_name, rate) values ('c74b675e-141e-557b-b657-f0c1b179919c', 'c9fac24f-f20c-53a0-87ee-7d64d68b9798', 'LED Assist', 500) on conflict (id) do update set role_name = excluded.role_name, rate = excluded.rate;
insert into public.crew_positions (id, crew_id, role_name, rate) values ('b16bc214-fda7-587b-81ca-6951d970091b', 'c9fac24f-f20c-53a0-87ee-7d64d68b9798', 'Speaker Ready', 650) on conflict (id) do update set role_name = excluded.role_name, rate = excluded.rate;
insert into public.crew (id, name, city_pool_id, group_name, tier, phone, email, other_city, ob, notes, description) values ('2e4630cc-40cf-5bd3-b5e1-15d36e29068b', 'Mikey Arruebarena', 'd2808c14-edba-5a3b-9a4d-5f15e1a5c2a7', 'Ungrouped', null, '504-296-2817', 'mnarrueb@gmail.com', null, false, 'Raw location: sent', null) on conflict (id) do update set name = excluded.name, city_pool_id = excluded.city_pool_id, tier = excluded.tier, phone = excluded.phone, email = excluded.email, other_city = excluded.other_city, ob = excluded.ob, notes = excluded.notes, description = excluded.description;
insert into public.crew_positions (id, crew_id, role_name, rate) values ('78663fa8-d003-5ea1-84bd-6fe16eb91de8', '2e4630cc-40cf-5bd3-b5e1-15d36e29068b', 'V1-Lead Video Engineer', 700) on conflict (id) do update set role_name = excluded.role_name, rate = excluded.rate;
insert into public.crew (id, name, city_pool_id, group_name, tier, phone, email, other_city, ob, notes, description) values ('f1d85635-0999-5e25-95c7-256d434558c4', 'Morgan Stites', 'd2808c14-edba-5a3b-9a4d-5f15e1a5c2a7', 'Ungrouped', null, null, null, null, false, null, null) on conflict (id) do update set name = excluded.name, city_pool_id = excluded.city_pool_id, tier = excluded.tier, phone = excluded.phone, email = excluded.email, other_city = excluded.other_city, ob = excluded.ob, notes = excluded.notes, description = excluded.description;
insert into public.crew_positions (id, crew_id, role_name, rate) values ('6afcc72a-d163-5f7b-ac37-d0a100af659c', 'f1d85635-0999-5e25-95c7-256d434558c4', 'General AV', 450) on conflict (id) do update set role_name = excluded.role_name, rate = excluded.rate;
insert into public.crew (id, name, city_pool_id, group_name, tier, phone, email, other_city, ob, notes, description) values ('30c3a7b4-9991-50dc-b915-982b215048e8', 'Patrick Chriss', 'd2808c14-edba-5a3b-9a4d-5f15e1a5c2a7', 'Ungrouped', 'Bailed close to show for better gig BABC', '504-237-8578', 'patrickchriss02@gmail.com', null, true, 'Imported rate text: Standard | Raw location: New Orleans OB', 'analog and digital, Roland, Atem, Barco, Analog Way') on conflict (id) do update set name = excluded.name, city_pool_id = excluded.city_pool_id, tier = excluded.tier, phone = excluded.phone, email = excluded.email, other_city = excluded.other_city, ob = excluded.ob, notes = excluded.notes, description = excluded.description;
insert into public.crew_positions (id, crew_id, role_name, rate) values ('da83b737-ea80-5c3f-92a1-c70fb1cf9685', '30c3a7b4-9991-50dc-b915-982b215048e8', 'Breakout Operator', 600) on conflict (id) do update set role_name = excluded.role_name, rate = excluded.rate;
insert into public.crew_positions (id, crew_id, role_name, rate) values ('8ceb0186-2664-5c47-b7ed-92d358409444', '30c3a7b4-9991-50dc-b915-982b215048e8', 'A2-Audio Assist', 500) on conflict (id) do update set role_name = excluded.role_name, rate = excluded.rate;
insert into public.crew_positions (id, crew_id, role_name, rate) values ('6aea518a-0e1f-52ca-9d3b-38dc7649078d', '30c3a7b4-9991-50dc-b915-982b215048e8', 'V1-Lead Video Engineer', 700) on conflict (id) do update set role_name = excluded.role_name, rate = excluded.rate;
insert into public.crew_positions (id, crew_id, role_name, rate) values ('300f5fd7-ee0d-5d5a-b3e1-7fd3db2c1253', '30c3a7b4-9991-50dc-b915-982b215048e8', 'LED Assist', 500) on conflict (id) do update set role_name = excluded.role_name, rate = excluded.rate;
insert into public.crew_positions (id, crew_id, role_name, rate) values ('f388599c-3408-5d8a-acbd-3701bc1f21b9', '30c3a7b4-9991-50dc-b915-982b215048e8', 'L2-Lighting Assist', 500) on conflict (id) do update set role_name = excluded.role_name, rate = excluded.rate;
insert into public.crew_positions (id, crew_id, role_name, rate) values ('af7645ed-e81b-514d-a584-a4a6a4acb1b7', '30c3a7b4-9991-50dc-b915-982b215048e8', 'Camera Operator', 700) on conflict (id) do update set role_name = excluded.role_name, rate = excluded.rate;
insert into public.crew_positions (id, crew_id, role_name, rate) values ('208f9df3-1173-53ca-a2dd-5e25c192b3a3', '30c3a7b4-9991-50dc-b915-982b215048e8', 'Speaker Ready', 650) on conflict (id) do update set role_name = excluded.role_name, rate = excluded.rate;
insert into public.crew (id, name, city_pool_id, group_name, tier, phone, email, other_city, ob, notes, description) values ('206686cc-d5d6-551e-a8ce-9f8f43a660b8', 'Rahsaan', 'd2808c14-edba-5a3b-9a4d-5f15e1a5c2a7', 'Ungrouped', null, null, null, null, false, null, null) on conflict (id) do update set name = excluded.name, city_pool_id = excluded.city_pool_id, tier = excluded.tier, phone = excluded.phone, email = excluded.email, other_city = excluded.other_city, ob = excluded.ob, notes = excluded.notes, description = excluded.description;
insert into public.crew_positions (id, crew_id, role_name, rate) values ('ff97c093-4580-5fa2-902e-d66cb249a90c', '206686cc-d5d6-551e-a8ce-9f8f43a660b8', 'General AV', 450) on conflict (id) do update set role_name = excluded.role_name, rate = excluded.rate;
insert into public.crew (id, name, city_pool_id, group_name, tier, phone, email, other_city, ob, notes, description) values ('683712e1-5c71-508f-a183-a1bb67f1aa8c', 'Reese Lombardino', 'd2808c14-edba-5a3b-9a4d-5f15e1a5c2a7', 'Ungrouped', null, null, 'maurice.lombardino@gmail.com', null, false, null, null) on conflict (id) do update set name = excluded.name, city_pool_id = excluded.city_pool_id, tier = excluded.tier, phone = excluded.phone, email = excluded.email, other_city = excluded.other_city, ob = excluded.ob, notes = excluded.notes, description = excluded.description;
insert into public.crew_positions (id, crew_id, role_name, rate) values ('94572296-683a-5cee-854f-786d65ed7d1c', '683712e1-5c71-508f-a183-a1bb67f1aa8c', 'A2-Audio Assist', 500) on conflict (id) do update set role_name = excluded.role_name, rate = excluded.rate;
insert into public.crew (id, name, city_pool_id, group_name, tier, phone, email, other_city, ob, notes, description) values ('ec8b8793-9b31-5a8d-8b2b-1953b215a151', 'Rendon Slade', 'd2808c14-edba-5a3b-9a4d-5f15e1a5c2a7', 'Ungrouped', null, null, 'rendonslade@gmail.com', null, false, null, null) on conflict (id) do update set name = excluded.name, city_pool_id = excluded.city_pool_id, tier = excluded.tier, phone = excluded.phone, email = excluded.email, other_city = excluded.other_city, ob = excluded.ob, notes = excluded.notes, description = excluded.description;
insert into public.crew_positions (id, crew_id, role_name, rate) values ('3fd91ad6-dbec-53e2-8d70-c75706cf9c17', 'ec8b8793-9b31-5a8d-8b2b-1953b215a151', 'General AV', 450) on conflict (id) do update set role_name = excluded.role_name, rate = excluded.rate;
insert into public.crew (id, name, city_pool_id, group_name, tier, phone, email, other_city, ob, notes, description) values ('6bcd71f7-0f83-5e86-a1c3-9c9507259a63', 'Rianna (Rin) Medico', 'd2808c14-edba-5a3b-9a4d-5f15e1a5c2a7', 'Ungrouped', null, '5043057977', 'rmedico94@gmail.com', null, true, 'Imported rate text: $45 / $450 Standard | Raw location: OB New Orleans', 'roland v series, pearls, analog and digital audio mixers, gma2, hog') on conflict (id) do update set name = excluded.name, city_pool_id = excluded.city_pool_id, tier = excluded.tier, phone = excluded.phone, email = excluded.email, other_city = excluded.other_city, ob = excluded.ob, notes = excluded.notes, description = excluded.description;
insert into public.crew_positions (id, crew_id, role_name, rate) values ('76ff79e0-5e42-519b-be32-05a50cd5b7b7', '6bcd71f7-0f83-5e86-a1c3-9c9507259a63', 'A1-Audio Engineer', 247.5) on conflict (id) do update set role_name = excluded.role_name, rate = excluded.rate;
insert into public.crew_positions (id, crew_id, role_name, rate) values ('afc96bac-d919-50af-a8ae-4634ed963dba', '6bcd71f7-0f83-5e86-a1c3-9c9507259a63', 'A2-Audio Assist', 247.5) on conflict (id) do update set role_name = excluded.role_name, rate = excluded.rate;
insert into public.crew_positions (id, crew_id, role_name, rate) values ('772291b9-8593-592c-b363-44ba5504ba25', '6bcd71f7-0f83-5e86-a1c3-9c9507259a63', 'General AV', 247.5) on conflict (id) do update set role_name = excluded.role_name, rate = excluded.rate;
insert into public.crew_positions (id, crew_id, role_name, rate) values ('e1b7738d-f8a3-58f7-9988-f232a3e6d48d', '6bcd71f7-0f83-5e86-a1c3-9c9507259a63', 'LD-Lighting Designer', 247.5) on conflict (id) do update set role_name = excluded.role_name, rate = excluded.rate;
insert into public.crew_positions (id, crew_id, role_name, rate) values ('ca7c52fb-4a89-5218-af1a-52f1948c7451', '6bcd71f7-0f83-5e86-a1c3-9c9507259a63', 'L2-Lighting Assist', 247.5) on conflict (id) do update set role_name = excluded.role_name, rate = excluded.rate;
insert into public.crew_positions (id, crew_id, role_name, rate) values ('6553b5c5-e357-58ad-a804-f05d3646374c', '6bcd71f7-0f83-5e86-a1c3-9c9507259a63', 'V2-Video Assist', 247.5) on conflict (id) do update set role_name = excluded.role_name, rate = excluded.rate;
insert into public.crew_positions (id, crew_id, role_name, rate) values ('4405726f-36ee-5ec0-ba31-f586af276995', '6bcd71f7-0f83-5e86-a1c3-9c9507259a63', 'Speaker Ready', 247.5) on conflict (id) do update set role_name = excluded.role_name, rate = excluded.rate;
insert into public.crew (id, name, city_pool_id, group_name, tier, phone, email, other_city, ob, notes, description) values ('8062fb90-30d3-5ee2-97b8-3fdc63092ca6', 'Rob Olmstead', 'd2808c14-edba-5a3b-9a4d-5f15e1a5c2a7', 'Ungrouped', null, null, null, null, false, null, null) on conflict (id) do update set name = excluded.name, city_pool_id = excluded.city_pool_id, tier = excluded.tier, phone = excluded.phone, email = excluded.email, other_city = excluded.other_city, ob = excluded.ob, notes = excluded.notes, description = excluded.description;
insert into public.crew_positions (id, crew_id, role_name, rate) values ('9ecc2c66-8ab3-5f97-9f27-84d857312cf3', '8062fb90-30d3-5ee2-97b8-3fdc63092ca6', 'Camera Operator', 700) on conflict (id) do update set role_name = excluded.role_name, rate = excluded.rate;
insert into public.crew (id, name, city_pool_id, group_name, tier, phone, email, other_city, ob, notes, description) values ('2b2e316a-100d-5820-9d2c-edc576523bf7', 'Rob Zuchowski', 'd2808c14-edba-5a3b-9a4d-5f15e1a5c2a7', 'Ungrouped', '3ABC', null, null, null, false, null, null) on conflict (id) do update set name = excluded.name, city_pool_id = excluded.city_pool_id, tier = excluded.tier, phone = excluded.phone, email = excluded.email, other_city = excluded.other_city, ob = excluded.ob, notes = excluded.notes, description = excluded.description;
insert into public.crew_positions (id, crew_id, role_name, rate) values ('153a791b-f437-57c5-869a-53f43c6cbad6', '2b2e316a-100d-5820-9d2c-edc576523bf7', 'A2-Audio Assist', 500) on conflict (id) do update set role_name = excluded.role_name, rate = excluded.rate;
insert into public.crew (id, name, city_pool_id, group_name, tier, phone, email, other_city, ob, notes, description) values ('8409465e-0e16-5720-a999-73df526afa3d', 'Samuel Benson', 'd2808c14-edba-5a3b-9a4d-5f15e1a5c2a7', 'Ungrouped', '1', null, null, null, false, null, null) on conflict (id) do update set name = excluded.name, city_pool_id = excluded.city_pool_id, tier = excluded.tier, phone = excluded.phone, email = excluded.email, other_city = excluded.other_city, ob = excluded.ob, notes = excluded.notes, description = excluded.description;
insert into public.crew_positions (id, crew_id, role_name, rate) values ('d7205d31-d7b0-5960-8a42-8ace9331007c', '8409465e-0e16-5720-a999-73df526afa3d', 'General AV', 450) on conflict (id) do update set role_name = excluded.role_name, rate = excluded.rate;
insert into public.crew (id, name, city_pool_id, group_name, tier, phone, email, other_city, ob, notes, description) values ('3ad0858f-54aa-5c26-9b74-606e8c26109c', 'Sean Davis', 'd2808c14-edba-5a3b-9a4d-5f15e1a5c2a7', 'Ungrouped', null, null, 'shyboyent@yahoo.com', null, false, 'Raw location: New Orleans', 'analog, digital audio mixer') on conflict (id) do update set name = excluded.name, city_pool_id = excluded.city_pool_id, tier = excluded.tier, phone = excluded.phone, email = excluded.email, other_city = excluded.other_city, ob = excluded.ob, notes = excluded.notes, description = excluded.description;
insert into public.crew_positions (id, crew_id, role_name, rate) values ('7db9e4ec-e836-5969-a118-e6df0788de06', '3ad0858f-54aa-5c26-9b74-606e8c26109c', 'General AV', 450) on conflict (id) do update set role_name = excluded.role_name, rate = excluded.rate;
insert into public.crew (id, name, city_pool_id, group_name, tier, phone, email, other_city, ob, notes, description) values ('a6b60164-77c3-5cea-9778-40ad3ab3a88e', 'Sebastion Naredo', 'd2808c14-edba-5a3b-9a4d-5f15e1a5c2a7', 'Ungrouped', null, null, 'snaredo297@gmail.com', null, false, null, null) on conflict (id) do update set name = excluded.name, city_pool_id = excluded.city_pool_id, tier = excluded.tier, phone = excluded.phone, email = excluded.email, other_city = excluded.other_city, ob = excluded.ob, notes = excluded.notes, description = excluded.description;
insert into public.crew_positions (id, crew_id, role_name, rate) values ('7f1b37a8-92c9-5c74-bef9-29bcfd106711', 'a6b60164-77c3-5cea-9778-40ad3ab3a88e', 'General AV', 450) on conflict (id) do update set role_name = excluded.role_name, rate = excluded.rate;
insert into public.crew (id, name, city_pool_id, group_name, tier, phone, email, other_city, ob, notes, description) values ('7214567e-e941-560d-92ed-7b12bba0ef75', 'Siobhan Higgins', 'd2808c14-edba-5a3b-9a4d-5f15e1a5c2a7', 'Ungrouped', '3ABC', '7866061504', 'siobhanhig@gmail.com', null, false, 'Imported rate text: standard | Raw location: New Orleans', 'Roland v series, Blackmagic switchers') on conflict (id) do update set name = excluded.name, city_pool_id = excluded.city_pool_id, tier = excluded.tier, phone = excluded.phone, email = excluded.email, other_city = excluded.other_city, ob = excluded.ob, notes = excluded.notes, description = excluded.description;
insert into public.crew_positions (id, crew_id, role_name, rate) values ('4fdbe8bb-f326-5660-8762-0b2fab711660', '7214567e-e941-560d-92ed-7b12bba0ef75', 'Breakout Operator', 600) on conflict (id) do update set role_name = excluded.role_name, rate = excluded.rate;
insert into public.crew_positions (id, crew_id, role_name, rate) values ('bae5e2da-8ecc-5c8e-ad3c-91d92f153f03', '7214567e-e941-560d-92ed-7b12bba0ef75', 'Speaker Ready', 650) on conflict (id) do update set role_name = excluded.role_name, rate = excluded.rate;
insert into public.crew (id, name, city_pool_id, group_name, tier, phone, email, other_city, ob, notes, description) values ('8a2be82e-faae-5689-95dd-c900cff06021', 'Storm Leigh', 'd2808c14-edba-5a3b-9a4d-5f15e1a5c2a7', 'Ungrouped', 'Tip Top', null, 'storm.leigh123@gmail.com', null, false, null, null) on conflict (id) do update set name = excluded.name, city_pool_id = excluded.city_pool_id, tier = excluded.tier, phone = excluded.phone, email = excluded.email, other_city = excluded.other_city, ob = excluded.ob, notes = excluded.notes, description = excluded.description;
insert into public.crew_positions (id, crew_id, role_name, rate) values ('645d5e08-b6ce-5e53-a1b0-887acbe168aa', '8a2be82e-faae-5689-95dd-c900cff06021', 'General AV', 450) on conflict (id) do update set role_name = excluded.role_name, rate = excluded.rate;
insert into public.crew (id, name, city_pool_id, group_name, tier, phone, email, other_city, ob, notes, description) values ('de75fd79-d558-5ab9-a7ba-45bca8711eb4', 'Ventura Alvarez', 'd2808c14-edba-5a3b-9a4d-5f15e1a5c2a7', 'Ungrouped', '2ABC', null, 'venturaalvarez@icloud.com', null, false, null, null) on conflict (id) do update set name = excluded.name, city_pool_id = excluded.city_pool_id, tier = excluded.tier, phone = excluded.phone, email = excluded.email, other_city = excluded.other_city, ob = excluded.ob, notes = excluded.notes, description = excluded.description;
insert into public.crew_positions (id, crew_id, role_name, rate) values ('c44d7785-5a39-5fc2-ad75-e026133f70ad', 'de75fd79-d558-5ab9-a7ba-45bca8711eb4', 'V2-Video Assist', 550) on conflict (id) do update set role_name = excluded.role_name, rate = excluded.rate;
insert into public.crew_positions (id, crew_id, role_name, rate) values ('964bf581-bb9c-5fc1-b60a-e87ed296167f', 'de75fd79-d558-5ab9-a7ba-45bca8711eb4', 'General AV', 450) on conflict (id) do update set role_name = excluded.role_name, rate = excluded.rate;
insert into public.crew (id, name, city_pool_id, group_name, tier, phone, email, other_city, ob, notes, description) values ('da9837b9-21a3-55f8-b6cd-d2cf0b2f734f', 'Wallace Aleman', 'd2808c14-edba-5a3b-9a4d-5f15e1a5c2a7', 'Ungrouped', '3', '504-390-5686', 'wallacealeman@gmail.com', null, false, 'Raw location: New Orleans', 'digital and analog') on conflict (id) do update set name = excluded.name, city_pool_id = excluded.city_pool_id, tier = excluded.tier, phone = excluded.phone, email = excluded.email, other_city = excluded.other_city, ob = excluded.ob, notes = excluded.notes, description = excluded.description;
insert into public.crew_positions (id, crew_id, role_name, rate) values ('1bd936a3-c2b3-59eb-bf8c-18aaee4960b9', 'da9837b9-21a3-55f8-b6cd-d2cf0b2f734f', 'General AV', 450) on conflict (id) do update set role_name = excluded.role_name, rate = excluded.rate;
insert into public.crew_positions (id, crew_id, role_name, rate) values ('c94c2b31-d4d5-5843-82ee-3a6fd9bee490', 'da9837b9-21a3-55f8-b6cd-d2cf0b2f734f', 'A2-Audio Assist', 500) on conflict (id) do update set role_name = excluded.role_name, rate = excluded.rate;
insert into public.crew (id, name, city_pool_id, group_name, tier, phone, email, other_city, ob, notes, description) values ('c447b4a3-94c4-5274-ae9f-ed8fbb94f819', 'Yohei Yamada', 'd2808c14-edba-5a3b-9a4d-5f15e1a5c2a7', 'Ungrouped', '2ABC', null, null, null, false, null, null) on conflict (id) do update set name = excluded.name, city_pool_id = excluded.city_pool_id, tier = excluded.tier, phone = excluded.phone, email = excluded.email, other_city = excluded.other_city, ob = excluded.ob, notes = excluded.notes, description = excluded.description;
insert into public.crew_positions (id, crew_id, role_name, rate) values ('ac745309-3fde-5343-9e52-ddb064ca7329', 'c447b4a3-94c4-5274-ae9f-ed8fbb94f819', 'A1-Audio Engineer', 700) on conflict (id) do update set role_name = excluded.role_name, rate = excluded.rate;
insert into public.crew_positions (id, crew_id, role_name, rate) values ('592efb2f-4a58-50b4-962e-65a2d6e7ad80', 'c447b4a3-94c4-5274-ae9f-ed8fbb94f819', 'A2-Audio Assist', 500) on conflict (id) do update set role_name = excluded.role_name, rate = excluded.rate;
insert into public.crew (id, name, city_pool_id, group_name, tier, phone, email, other_city, ob, notes, description) values ('280be9be-cdad-5c97-893f-1be77bd824dc', 'Alex Levy', 'd2808c14-edba-5a3b-9a4d-5f15e1a5c2a7', 'Ungrouped', null, '985-710-0861', null, null, false, 'Raw location: no response', 'analog and Digital') on conflict (id) do update set name = excluded.name, city_pool_id = excluded.city_pool_id, tier = excluded.tier, phone = excluded.phone, email = excluded.email, other_city = excluded.other_city, ob = excluded.ob, notes = excluded.notes, description = excluded.description;
insert into public.crew_positions (id, crew_id, role_name, rate) values ('79831e88-d657-54db-9ea3-5f15459e87f8', '280be9be-cdad-5c97-893f-1be77bd824dc', 'A1-Audio Engineer', 700) on conflict (id) do update set role_name = excluded.role_name, rate = excluded.rate;
insert into public.crew_positions (id, crew_id, role_name, rate) values ('2eed320d-f8ea-5d45-8f69-e7094eab26e8', '280be9be-cdad-5c97-893f-1be77bd824dc', 'A2-Audio Assist', 500) on conflict (id) do update set role_name = excluded.role_name, rate = excluded.rate;
insert into public.crew_positions (id, crew_id, role_name, rate) values ('08658535-0a3c-5e48-8bb4-6b64a90fffa7', '280be9be-cdad-5c97-893f-1be77bd824dc', 'General AV', 450) on conflict (id) do update set role_name = excluded.role_name, rate = excluded.rate;
insert into public.crew (id, name, city_pool_id, group_name, tier, phone, email, other_city, ob, notes, description) values ('a156db2c-a015-5ae3-8802-0ea78a871af5', 'Chris Walker', 'd2808c14-edba-5a3b-9a4d-5f15e1a5c2a7', 'Ungrouped', '1ABC', '901-690-5451', 'soundguyaudio@hotmail.com', null, false, 'Imported rate text: $400-$500 | Raw location: sent gonna sign closer to show New Orleans', 'digital and analog Audio Strong') on conflict (id) do update set name = excluded.name, city_pool_id = excluded.city_pool_id, tier = excluded.tier, phone = excluded.phone, email = excluded.email, other_city = excluded.other_city, ob = excluded.ob, notes = excluded.notes, description = excluded.description;
insert into public.crew_positions (id, crew_id, role_name, rate) values ('e3632e32-aabd-5fd3-bebc-cd5e94c35253', 'a156db2c-a015-5ae3-8802-0ea78a871af5', 'A1-Audio Engineer', 450.0) on conflict (id) do update set role_name = excluded.role_name, rate = excluded.rate;
insert into public.crew_positions (id, crew_id, role_name, rate) values ('a3cdc4c9-99c5-5630-9c2c-43d52732e15b', 'a156db2c-a015-5ae3-8802-0ea78a871af5', 'A2-Audio Assist', 450.0) on conflict (id) do update set role_name = excluded.role_name, rate = excluded.rate;
insert into public.crew (id, name, city_pool_id, group_name, tier, phone, email, other_city, ob, notes, description) values ('66e88971-73ef-521f-9f40-9dfcc3906810', 'Daniel (Ace) Ward', 'd2808c14-edba-5a3b-9a4d-5f15e1a5c2a7', 'Ungrouped', '1ABC', '504-390-6566', 'dward1112@aol.com', null, false, 'Raw location: sent New Orleans', null) on conflict (id) do update set name = excluded.name, city_pool_id = excluded.city_pool_id, tier = excluded.tier, phone = excluded.phone, email = excluded.email, other_city = excluded.other_city, ob = excluded.ob, notes = excluded.notes, description = excluded.description;
insert into public.crew_positions (id, crew_id, role_name, rate) values ('8ffd4359-096e-54e2-9f38-852817578d6a', '66e88971-73ef-521f-9f40-9dfcc3906810', 'A1-Audio Engineer', 700) on conflict (id) do update set role_name = excluded.role_name, rate = excluded.rate;
insert into public.crew (id, name, city_pool_id, group_name, tier, phone, email, other_city, ob, notes, description) values ('24a52133-35c7-5eee-9166-481c97c0afc8', 'Jerry Alexander', 'd2808c14-edba-5a3b-9a4d-5f15e1a5c2a7', 'Ungrouped', '2ABC', '504-541-3961', 'jtalex0664@gmail.com', null, false, 'Imported rate text: $350-$400 | Raw location: sent New Orleans', null) on conflict (id) do update set name = excluded.name, city_pool_id = excluded.city_pool_id, tier = excluded.tier, phone = excluded.phone, email = excluded.email, other_city = excluded.other_city, ob = excluded.ob, notes = excluded.notes, description = excluded.description;
insert into public.crew_positions (id, crew_id, role_name, rate) values ('82faae4f-b8be-5266-8f36-c4c1fb17a84e', '24a52133-35c7-5eee-9166-481c97c0afc8', 'Camera Operator', 375.0) on conflict (id) do update set role_name = excluded.role_name, rate = excluded.rate;
insert into public.crew_positions (id, crew_id, role_name, rate) values ('28d03a58-9f01-5f30-9c2f-f2629e7cfe90', '24a52133-35c7-5eee-9166-481c97c0afc8', 'L2-Lighting Assist', 375.0) on conflict (id) do update set role_name = excluded.role_name, rate = excluded.rate;
insert into public.crew_positions (id, crew_id, role_name, rate) values ('214f3e27-5946-5394-9caf-a30161198924', '24a52133-35c7-5eee-9166-481c97c0afc8', 'Breakout Operator', 375.0) on conflict (id) do update set role_name = excluded.role_name, rate = excluded.rate;
insert into public.crew (id, name, city_pool_id, group_name, tier, phone, email, other_city, ob, notes, description) values ('7c912676-c46c-58df-b307-f67357aebad1', 'Joshua Tejeda', 'd2808c14-edba-5a3b-9a4d-5f15e1a5c2a7', 'Ungrouped', null, '504-615-9435', 'Tejedajoshua652@gmail.com', null, false, null, null) on conflict (id) do update set name = excluded.name, city_pool_id = excluded.city_pool_id, tier = excluded.tier, phone = excluded.phone, email = excluded.email, other_city = excluded.other_city, ob = excluded.ob, notes = excluded.notes, description = excluded.description;
insert into public.crew_positions (id, crew_id, role_name, rate) values ('562f074c-016c-50fe-890d-777b587fbda6', '7c912676-c46c-58df-b307-f67357aebad1', 'General AV', 450) on conflict (id) do update set role_name = excluded.role_name, rate = excluded.rate;
insert into public.crew (id, name, city_pool_id, group_name, tier, phone, email, other_city, ob, notes, description) values ('7d0fac75-57e3-5818-bef6-62b8124b4a71', 'Libby Hendon', 'd2808c14-edba-5a3b-9a4d-5f15e1a5c2a7', 'Ungrouped', null, null, 'LHendon@gmail.com', null, false, 'Raw location: New Orleans', null) on conflict (id) do update set name = excluded.name, city_pool_id = excluded.city_pool_id, tier = excluded.tier, phone = excluded.phone, email = excluded.email, other_city = excluded.other_city, ob = excluded.ob, notes = excluded.notes, description = excluded.description;
insert into public.crew_positions (id, crew_id, role_name, rate) values ('bc8f122e-86cb-585d-9aa4-cc9df159bcc1', '7d0fac75-57e3-5818-bef6-62b8124b4a71', 'General AV', 450) on conflict (id) do update set role_name = excluded.role_name, rate = excluded.rate;
insert into public.crew (id, name, city_pool_id, group_name, tier, phone, email, other_city, ob, notes, description) values ('fa96365b-67f6-57fd-abef-b9cff458d337', 'Randall Bailey', 'd2808c14-edba-5a3b-9a4d-5f15e1a5c2a7', 'Ungrouped', null, null, 'spood.frucky@gmail.com', null, false, null, null) on conflict (id) do update set name = excluded.name, city_pool_id = excluded.city_pool_id, tier = excluded.tier, phone = excluded.phone, email = excluded.email, other_city = excluded.other_city, ob = excluded.ob, notes = excluded.notes, description = excluded.description;
insert into public.crew_positions (id, crew_id, role_name, rate) values ('e61aca25-d3e7-5880-9e51-46bfdf7e66b4', 'fa96365b-67f6-57fd-abef-b9cff458d337', 'General AV', 450) on conflict (id) do update set role_name = excluded.role_name, rate = excluded.rate;
insert into public.crew (id, name, city_pool_id, group_name, tier, phone, email, other_city, ob, notes, description) values ('34c7d622-1a79-5f60-8a89-887c1db2b9c3', 'Chad Toups', 'd2808c14-edba-5a3b-9a4d-5f15e1a5c2a7', 'Ungrouped', null, null, null, null, false, 'Raw location: texted', null) on conflict (id) do update set name = excluded.name, city_pool_id = excluded.city_pool_id, tier = excluded.tier, phone = excluded.phone, email = excluded.email, other_city = excluded.other_city, ob = excluded.ob, notes = excluded.notes, description = excluded.description;
insert into public.crew_positions (id, crew_id, role_name, rate) values ('71da593b-df91-5e80-bf43-f1a09909ae86', '34c7d622-1a79-5f60-8a89-887c1db2b9c3', 'Breakout Operator', 600) on conflict (id) do update set role_name = excluded.role_name, rate = excluded.rate;
insert into public.crew_positions (id, crew_id, role_name, rate) values ('9f6b7c3a-89ec-51ad-b767-f378c72e2414', '34c7d622-1a79-5f60-8a89-887c1db2b9c3', 'L2-Lighting Assist', 500) on conflict (id) do update set role_name = excluded.role_name, rate = excluded.rate;
insert into public.crew_positions (id, crew_id, role_name, rate) values ('cc07119e-9642-5223-843f-4d1d2355e3ba', '34c7d622-1a79-5f60-8a89-887c1db2b9c3', 'A2-Audio Assist', 500) on conflict (id) do update set role_name = excluded.role_name, rate = excluded.rate;
insert into public.crew_positions (id, crew_id, role_name, rate) values ('0cdc1807-c9ad-58a5-8fd1-3954a6c78105', '34c7d622-1a79-5f60-8a89-887c1db2b9c3', 'General AV', 450) on conflict (id) do update set role_name = excluded.role_name, rate = excluded.rate;
insert into public.crew (id, name, city_pool_id, group_name, tier, phone, email, other_city, ob, notes, description) values ('9243db1a-89dc-5641-b843-e04ca82e3754', 'Chuck Bookish', 'd2808c14-edba-5a3b-9a4d-5f15e1a5c2a7', 'Ungrouped', null, '504-931-7971', 'chuckbooksh@gmail.com', null, false, 'Raw location: sent New Orleans', null) on conflict (id) do update set name = excluded.name, city_pool_id = excluded.city_pool_id, tier = excluded.tier, phone = excluded.phone, email = excluded.email, other_city = excluded.other_city, ob = excluded.ob, notes = excluded.notes, description = excluded.description;
insert into public.crew_positions (id, crew_id, role_name, rate) values ('0a353de6-5907-588d-856e-413f49f6dedc', '9243db1a-89dc-5641-b843-e04ca82e3754', 'General AV', 450) on conflict (id) do update set role_name = excluded.role_name, rate = excluded.rate;
insert into public.crew (id, name, city_pool_id, group_name, tier, phone, email, other_city, ob, notes, description) values ('ab459e92-f5f4-5426-b018-b1e46b29fd58', 'Craig Tubre', 'd2808c14-edba-5a3b-9a4d-5f15e1a5c2a7', 'Ungrouped', null, null, null, null, false, null, null) on conflict (id) do update set name = excluded.name, city_pool_id = excluded.city_pool_id, tier = excluded.tier, phone = excluded.phone, email = excluded.email, other_city = excluded.other_city, ob = excluded.ob, notes = excluded.notes, description = excluded.description;
insert into public.crew_positions (id, crew_id, role_name, rate) values ('4c89688d-0d44-510d-a9e1-17169729cd71', 'ab459e92-f5f4-5426-b018-b1e46b29fd58', 'General AV', 450) on conflict (id) do update set role_name = excluded.role_name, rate = excluded.rate;
insert into public.crew (id, name, city_pool_id, group_name, tier, phone, email, other_city, ob, notes, description) values ('426f5547-00c7-51a0-baf7-7418abee5888', 'Dante Galliano', 'd2808c14-edba-5a3b-9a4d-5f15e1a5c2a7', 'Ungrouped', '3ABC', '504-289-7645', 'djg016@gmail.com', null, false, 'Raw location: sent New Orleans', 'analog and digital') on conflict (id) do update set name = excluded.name, city_pool_id = excluded.city_pool_id, tier = excluded.tier, phone = excluded.phone, email = excluded.email, other_city = excluded.other_city, ob = excluded.ob, notes = excluded.notes, description = excluded.description;
insert into public.crew_positions (id, crew_id, role_name, rate) values ('6aae354d-5892-5618-ba10-8eef8222a892', '426f5547-00c7-51a0-baf7-7418abee5888', 'General AV', 450) on conflict (id) do update set role_name = excluded.role_name, rate = excluded.rate;
insert into public.crew_positions (id, crew_id, role_name, rate) values ('2dca8ed6-6272-5e60-a569-9f53194d6b14', '426f5547-00c7-51a0-baf7-7418abee5888', 'Breakout Operator', 600) on conflict (id) do update set role_name = excluded.role_name, rate = excluded.rate;
insert into public.crew_positions (id, crew_id, role_name, rate) values ('73f6ab0d-2cf6-5e23-954f-3f0608674018', '426f5547-00c7-51a0-baf7-7418abee5888', 'A2-Audio Assist', 500) on conflict (id) do update set role_name = excluded.role_name, rate = excluded.rate;
insert into public.crew (id, name, city_pool_id, group_name, tier, phone, email, other_city, ob, notes, description) values ('3aa1aef9-cca1-585d-9b6c-82db0f3436c9', 'Irven Larson', 'd2808c14-edba-5a3b-9a4d-5f15e1a5c2a7', 'Ungrouped', 'Tier 2ABC', null, null, null, false, null, null) on conflict (id) do update set name = excluded.name, city_pool_id = excluded.city_pool_id, tier = excluded.tier, phone = excluded.phone, email = excluded.email, other_city = excluded.other_city, ob = excluded.ob, notes = excluded.notes, description = excluded.description;
insert into public.crew_positions (id, crew_id, role_name, rate) values ('8717339d-5f28-5e0f-93d3-43290b267ba5', '3aa1aef9-cca1-585d-9b6c-82db0f3436c9', 'General AV', 450) on conflict (id) do update set role_name = excluded.role_name, rate = excluded.rate;
insert into public.crew_positions (id, crew_id, role_name, rate) values ('058637ba-6500-5dd1-8c52-8c532d7cc7f8', '3aa1aef9-cca1-585d-9b6c-82db0f3436c9', 'L2-Lighting Assist', 500) on conflict (id) do update set role_name = excluded.role_name, rate = excluded.rate;
insert into public.crew (id, name, city_pool_id, group_name, tier, phone, email, other_city, ob, notes, description) values ('0b6081ea-1782-57e4-926d-9cef4bc58e2a', 'Isidore Grisoli', 'd2808c14-edba-5a3b-9a4d-5f15e1a5c2a7', 'Ungrouped', 'Tier 2ABC', null, null, null, false, null, null) on conflict (id) do update set name = excluded.name, city_pool_id = excluded.city_pool_id, tier = excluded.tier, phone = excluded.phone, email = excluded.email, other_city = excluded.other_city, ob = excluded.ob, notes = excluded.notes, description = excluded.description;
insert into public.crew_positions (id, crew_id, role_name, rate) values ('f85414b4-5a33-583c-94c5-ed496e29bf0d', '0b6081ea-1782-57e4-926d-9cef4bc58e2a', 'General AV', 450) on conflict (id) do update set role_name = excluded.role_name, rate = excluded.rate;
insert into public.crew (id, name, city_pool_id, group_name, tier, phone, email, other_city, ob, notes, description) values ('e10aab4f-95ce-5685-ab53-1560f98b38c3', 'Jason Parnell', 'd2808c14-edba-5a3b-9a4d-5f15e1a5c2a7', 'Ungrouped', null, null, null, null, false, null, null) on conflict (id) do update set name = excluded.name, city_pool_id = excluded.city_pool_id, tier = excluded.tier, phone = excluded.phone, email = excluded.email, other_city = excluded.other_city, ob = excluded.ob, notes = excluded.notes, description = excluded.description;
insert into public.crew_positions (id, crew_id, role_name, rate) values ('d746eaa8-8109-5771-be5f-1489cb1b61c5', 'e10aab4f-95ce-5685-ab53-1560f98b38c3', 'LD-Lighting Designer', 700) on conflict (id) do update set role_name = excluded.role_name, rate = excluded.rate;
insert into public.crew_positions (id, crew_id, role_name, rate) values ('36759ff2-afbd-53c8-887c-d984863be71f', 'e10aab4f-95ce-5685-ab53-1560f98b38c3', 'L2-Lighting Assist', 500) on conflict (id) do update set role_name = excluded.role_name, rate = excluded.rate;
insert into public.crew_positions (id, crew_id, role_name, rate) values ('228fa85e-1ebd-5220-9dd8-f0b7b6f10919', 'e10aab4f-95ce-5685-ab53-1560f98b38c3', 'General AV', 450) on conflict (id) do update set role_name = excluded.role_name, rate = excluded.rate;
insert into public.crew (id, name, city_pool_id, group_name, tier, phone, email, other_city, ob, notes, description) values ('b28a80bc-d3b7-5ad4-ba87-bcf4ac9e99b6', 'Jenn Wolfe', 'd2808c14-edba-5a3b-9a4d-5f15e1a5c2a7', 'Ungrouped', null, null, null, null, false, null, null) on conflict (id) do update set name = excluded.name, city_pool_id = excluded.city_pool_id, tier = excluded.tier, phone = excluded.phone, email = excluded.email, other_city = excluded.other_city, ob = excluded.ob, notes = excluded.notes, description = excluded.description;
insert into public.crew_positions (id, crew_id, role_name, rate) values ('5f9e04fe-3d35-54c1-9853-1b3b162610d0', 'b28a80bc-d3b7-5ad4-ba87-bcf4ac9e99b6', 'General AV', 450) on conflict (id) do update set role_name = excluded.role_name, rate = excluded.rate;
insert into public.crew (id, name, city_pool_id, group_name, tier, phone, email, other_city, ob, notes, description) values ('b35327b9-af93-5c97-90c9-c80aa87714de', 'Max Brabner', 'd2808c14-edba-5a3b-9a4d-5f15e1a5c2a7', 'Ungrouped', null, null, null, null, false, null, null) on conflict (id) do update set name = excluded.name, city_pool_id = excluded.city_pool_id, tier = excluded.tier, phone = excluded.phone, email = excluded.email, other_city = excluded.other_city, ob = excluded.ob, notes = excluded.notes, description = excluded.description;
insert into public.crew_positions (id, crew_id, role_name, rate) values ('cccf9e14-b036-5d35-9e8c-498574672566', 'b35327b9-af93-5c97-90c9-c80aa87714de', 'General AV', 450) on conflict (id) do update set role_name = excluded.role_name, rate = excluded.rate;
insert into public.crew (id, name, city_pool_id, group_name, tier, phone, email, other_city, ob, notes, description) values ('2157b421-1241-5a10-a785-52017d774062', 'Mervin Crump', 'd2808c14-edba-5a3b-9a4d-5f15e1a5c2a7', 'Ungrouped', null, '504-508-6834', 'hybridqss@gmail.com', null, true, 'Imported rate text: 550-650 | Raw location: OB New Orleans', 'Roland V series, Atem, analog and Digital audio mixers') on conflict (id) do update set name = excluded.name, city_pool_id = excluded.city_pool_id, tier = excluded.tier, phone = excluded.phone, email = excluded.email, other_city = excluded.other_city, ob = excluded.ob, notes = excluded.notes, description = excluded.description;
insert into public.crew_positions (id, crew_id, role_name, rate) values ('bd717bae-ca2f-5037-8269-7e38c7f6fab3', '2157b421-1241-5a10-a785-52017d774062', 'Breakout Operator', 600.0) on conflict (id) do update set role_name = excluded.role_name, rate = excluded.rate;
insert into public.crew_positions (id, crew_id, role_name, rate) values ('10fc6ae6-b7ef-50d1-a2c0-f3f2102ce64c', '2157b421-1241-5a10-a785-52017d774062', 'Speaker Ready', 600.0) on conflict (id) do update set role_name = excluded.role_name, rate = excluded.rate;
insert into public.crew (id, name, city_pool_id, group_name, tier, phone, email, other_city, ob, notes, description) values ('205fd0f8-11e2-5922-aad8-6497c62ff599', 'Michelle Kowalski', 'd2808c14-edba-5a3b-9a4d-5f15e1a5c2a7', 'Ungrouped', null, null, null, null, false, null, null) on conflict (id) do update set name = excluded.name, city_pool_id = excluded.city_pool_id, tier = excluded.tier, phone = excluded.phone, email = excluded.email, other_city = excluded.other_city, ob = excluded.ob, notes = excluded.notes, description = excluded.description;
insert into public.crew_positions (id, crew_id, role_name, rate) values ('49dda135-c329-5a0b-84b6-bd4949240c57', '205fd0f8-11e2-5922-aad8-6497c62ff599', 'General AV', 450) on conflict (id) do update set role_name = excluded.role_name, rate = excluded.rate;
insert into public.crew (id, name, city_pool_id, group_name, tier, phone, email, other_city, ob, notes, description) values ('48e14b6c-619a-540e-9d01-f5bf9000f3ea', 'Mike Hatchett', 'd2808c14-edba-5a3b-9a4d-5f15e1a5c2a7', 'Ungrouped', null, null, null, null, false, 'Raw location: texted', null) on conflict (id) do update set name = excluded.name, city_pool_id = excluded.city_pool_id, tier = excluded.tier, phone = excluded.phone, email = excluded.email, other_city = excluded.other_city, ob = excluded.ob, notes = excluded.notes, description = excluded.description;
insert into public.crew_positions (id, crew_id, role_name, rate) values ('094f2979-adae-5034-96e9-fc72c7c7d9ec', '48e14b6c-619a-540e-9d01-f5bf9000f3ea', 'General AV', 450) on conflict (id) do update set role_name = excluded.role_name, rate = excluded.rate;
insert into public.crew (id, name, city_pool_id, group_name, tier, phone, email, other_city, ob, notes, description) values ('67d28bb2-285d-5ecc-a20f-3d646dc62e93', 'Myra Martinez', 'd2808c14-edba-5a3b-9a4d-5f15e1a5c2a7', 'Ungrouped', '1BC', '210-412-6013', 'Myramm10@gmail.com', null, false, 'Raw location: sent', null) on conflict (id) do update set name = excluded.name, city_pool_id = excluded.city_pool_id, tier = excluded.tier, phone = excluded.phone, email = excluded.email, other_city = excluded.other_city, ob = excluded.ob, notes = excluded.notes, description = excluded.description;
insert into public.crew_positions (id, crew_id, role_name, rate) values ('9acd9c06-40e5-53b2-95e4-97b202c095c0', '67d28bb2-285d-5ecc-a20f-3d646dc62e93', 'A1-Audio Engineer', 700) on conflict (id) do update set role_name = excluded.role_name, rate = excluded.rate;
insert into public.crew_positions (id, crew_id, role_name, rate) values ('a024729a-cb87-5bcb-ab31-486bb30b1d89', '67d28bb2-285d-5ecc-a20f-3d646dc62e93', 'A2-Audio Assist', 500) on conflict (id) do update set role_name = excluded.role_name, rate = excluded.rate;
insert into public.crew_positions (id, crew_id, role_name, rate) values ('12629a62-22c5-5e5c-98a0-0d22d5ed1882', '67d28bb2-285d-5ecc-a20f-3d646dc62e93', 'V1-Lead Video Engineer', 700) on conflict (id) do update set role_name = excluded.role_name, rate = excluded.rate;
insert into public.crew_positions (id, crew_id, role_name, rate) values ('ab4047c2-10c8-5af4-a101-9fb6db4e18ea', '67d28bb2-285d-5ecc-a20f-3d646dc62e93', 'V2-Video Assist', 550) on conflict (id) do update set role_name = excluded.role_name, rate = excluded.rate;
insert into public.crew_positions (id, crew_id, role_name, rate) values ('5a78556a-1809-5d97-96f0-9292ed21a66d', '67d28bb2-285d-5ecc-a20f-3d646dc62e93', 'LED Assist', 500) on conflict (id) do update set role_name = excluded.role_name, rate = excluded.rate;
insert into public.crew (id, name, city_pool_id, group_name, tier, phone, email, other_city, ob, notes, description) values ('9bd7e520-98db-554a-989c-f0ef45c16dc2', 'Nick Parsons', 'd2808c14-edba-5a3b-9a4d-5f15e1a5c2a7', 'Ungrouped', null, null, null, null, false, null, null) on conflict (id) do update set name = excluded.name, city_pool_id = excluded.city_pool_id, tier = excluded.tier, phone = excluded.phone, email = excluded.email, other_city = excluded.other_city, ob = excluded.ob, notes = excluded.notes, description = excluded.description;
insert into public.crew_positions (id, crew_id, role_name, rate) values ('97609715-ae8b-5bbb-aae1-289abf253977', '9bd7e520-98db-554a-989c-f0ef45c16dc2', 'General AV', 450) on conflict (id) do update set role_name = excluded.role_name, rate = excluded.rate;
insert into public.crew (id, name, city_pool_id, group_name, tier, phone, email, other_city, ob, notes, description) values ('40c414a5-57ce-57e2-ba45-514b21cecf3a', 'Storrie', 'd2808c14-edba-5a3b-9a4d-5f15e1a5c2a7', 'Ungrouped', null, null, null, null, false, null, null) on conflict (id) do update set name = excluded.name, city_pool_id = excluded.city_pool_id, tier = excluded.tier, phone = excluded.phone, email = excluded.email, other_city = excluded.other_city, ob = excluded.ob, notes = excluded.notes, description = excluded.description;
insert into public.crew_positions (id, crew_id, role_name, rate) values ('23ccd092-b4b0-56ad-ae30-d1c4396badb1', '40c414a5-57ce-57e2-ba45-514b21cecf3a', 'General AV', 450) on conflict (id) do update set role_name = excluded.role_name, rate = excluded.rate;
insert into public.crew (id, name, city_pool_id, group_name, tier, phone, email, other_city, ob, notes, description) values ('d0d7cde0-f040-5abc-a177-52550ff2fb96', 'Tony Giglio', 'd2808c14-edba-5a3b-9a4d-5f15e1a5c2a7', 'Ungrouped', null, null, null, null, false, null, null) on conflict (id) do update set name = excluded.name, city_pool_id = excluded.city_pool_id, tier = excluded.tier, phone = excluded.phone, email = excluded.email, other_city = excluded.other_city, ob = excluded.ob, notes = excluded.notes, description = excluded.description;
insert into public.crew_positions (id, crew_id, role_name, rate) values ('471df42c-0b74-5e41-845d-577c267f5dde', 'd0d7cde0-f040-5abc-a177-52550ff2fb96', 'General AV', 450) on conflict (id) do update set role_name = excluded.role_name, rate = excluded.rate;
insert into public.crew (id, name, city_pool_id, group_name, tier, phone, email, other_city, ob, notes, description) values ('c429e3e4-461d-5b90-b849-53bc29023bbc', 'Victoria Youngblood', 'd2808c14-edba-5a3b-9a4d-5f15e1a5c2a7', 'Ungrouped', null, null, null, null, false, null, null) on conflict (id) do update set name = excluded.name, city_pool_id = excluded.city_pool_id, tier = excluded.tier, phone = excluded.phone, email = excluded.email, other_city = excluded.other_city, ob = excluded.ob, notes = excluded.notes, description = excluded.description;
insert into public.crew_positions (id, crew_id, role_name, rate) values ('e6fc78ad-ac9c-53cd-8bd0-a6d8e5ec1087', 'c429e3e4-461d-5b90-b849-53bc29023bbc', 'General AV', 450) on conflict (id) do update set role_name = excluded.role_name, rate = excluded.rate;
insert into public.crew (id, name, city_pool_id, group_name, tier, phone, email, other_city, ob, notes, description) values ('37f72340-695c-5156-9102-82df23efecce', 'Keelan Ashley', 'c1779a82-30f7-5f5f-be70-f32a355677dc', 'Ungrouped', null, '720-284-8536', null, null, false, 'Raw location: denver', null) on conflict (id) do update set name = excluded.name, city_pool_id = excluded.city_pool_id, tier = excluded.tier, phone = excluded.phone, email = excluded.email, other_city = excluded.other_city, ob = excluded.ob, notes = excluded.notes, description = excluded.description;
insert into public.crew_positions (id, crew_id, role_name, rate) values ('7fc0876c-6d5d-52b9-97f3-0ac640979967', '37f72340-695c-5156-9102-82df23efecce', 'General AV', 450) on conflict (id) do update set role_name = excluded.role_name, rate = excluded.rate;
insert into public.crew (id, name, city_pool_id, group_name, tier, phone, email, other_city, ob, notes, description) values ('bc9471e9-5b34-5bff-afd1-64e81213b20f', 'Lee Soule', 'd2808c14-edba-5a3b-9a4d-5f15e1a5c2a7', 'Ungrouped', null, null, 'lsoule72@gmail.com', null, false, null, null) on conflict (id) do update set name = excluded.name, city_pool_id = excluded.city_pool_id, tier = excluded.tier, phone = excluded.phone, email = excluded.email, other_city = excluded.other_city, ob = excluded.ob, notes = excluded.notes, description = excluded.description;
insert into public.crew_positions (id, crew_id, role_name, rate) values ('c97bb7aa-f1fd-5eb3-b21b-d533f7d9c5ec', 'bc9471e9-5b34-5bff-afd1-64e81213b20f', 'General AV', 450) on conflict (id) do update set role_name = excluded.role_name, rate = excluded.rate;
insert into public.crew (id, name, city_pool_id, group_name, tier, phone, email, other_city, ob, notes, description) values ('bad2b21a-9be5-51db-abf2-2e44dd769012', 'Dan Bynum', 'd2808c14-edba-5a3b-9a4d-5f15e1a5c2a7', 'Ungrouped', null, '214-669-2038', null, null, false, null, 'Denver') on conflict (id) do update set name = excluded.name, city_pool_id = excluded.city_pool_id, tier = excluded.tier, phone = excluded.phone, email = excluded.email, other_city = excluded.other_city, ob = excluded.ob, notes = excluded.notes, description = excluded.description;
insert into public.crew_positions (id, crew_id, role_name, rate) values ('c35c3455-935a-508b-990c-305317295b41', 'bad2b21a-9be5-51db-abf2-2e44dd769012', 'General AV', 450) on conflict (id) do update set role_name = excluded.role_name, rate = excluded.rate;
insert into public.crew (id, name, city_pool_id, group_name, tier, phone, email, other_city, ob, notes, description) values ('de6b54bf-25b9-593d-9169-aee546542e45', 'Joshua Garber', 'c1779a82-30f7-5f5f-be70-f32a355677dc', 'Ungrouped', null, '719-440-7775', null, null, false, 'Raw location: denver', null) on conflict (id) do update set name = excluded.name, city_pool_id = excluded.city_pool_id, tier = excluded.tier, phone = excluded.phone, email = excluded.email, other_city = excluded.other_city, ob = excluded.ob, notes = excluded.notes, description = excluded.description;
insert into public.crew_positions (id, crew_id, role_name, rate) values ('391c8bbc-d841-5d04-a801-995502e43e64', 'de6b54bf-25b9-593d-9169-aee546542e45', 'General AV', 450) on conflict (id) do update set role_name = excluded.role_name, rate = excluded.rate;
insert into public.crew (id, name, city_pool_id, group_name, tier, phone, email, other_city, ob, notes, description) values ('f17e9209-e5df-59db-ad38-ff119afb6e56', 'Adam Chen', 'd2808c14-edba-5a3b-9a4d-5f15e1a5c2a7', 'Ungrouped', null, null, null, null, false, null, '82 techs') on conflict (id) do update set name = excluded.name, city_pool_id = excluded.city_pool_id, tier = excluded.tier, phone = excluded.phone, email = excluded.email, other_city = excluded.other_city, ob = excluded.ob, notes = excluded.notes, description = excluded.description;
insert into public.crew_positions (id, crew_id, role_name, rate) values ('75eb205b-c5b9-56db-ad2c-3bffc0e150d9', 'f17e9209-e5df-59db-ad38-ff119afb6e56', 'General AV', 450) on conflict (id) do update set role_name = excluded.role_name, rate = excluded.rate;
insert into public.crew (id, name, city_pool_id, group_name, tier, phone, email, other_city, ob, notes, description) values ('20b65da3-8dfa-58fc-9af7-272d5939240e', 'Jackson Lawry', 'd2808c14-edba-5a3b-9a4d-5f15e1a5c2a7', 'Ungrouped', null, null, null, null, false, null, null) on conflict (id) do update set name = excluded.name, city_pool_id = excluded.city_pool_id, tier = excluded.tier, phone = excluded.phone, email = excluded.email, other_city = excluded.other_city, ob = excluded.ob, notes = excluded.notes, description = excluded.description;
insert into public.crew_positions (id, crew_id, role_name, rate) values ('71b0d978-509b-518e-b93b-52739b08e98d', '20b65da3-8dfa-58fc-9af7-272d5939240e', 'General AV', 450) on conflict (id) do update set role_name = excluded.role_name, rate = excluded.rate;
insert into public.crew (id, name, city_pool_id, group_name, tier, phone, email, other_city, ob, notes, description) values ('65f5beaf-f874-58df-b96c-f971069ccc15', 'John Hargett', 'd2808c14-edba-5a3b-9a4d-5f15e1a5c2a7', 'Ungrouped', null, null, null, null, false, null, null) on conflict (id) do update set name = excluded.name, city_pool_id = excluded.city_pool_id, tier = excluded.tier, phone = excluded.phone, email = excluded.email, other_city = excluded.other_city, ob = excluded.ob, notes = excluded.notes, description = excluded.description;
insert into public.crew_positions (id, crew_id, role_name, rate) values ('d7419dc3-00bd-52d5-9c95-aff0321bcac8', '65f5beaf-f874-58df-b96c-f971069ccc15', 'General AV', 450) on conflict (id) do update set role_name = excluded.role_name, rate = excluded.rate;
insert into public.crew (id, name, city_pool_id, group_name, tier, phone, email, other_city, ob, notes, description) values ('b79dd5fd-3063-537a-b950-2b9455abd9c1', 'Mack Smith', 'd2808c14-edba-5a3b-9a4d-5f15e1a5c2a7', 'Ungrouped', null, null, null, null, false, null, null) on conflict (id) do update set name = excluded.name, city_pool_id = excluded.city_pool_id, tier = excluded.tier, phone = excluded.phone, email = excluded.email, other_city = excluded.other_city, ob = excluded.ob, notes = excluded.notes, description = excluded.description;
insert into public.crew_positions (id, crew_id, role_name, rate) values ('0e136513-add6-5824-a64d-999a1a818888', 'b79dd5fd-3063-537a-b950-2b9455abd9c1', 'General AV', 450) on conflict (id) do update set role_name = excluded.role_name, rate = excluded.rate;
insert into public.crew (id, name, city_pool_id, group_name, tier, phone, email, other_city, ob, notes, description) values ('c181a65e-a3cc-58ab-8732-27cfe1441bf3', 'Oliver stone', 'c1779a82-30f7-5f5f-be70-f32a355677dc', 'Ungrouped', null, '505-317-0808', null, null, false, 'Raw location: Denver', null) on conflict (id) do update set name = excluded.name, city_pool_id = excluded.city_pool_id, tier = excluded.tier, phone = excluded.phone, email = excluded.email, other_city = excluded.other_city, ob = excluded.ob, notes = excluded.notes, description = excluded.description;
insert into public.crew_positions (id, crew_id, role_name, rate) values ('cb6668f2-398e-598a-8529-3d5535279429', 'c181a65e-a3cc-58ab-8732-27cfe1441bf3', 'General AV', 450) on conflict (id) do update set role_name = excluded.role_name, rate = excluded.rate;
insert into public.crew (id, name, city_pool_id, group_name, tier, phone, email, other_city, ob, notes, description) values ('05b78e2f-c073-5801-b73e-a1e1ed012dc3', 'Chris Mull', 'ada5eb7a-8a26-5420-b32b-65ef6b1c866f', 'Ungrouped', null, null, null, null, false, 'Raw location: Orlando', 'orlando') on conflict (id) do update set name = excluded.name, city_pool_id = excluded.city_pool_id, tier = excluded.tier, phone = excluded.phone, email = excluded.email, other_city = excluded.other_city, ob = excluded.ob, notes = excluded.notes, description = excluded.description;
insert into public.crew_positions (id, crew_id, role_name, rate) values ('9cde1dd8-f2b9-53b9-a1a4-218254a10625', '05b78e2f-c073-5801-b73e-a1e1ed012dc3', 'General AV', 450) on conflict (id) do update set role_name = excluded.role_name, rate = excluded.rate;
insert into public.crew (id, name, city_pool_id, group_name, tier, phone, email, other_city, ob, notes, description) values ('e0f1c825-5abf-5237-999a-390cb6144f9e', 'storm leigh', 'd2808c14-edba-5a3b-9a4d-5f15e1a5c2a7', 'Ungrouped', null, '5046576618', 'storm@emanuel-labor-services.com', null, false, null, null) on conflict (id) do update set name = excluded.name, city_pool_id = excluded.city_pool_id, tier = excluded.tier, phone = excluded.phone, email = excluded.email, other_city = excluded.other_city, ob = excluded.ob, notes = excluded.notes, description = excluded.description;
insert into public.crew_positions (id, crew_id, role_name, rate) values ('b0ed00e0-0488-56f8-a0c9-1c447fa0e327', 'e0f1c825-5abf-5237-999a-390cb6144f9e', 'General AV', 450) on conflict (id) do update set role_name = excluded.role_name, rate = excluded.rate;
insert into public.crew (id, name, city_pool_id, group_name, tier, phone, email, other_city, ob, notes, description) values ('0aeea38e-34d8-545d-80b4-d83a7b0148e8', 'Emma Leigh', 'd2808c14-edba-5a3b-9a4d-5f15e1a5c2a7', 'Ungrouped', null, '2055033014', 'Emma.leigh@marriott.com', null, false, null, 'shes lovely and sweet') on conflict (id) do update set name = excluded.name, city_pool_id = excluded.city_pool_id, tier = excluded.tier, phone = excluded.phone, email = excluded.email, other_city = excluded.other_city, ob = excluded.ob, notes = excluded.notes, description = excluded.description;
insert into public.crew_positions (id, crew_id, role_name, rate) values ('245c9758-ded6-5e43-9513-efaa8bc7bb5a', '0aeea38e-34d8-545d-80b4-d83a7b0148e8', 'General AV', 450) on conflict (id) do update set role_name = excluded.role_name, rate = excluded.rate;
insert into public.crew (id, name, city_pool_id, group_name, tier, phone, email, other_city, ob, notes, description) values ('460c4607-d3da-5c73-aadb-2d7268176e25', 'Jasmine Kaufman', 'd2808c14-edba-5a3b-9a4d-5f15e1a5c2a7', 'Ungrouped', null, '504-330-7226', 'Kaufmanj751@gmail.com', null, false, 'Raw location: sent New Orleans', 'GAV') on conflict (id) do update set name = excluded.name, city_pool_id = excluded.city_pool_id, tier = excluded.tier, phone = excluded.phone, email = excluded.email, other_city = excluded.other_city, ob = excluded.ob, notes = excluded.notes, description = excluded.description;
insert into public.crew_positions (id, crew_id, role_name, rate) values ('826e03a8-5a61-5911-8f26-e03eab868289', '460c4607-d3da-5c73-aadb-2d7268176e25', 'General AV', 450) on conflict (id) do update set role_name = excluded.role_name, rate = excluded.rate;
insert into public.crew_positions (id, crew_id, role_name, rate) values ('4be58f64-160b-5ee0-850f-ee5219679451', '460c4607-d3da-5c73-aadb-2d7268176e25', 'Stagehand', 400) on conflict (id) do update set role_name = excluded.role_name, rate = excluded.rate;
insert into public.crew (id, name, city_pool_id, group_name, tier, phone, email, other_city, ob, notes, description) values ('f980586d-4af1-514d-bf74-d5c279edadea', 'Westley Hornor', 'd2808c14-edba-5a3b-9a4d-5f15e1a5c2a7', 'Ungrouped', null, '(504) 810-0644', 'Westley.horner@gmail.com', null, true, 'Raw location: OB New Orleans', 'Atem, and roland v1 v8, analog or digital audio mixers') on conflict (id) do update set name = excluded.name, city_pool_id = excluded.city_pool_id, tier = excluded.tier, phone = excluded.phone, email = excluded.email, other_city = excluded.other_city, ob = excluded.ob, notes = excluded.notes, description = excluded.description;
insert into public.crew_positions (id, crew_id, role_name, rate) values ('f8c43a4d-a516-5665-903b-2def0611dd66', 'f980586d-4af1-514d-bf74-d5c279edadea', 'Breakout Operator', 600) on conflict (id) do update set role_name = excluded.role_name, rate = excluded.rate;
insert into public.crew_positions (id, crew_id, role_name, rate) values ('04ee3a9e-3b01-51f4-956b-92fa26b83bf9', 'f980586d-4af1-514d-bf74-d5c279edadea', 'A2-Audio Assist', 500) on conflict (id) do update set role_name = excluded.role_name, rate = excluded.rate;
insert into public.crew_positions (id, crew_id, role_name, rate) values ('dc5b2ad4-30d4-5ee6-834f-173a4ba60fb7', 'f980586d-4af1-514d-bf74-d5c279edadea', 'Speaker Ready', 650) on conflict (id) do update set role_name = excluded.role_name, rate = excluded.rate;
insert into public.crew_positions (id, crew_id, role_name, rate) values ('024c1623-4107-50b3-8168-f9f1359f68fd', 'f980586d-4af1-514d-bf74-d5c279edadea', 'V1-Lead Video Engineer', 700) on conflict (id) do update set role_name = excluded.role_name, rate = excluded.rate;
insert into public.crew (id, name, city_pool_id, group_name, tier, phone, email, other_city, ob, notes, description) values ('1b608be4-8658-5eed-ba0f-653325f9e66b', 'Eliot Kersten', 'd2808c14-edba-5a3b-9a4d-5f15e1a5c2a7', 'Ungrouped', '2', '651-272-8833', 'eliot.kersten.98@gmail.com', null, true, 'Imported rate text: 45-50 | Raw location: OB New Orleans', 'Atem, Roland V Series, analog and digital mixers') on conflict (id) do update set name = excluded.name, city_pool_id = excluded.city_pool_id, tier = excluded.tier, phone = excluded.phone, email = excluded.email, other_city = excluded.other_city, ob = excluded.ob, notes = excluded.notes, description = excluded.description;
insert into public.crew_positions (id, crew_id, role_name, rate) values ('0dba1155-8e94-5ea0-83ef-b831711250cc', '1b608be4-8658-5eed-ba0f-653325f9e66b', 'V1-Lead Video Engineer', 47.5) on conflict (id) do update set role_name = excluded.role_name, rate = excluded.rate;
insert into public.crew_positions (id, crew_id, role_name, rate) values ('0190973c-2d08-5671-9cac-c6b9deaf0652', '1b608be4-8658-5eed-ba0f-653325f9e66b', 'V2-Video Assist', 47.5) on conflict (id) do update set role_name = excluded.role_name, rate = excluded.rate;
insert into public.crew_positions (id, crew_id, role_name, rate) values ('55a96665-dba5-552c-8595-acbfbdd4dfb6', '1b608be4-8658-5eed-ba0f-653325f9e66b', 'LED Assist', 47.5) on conflict (id) do update set role_name = excluded.role_name, rate = excluded.rate;
insert into public.crew_positions (id, crew_id, role_name, rate) values ('0802715d-60cd-5f57-afda-d56d7be876c9', '1b608be4-8658-5eed-ba0f-653325f9e66b', 'Camera Operator', 47.5) on conflict (id) do update set role_name = excluded.role_name, rate = excluded.rate;
insert into public.crew_positions (id, crew_id, role_name, rate) values ('0909c780-8da1-5a80-a4ba-6da915df2bd4', '1b608be4-8658-5eed-ba0f-653325f9e66b', 'General AV', 47.5) on conflict (id) do update set role_name = excluded.role_name, rate = excluded.rate;
insert into public.crew_positions (id, crew_id, role_name, rate) values ('058cffd5-d2fd-5dff-b571-eabc2debfbbf', '1b608be4-8658-5eed-ba0f-653325f9e66b', 'Speaker Ready', 47.5) on conflict (id) do update set role_name = excluded.role_name, rate = excluded.rate;
insert into public.crew (id, name, city_pool_id, group_name, tier, phone, email, other_city, ob, notes, description) values ('40e52874-93d7-594b-85dd-91ae1ca89044', 'iNiko Dubone', 'd2808c14-edba-5a3b-9a4d-5f15e1a5c2a7', 'Ungrouped', null, '504-906-9083', 'kgpetit@yahoo.com', null, true, 'Imported rate text: 35-40 | Raw location: OB New Orleans', null) on conflict (id) do update set name = excluded.name, city_pool_id = excluded.city_pool_id, tier = excluded.tier, phone = excluded.phone, email = excluded.email, other_city = excluded.other_city, ob = excluded.ob, notes = excluded.notes, description = excluded.description;
insert into public.crew_positions (id, crew_id, role_name, rate) values ('cdac0307-aae3-5806-ab4d-8e5fdbf02c84', '40e52874-93d7-594b-85dd-91ae1ca89044', 'A2-Audio Assist', 37.5) on conflict (id) do update set role_name = excluded.role_name, rate = excluded.rate;
insert into public.crew_positions (id, crew_id, role_name, rate) values ('fe961d77-f748-52af-898b-09a75af27f93', '40e52874-93d7-594b-85dd-91ae1ca89044', 'General AV', 37.5) on conflict (id) do update set role_name = excluded.role_name, rate = excluded.rate;
insert into public.crew_positions (id, crew_id, role_name, rate) values ('573e47af-c6fe-5bd7-97f5-bf65216ca6ff', '40e52874-93d7-594b-85dd-91ae1ca89044', 'Stagehand', 37.5) on conflict (id) do update set role_name = excluded.role_name, rate = excluded.rate;
insert into public.crew_positions (id, crew_id, role_name, rate) values ('45207476-0a3a-5725-8940-f4347c27f32f', '40e52874-93d7-594b-85dd-91ae1ca89044', 'L2-Lighting Assist', 37.5) on conflict (id) do update set role_name = excluded.role_name, rate = excluded.rate;
insert into public.crew (id, name, city_pool_id, group_name, tier, phone, email, other_city, ob, notes, description) values ('4075e000-71cc-580a-8fcf-9cbeccd572b6', 'Roberto Reyes', 'd2808c14-edba-5a3b-9a4d-5f15e1a5c2a7', 'Ungrouped', '1ABC B', '504-338-3563', 'Rreyes504@yahoo.com', null, false, null, null) on conflict (id) do update set name = excluded.name, city_pool_id = excluded.city_pool_id, tier = excluded.tier, phone = excluded.phone, email = excluded.email, other_city = excluded.other_city, ob = excluded.ob, notes = excluded.notes, description = excluded.description;
insert into public.crew_positions (id, crew_id, role_name, rate) values ('543e0f63-bedb-5063-a37a-e43c9367467d', '4075e000-71cc-580a-8fcf-9cbeccd572b6', 'Breakout Operator', 600) on conflict (id) do update set role_name = excluded.role_name, rate = excluded.rate;
insert into public.crew (id, name, city_pool_id, group_name, tier, phone, email, other_city, ob, notes, description) values ('99376b83-9044-570c-b18e-e44004992cd6', 'Rob Bower', 'd2808c14-edba-5a3b-9a4d-5f15e1a5c2a7', 'Ungrouped', null, null, 'rbower@aysts.com', null, false, null, null) on conflict (id) do update set name = excluded.name, city_pool_id = excluded.city_pool_id, tier = excluded.tier, phone = excluded.phone, email = excluded.email, other_city = excluded.other_city, ob = excluded.ob, notes = excluded.notes, description = excluded.description;
insert into public.crew_positions (id, crew_id, role_name, rate) values ('566e9f7c-1dcf-55de-b685-3710df1eefd7', '99376b83-9044-570c-b18e-e44004992cd6', 'General AV', 450) on conflict (id) do update set role_name = excluded.role_name, rate = excluded.rate;
insert into public.crew (id, name, city_pool_id, group_name, tier, phone, email, other_city, ob, notes, description) values ('245893d7-9adc-5a0b-9ca8-493d8158741a', 'Jorvice Lee', 'd2808c14-edba-5a3b-9a4d-5f15e1a5c2a7', 'Ungrouped', null, '504-380-4803', 'southsidesonics@gmail.com', null, true, 'Raw location: OB, New Orleans', null) on conflict (id) do update set name = excluded.name, city_pool_id = excluded.city_pool_id, tier = excluded.tier, phone = excluded.phone, email = excluded.email, other_city = excluded.other_city, ob = excluded.ob, notes = excluded.notes, description = excluded.description;
insert into public.crew_positions (id, crew_id, role_name, rate) values ('81430363-a61e-543f-9e6b-80f23af71e67', '245893d7-9adc-5a0b-9ca8-493d8158741a', 'General AV', 450) on conflict (id) do update set role_name = excluded.role_name, rate = excluded.rate;
insert into public.crew_positions (id, crew_id, role_name, rate) values ('7104de5f-7075-5d02-bd7b-d9558e679953', '245893d7-9adc-5a0b-9ca8-493d8158741a', 'LED Assist', 500) on conflict (id) do update set role_name = excluded.role_name, rate = excluded.rate;
insert into public.crew_positions (id, crew_id, role_name, rate) values ('3f36fd12-37cb-5b49-9140-cf79d44c1707', '245893d7-9adc-5a0b-9ca8-493d8158741a', 'L2-Lighting Assist', 500) on conflict (id) do update set role_name = excluded.role_name, rate = excluded.rate;
insert into public.crew (id, name, city_pool_id, group_name, tier, phone, email, other_city, ob, notes, description) values ('be21b933-62d1-5c4e-84c1-bec66fed1852', 'Guy Geslin', 'd2808c14-edba-5a3b-9a4d-5f15e1a5c2a7', 'Ungrouped', null, '561-938-9433', 'Guymoy9@gmail.com', null, true, 'Raw location: OB New Orleans', 'roland') on conflict (id) do update set name = excluded.name, city_pool_id = excluded.city_pool_id, tier = excluded.tier, phone = excluded.phone, email = excluded.email, other_city = excluded.other_city, ob = excluded.ob, notes = excluded.notes, description = excluded.description;
insert into public.crew_positions (id, crew_id, role_name, rate) values ('124d4432-74ce-57b9-bc3d-1038e86b3af7', 'be21b933-62d1-5c4e-84c1-bec66fed1852', 'General AV', 450) on conflict (id) do update set role_name = excluded.role_name, rate = excluded.rate;
insert into public.crew_positions (id, crew_id, role_name, rate) values ('340a1218-6fb2-561c-aa44-bfa2beb17e78', 'be21b933-62d1-5c4e-84c1-bec66fed1852', 'Stagehand', 400) on conflict (id) do update set role_name = excluded.role_name, rate = excluded.rate;
insert into public.crew_positions (id, crew_id, role_name, rate) values ('c6e680a4-77d4-56a2-99d8-9b78c06caa9f', 'be21b933-62d1-5c4e-84c1-bec66fed1852', 'Down Rigger', 550) on conflict (id) do update set role_name = excluded.role_name, rate = excluded.rate;
insert into public.crew_positions (id, crew_id, role_name, rate) values ('c2a48c02-5f85-57af-ba1e-a2280f55b881', 'be21b933-62d1-5c4e-84c1-bec66fed1852', 'Speaker Ready', 650) on conflict (id) do update set role_name = excluded.role_name, rate = excluded.rate;
insert into public.crew (id, name, city_pool_id, group_name, tier, phone, email, other_city, ob, notes, description) values ('0aa6bb51-a021-58b7-b2d2-26e82c1415b2', 'Fadeyemo McAlpine', 'd2808c14-edba-5a3b-9a4d-5f15e1a5c2a7', 'Ungrouped', null, '(504) 339- 4027', 'fad.mcalpine@gmail.com', null, true, 'Raw location: OB New Orleans', null) on conflict (id) do update set name = excluded.name, city_pool_id = excluded.city_pool_id, tier = excluded.tier, phone = excluded.phone, email = excluded.email, other_city = excluded.other_city, ob = excluded.ob, notes = excluded.notes, description = excluded.description;
insert into public.crew_positions (id, crew_id, role_name, rate) values ('0fbebf94-e738-50cd-8a92-b4f3fcdd3f45', '0aa6bb51-a021-58b7-b2d2-26e82c1415b2', 'Stagehand', 400) on conflict (id) do update set role_name = excluded.role_name, rate = excluded.rate;
insert into public.crew_positions (id, crew_id, role_name, rate) values ('d93b4baa-8007-5492-9f4f-b160f3733e6d', '0aa6bb51-a021-58b7-b2d2-26e82c1415b2', 'General AV', 450) on conflict (id) do update set role_name = excluded.role_name, rate = excluded.rate;
insert into public.crew (id, name, city_pool_id, group_name, tier, phone, email, other_city, ob, notes, description) values ('79839c62-a44a-5da2-8e5a-1195905c63ab', 'Jordan Hubbard', 'd2808c14-edba-5a3b-9a4d-5f15e1a5c2a7', 'Ungrouped', '3ABC', '504-650-4653', 'jordanhubbard97@gmail.com', null, true, 'Imported rate text: Standard | Raw location: OB', null) on conflict (id) do update set name = excluded.name, city_pool_id = excluded.city_pool_id, tier = excluded.tier, phone = excluded.phone, email = excluded.email, other_city = excluded.other_city, ob = excluded.ob, notes = excluded.notes, description = excluded.description;
insert into public.crew_positions (id, crew_id, role_name, rate) values ('fbc80ba6-5538-5260-9692-accdaf28cbe1', '79839c62-a44a-5da2-8e5a-1195905c63ab', 'Stagehand', 400) on conflict (id) do update set role_name = excluded.role_name, rate = excluded.rate;
insert into public.crew_positions (id, crew_id, role_name, rate) values ('9aa646fd-2d71-5ee6-abc0-1a0faf5073cf', '79839c62-a44a-5da2-8e5a-1195905c63ab', 'General AV', 450) on conflict (id) do update set role_name = excluded.role_name, rate = excluded.rate;
insert into public.crew_positions (id, crew_id, role_name, rate) values ('1ef18cfb-d44a-53ce-b275-1c16e4481160', '79839c62-a44a-5da2-8e5a-1195905c63ab', 'Down Rigger', 550) on conflict (id) do update set role_name = excluded.role_name, rate = excluded.rate;
insert into public.crew (id, name, city_pool_id, group_name, tier, phone, email, other_city, ob, notes, description) values ('ddf7649c-27e7-5f15-8cb1-193bbc0c2e02', 'Reid Colombo', 'd2808c14-edba-5a3b-9a4d-5f15e1a5c2a7', 'Ungrouped', null, null, 'reid.colombo81@gmail.com', null, false, null, null) on conflict (id) do update set name = excluded.name, city_pool_id = excluded.city_pool_id, tier = excluded.tier, phone = excluded.phone, email = excluded.email, other_city = excluded.other_city, ob = excluded.ob, notes = excluded.notes, description = excluded.description;
insert into public.crew_positions (id, crew_id, role_name, rate) values ('38ddcd34-edf3-5b56-a720-6f3feac6663f', 'ddf7649c-27e7-5f15-8cb1-193bbc0c2e02', 'A1-Audio Engineer', 700) on conflict (id) do update set role_name = excluded.role_name, rate = excluded.rate;
insert into public.crew_positions (id, crew_id, role_name, rate) values ('c624ba26-d822-5d5f-8076-ffb231c26728', 'ddf7649c-27e7-5f15-8cb1-193bbc0c2e02', 'V1-Lead Video Engineer', 700) on conflict (id) do update set role_name = excluded.role_name, rate = excluded.rate;
insert into public.crew (id, name, city_pool_id, group_name, tier, phone, email, other_city, ob, notes, description) values ('f471f314-8f18-5bee-a2cc-6d46ed183f12', 'Fredrick Verdin', 'd2808c14-edba-5a3b-9a4d-5f15e1a5c2a7', 'Ungrouped', null, '5046165774', 'verdin.f@gmail.com', null, false, null, null) on conflict (id) do update set name = excluded.name, city_pool_id = excluded.city_pool_id, tier = excluded.tier, phone = excluded.phone, email = excluded.email, other_city = excluded.other_city, ob = excluded.ob, notes = excluded.notes, description = excluded.description;
insert into public.crew_positions (id, crew_id, role_name, rate) values ('35f712b4-c4a2-566a-abbf-b08330505de5', 'f471f314-8f18-5bee-a2cc-6d46ed183f12', 'General AV', 450) on conflict (id) do update set role_name = excluded.role_name, rate = excluded.rate;
insert into public.crew (id, name, city_pool_id, group_name, tier, phone, email, other_city, ob, notes, description) values ('c1041dd7-ba6c-5e1a-84c3-855517e794bd', 'Antone Westbrook', 'd2808c14-edba-5a3b-9a4d-5f15e1a5c2a7', 'Ungrouped', null, '5043167898', 'antonew@outlook.com', null, false, 'Raw location: New Orleans', 'analog and digital , Roland v series, Atem') on conflict (id) do update set name = excluded.name, city_pool_id = excluded.city_pool_id, tier = excluded.tier, phone = excluded.phone, email = excluded.email, other_city = excluded.other_city, ob = excluded.ob, notes = excluded.notes, description = excluded.description;
insert into public.crew_positions (id, crew_id, role_name, rate) values ('8adfac53-c3f7-5e66-b352-0999e7a1f5f0', 'c1041dd7-ba6c-5e1a-84c3-855517e794bd', 'General AV', 450) on conflict (id) do update set role_name = excluded.role_name, rate = excluded.rate;
insert into public.crew_positions (id, crew_id, role_name, rate) values ('762abdc0-0b8b-5e37-b73e-fd87b939ef69', 'c1041dd7-ba6c-5e1a-84c3-855517e794bd', 'Breakout Operator', 600) on conflict (id) do update set role_name = excluded.role_name, rate = excluded.rate;
insert into public.crew_positions (id, crew_id, role_name, rate) values ('2324d978-64d7-5091-a49c-a6fb8b6a740c', 'c1041dd7-ba6c-5e1a-84c3-855517e794bd', 'A2-Audio Assist', 500) on conflict (id) do update set role_name = excluded.role_name, rate = excluded.rate;
insert into public.crew_positions (id, crew_id, role_name, rate) values ('6d7e0424-b9dc-5c3e-82d5-22c624f51f5f', 'c1041dd7-ba6c-5e1a-84c3-855517e794bd', 'V2-Video Assist', 550) on conflict (id) do update set role_name = excluded.role_name, rate = excluded.rate;
insert into public.crew_positions (id, crew_id, role_name, rate) values ('ac68e349-c6f7-5849-b453-4fc2923fdf64', 'c1041dd7-ba6c-5e1a-84c3-855517e794bd', 'Speaker Ready', 650) on conflict (id) do update set role_name = excluded.role_name, rate = excluded.rate;
insert into public.crew (id, name, city_pool_id, group_name, tier, phone, email, other_city, ob, notes, description) values ('4abcf774-b885-5157-93cd-105839c70355', 'Dan Izen', 'd2808c14-edba-5a3b-9a4d-5f15e1a5c2a7', 'Ungrouped', null, '5042208948', 'izenears@gmail.com', null, true, 'Imported rate text: 35 | Raw location: OB New Orleans', 'digital and analog boards, Certified for forklift, scissor and boom, smaller switcher like vmix') on conflict (id) do update set name = excluded.name, city_pool_id = excluded.city_pool_id, tier = excluded.tier, phone = excluded.phone, email = excluded.email, other_city = excluded.other_city, ob = excluded.ob, notes = excluded.notes, description = excluded.description;
insert into public.crew_positions (id, crew_id, role_name, rate) values ('f7024a6f-1cd2-5e4a-be15-80ab06774cce', '4abcf774-b885-5157-93cd-105839c70355', 'A1-Audio Engineer', 35.0) on conflict (id) do update set role_name = excluded.role_name, rate = excluded.rate;
insert into public.crew_positions (id, crew_id, role_name, rate) values ('191711e9-6585-5d97-be04-2995cd982f29', '4abcf774-b885-5157-93cd-105839c70355', 'A2-Audio Assist', 35.0) on conflict (id) do update set role_name = excluded.role_name, rate = excluded.rate;
insert into public.crew_positions (id, crew_id, role_name, rate) values ('a0d8010f-a968-534c-8194-03051d4aa454', '4abcf774-b885-5157-93cd-105839c70355', 'Breakout Operator', 35.0) on conflict (id) do update set role_name = excluded.role_name, rate = excluded.rate;
insert into public.crew_positions (id, crew_id, role_name, rate) values ('fe61cc62-169f-5936-ba44-48233556ee60', '4abcf774-b885-5157-93cd-105839c70355', 'L2-Lighting Assist', 35.0) on conflict (id) do update set role_name = excluded.role_name, rate = excluded.rate;
insert into public.crew_positions (id, crew_id, role_name, rate) values ('8063af1e-b51e-5cbf-839d-6f46c9508c02', '4abcf774-b885-5157-93cd-105839c70355', 'General AV', 35.0) on conflict (id) do update set role_name = excluded.role_name, rate = excluded.rate;
insert into public.crew_positions (id, crew_id, role_name, rate) values ('4bb01a30-3400-516c-8a7c-0fc563337d68', '4abcf774-b885-5157-93cd-105839c70355', 'Speaker Ready', 35.0) on conflict (id) do update set role_name = excluded.role_name, rate = excluded.rate;
insert into public.crew (id, name, city_pool_id, group_name, tier, phone, email, other_city, ob, notes, description) values ('4985e13e-07f1-5dec-a45b-7dc1b3b63eb5', 'David Collet', 'd2808c14-edba-5a3b-9a4d-5f15e1a5c2a7', 'Ungrouped', null, '504-813-3813', 'dcollette@gmail.com', null, false, 'Raw location: New Orleans', 'Roland V160, Blackmagic Atem serie. Analog or digital mixers.') on conflict (id) do update set name = excluded.name, city_pool_id = excluded.city_pool_id, tier = excluded.tier, phone = excluded.phone, email = excluded.email, other_city = excluded.other_city, ob = excluded.ob, notes = excluded.notes, description = excluded.description;
insert into public.crew_positions (id, crew_id, role_name, rate) values ('fc00ebda-f66a-5c66-a005-47849668a1c4', '4985e13e-07f1-5dec-a45b-7dc1b3b63eb5', 'A1-Audio Engineer', 700) on conflict (id) do update set role_name = excluded.role_name, rate = excluded.rate;
insert into public.crew_positions (id, crew_id, role_name, rate) values ('8c059866-fb09-5736-9d05-1d6a15cb7806', '4985e13e-07f1-5dec-a45b-7dc1b3b63eb5', 'A2-Audio Assist', 500) on conflict (id) do update set role_name = excluded.role_name, rate = excluded.rate;
insert into public.crew_positions (id, crew_id, role_name, rate) values ('f9a82bc7-cd7e-5037-8739-56b3bfc8b8ec', '4985e13e-07f1-5dec-a45b-7dc1b3b63eb5', 'V1-Lead Video Engineer', 700) on conflict (id) do update set role_name = excluded.role_name, rate = excluded.rate;
insert into public.crew_positions (id, crew_id, role_name, rate) values ('6418c96c-6bd8-56bb-96a3-6f9d86f6eeb2', '4985e13e-07f1-5dec-a45b-7dc1b3b63eb5', 'V2-Video Assist', 550) on conflict (id) do update set role_name = excluded.role_name, rate = excluded.rate;
insert into public.crew_positions (id, crew_id, role_name, rate) values ('b5d0b37e-3e42-5174-bd48-8a1182b26c20', '4985e13e-07f1-5dec-a45b-7dc1b3b63eb5', 'Down Rigger', 550) on conflict (id) do update set role_name = excluded.role_name, rate = excluded.rate;
insert into public.crew_positions (id, crew_id, role_name, rate) values ('27e0ed9d-549f-566a-878b-8b88df76a741', '4985e13e-07f1-5dec-a45b-7dc1b3b63eb5', 'Speaker Ready', 650) on conflict (id) do update set role_name = excluded.role_name, rate = excluded.rate;
insert into public.crew (id, name, city_pool_id, group_name, tier, phone, email, other_city, ob, notes, description) values ('89c820fb-0e6f-5e8f-837a-a7c4ab1cdc73', 'sam tinsley', 'd2808c14-edba-5a3b-9a4d-5f15e1a5c2a7', 'Ungrouped', null, null, 'samdustontinsley101@gmail.com', null, false, 'Raw location: sent New Orleans', 'weekends, and nights available') on conflict (id) do update set name = excluded.name, city_pool_id = excluded.city_pool_id, tier = excluded.tier, phone = excluded.phone, email = excluded.email, other_city = excluded.other_city, ob = excluded.ob, notes = excluded.notes, description = excluded.description;
insert into public.crew_positions (id, crew_id, role_name, rate) values ('63076974-1ba8-5b00-b6d5-0a5d383db16e', '89c820fb-0e6f-5e8f-837a-a7c4ab1cdc73', 'A2-Audio Assist', 500) on conflict (id) do update set role_name = excluded.role_name, rate = excluded.rate;
insert into public.crew_positions (id, crew_id, role_name, rate) values ('a513f813-3c49-51b6-ba34-9dffe683508d', '89c820fb-0e6f-5e8f-837a-a7c4ab1cdc73', 'V1-Lead Video Engineer', 700) on conflict (id) do update set role_name = excluded.role_name, rate = excluded.rate;
insert into public.crew_positions (id, crew_id, role_name, rate) values ('d3605bc0-9687-5ec1-b587-fb5d15390c8b', '89c820fb-0e6f-5e8f-837a-a7c4ab1cdc73', 'L2-Lighting Assist', 500) on conflict (id) do update set role_name = excluded.role_name, rate = excluded.rate;
insert into public.crew (id, name, city_pool_id, group_name, tier, phone, email, other_city, ob, notes, description) values ('7f01ac8b-002a-5846-9657-fe90a8a6ffbb', 'Matt Ranson', 'd2808c14-edba-5a3b-9a4d-5f15e1a5c2a7', 'Ungrouped', null, null, 'gottagrooveentertainment@gmail.com', null, false, null, null) on conflict (id) do update set name = excluded.name, city_pool_id = excluded.city_pool_id, tier = excluded.tier, phone = excluded.phone, email = excluded.email, other_city = excluded.other_city, ob = excluded.ob, notes = excluded.notes, description = excluded.description;
insert into public.crew_positions (id, crew_id, role_name, rate) values ('3515efe5-acf8-5deb-bea9-dcec0c120fdb', '7f01ac8b-002a-5846-9657-fe90a8a6ffbb', 'General AV', 450) on conflict (id) do update set role_name = excluded.role_name, rate = excluded.rate;
insert into public.crew (id, name, city_pool_id, group_name, tier, phone, email, other_city, ob, notes, description) values ('63b38aa9-6592-5906-a862-281bbd834a9d', 'Rene Crusto', 'd2808c14-edba-5a3b-9a4d-5f15e1a5c2a7', 'Ungrouped', null, null, 'Renesbird@yahoo.com', null, false, 'Raw location: talked to on messanger', null) on conflict (id) do update set name = excluded.name, city_pool_id = excluded.city_pool_id, tier = excluded.tier, phone = excluded.phone, email = excluded.email, other_city = excluded.other_city, ob = excluded.ob, notes = excluded.notes, description = excluded.description;
insert into public.crew_positions (id, crew_id, role_name, rate) values ('5bddf98b-455a-53e3-a003-40c2324413ef', '63b38aa9-6592-5906-a862-281bbd834a9d', 'Camera Operator', 700) on conflict (id) do update set role_name = excluded.role_name, rate = excluded.rate;
insert into public.crew (id, name, city_pool_id, group_name, tier, phone, email, other_city, ob, notes, description) values ('94585a1c-2300-5767-ae97-cf64110a6b8a', 'Ruston Waldron', 'd2808c14-edba-5a3b-9a4d-5f15e1a5c2a7', 'Ungrouped', null, '5044348296', 'exumbra@gmail.com', null, true, 'Raw location: OB, New Orleans', 'GAV') on conflict (id) do update set name = excluded.name, city_pool_id = excluded.city_pool_id, tier = excluded.tier, phone = excluded.phone, email = excluded.email, other_city = excluded.other_city, ob = excluded.ob, notes = excluded.notes, description = excluded.description;
insert into public.crew_positions (id, crew_id, role_name, rate) values ('c022876d-35af-52be-bd72-11dee072de43', '94585a1c-2300-5767-ae97-cf64110a6b8a', 'General AV', 450) on conflict (id) do update set role_name = excluded.role_name, rate = excluded.rate;
insert into public.crew_positions (id, crew_id, role_name, rate) values ('4bdf0567-4203-5616-aa15-02f7ceee9289', '94585a1c-2300-5767-ae97-cf64110a6b8a', 'Stagehand', 400) on conflict (id) do update set role_name = excluded.role_name, rate = excluded.rate;
insert into public.crew_positions (id, crew_id, role_name, rate) values ('624b406a-a0b2-5ff0-ad04-b8add6d9af97', '94585a1c-2300-5767-ae97-cf64110a6b8a', 'LED Assist', 500) on conflict (id) do update set role_name = excluded.role_name, rate = excluded.rate;
insert into public.crew (id, name, city_pool_id, group_name, tier, phone, email, other_city, ob, notes, description) values ('76419af3-3bda-511c-9162-f0621956b8aa', 'Alfredo DiGregorio', 'd2808c14-edba-5a3b-9a4d-5f15e1a5c2a7', 'Ungrouped', null, '5049062488', 'adigregorio1986@gmail.com', null, false, 'Raw location: New Orleans', 'Atem mini, basic analog audio') on conflict (id) do update set name = excluded.name, city_pool_id = excluded.city_pool_id, tier = excluded.tier, phone = excluded.phone, email = excluded.email, other_city = excluded.other_city, ob = excluded.ob, notes = excluded.notes, description = excluded.description;
insert into public.crew_positions (id, crew_id, role_name, rate) values ('01183cc7-cd01-5c78-9637-a939a62459f1', '76419af3-3bda-511c-9162-f0621956b8aa', 'A2-Audio Assist', 500) on conflict (id) do update set role_name = excluded.role_name, rate = excluded.rate;
insert into public.crew_positions (id, crew_id, role_name, rate) values ('9bcc3bad-524a-5834-8068-d71f3ad1fb31', '76419af3-3bda-511c-9162-f0621956b8aa', 'L2-Lighting Assist', 500) on conflict (id) do update set role_name = excluded.role_name, rate = excluded.rate;
insert into public.crew_positions (id, crew_id, role_name, rate) values ('3bdd82b4-c329-52d0-9971-dffbac5006f9', '76419af3-3bda-511c-9162-f0621956b8aa', 'LED Assist', 500) on conflict (id) do update set role_name = excluded.role_name, rate = excluded.rate;
insert into public.crew_positions (id, crew_id, role_name, rate) values ('92e8ab1a-f741-5736-b7ae-22814447b9e4', '76419af3-3bda-511c-9162-f0621956b8aa', 'Speaker Ready', 650) on conflict (id) do update set role_name = excluded.role_name, rate = excluded.rate;
insert into public.crew (id, name, city_pool_id, group_name, tier, phone, email, other_city, ob, notes, description) values ('0f1e5cea-d145-594c-ba29-fe7a28c63682', 'Jen Westmoreland', 'd2808c14-edba-5a3b-9a4d-5f15e1a5c2a7', 'Ungrouped', null, '985-722-5294', 'Gendeaux@hotmail.com', null, false, 'Raw location: New Orleans', 'V1 and I know barco products(level 1b certified for Event Master software, roland V160, graphics and playback') on conflict (id) do update set name = excluded.name, city_pool_id = excluded.city_pool_id, tier = excluded.tier, phone = excluded.phone, email = excluded.email, other_city = excluded.other_city, ob = excluded.ob, notes = excluded.notes, description = excluded.description;
insert into public.crew_positions (id, crew_id, role_name, rate) values ('8fca19cd-4175-57d6-a37c-0858113674fc', '0f1e5cea-d145-594c-ba29-fe7a28c63682', 'V1-Lead Video Engineer', 700) on conflict (id) do update set role_name = excluded.role_name, rate = excluded.rate;
insert into public.crew_positions (id, crew_id, role_name, rate) values ('8de34fe4-72a0-5727-a1db-63c13f40a083', '0f1e5cea-d145-594c-ba29-fe7a28c63682', 'Speaker Ready', 650) on conflict (id) do update set role_name = excluded.role_name, rate = excluded.rate;
insert into public.crew (id, name, city_pool_id, group_name, tier, phone, email, other_city, ob, notes, description) values ('19126632-1c6f-52e8-b8df-1246af5346d2', 'Joeseph (Joey) Wilson', 'd2808c14-edba-5a3b-9a4d-5f15e1a5c2a7', 'Ungrouped', '2abc. C', '504 261 9535', 'joeybwilson24.7@gmail.com', null, true, 'Imported rate text: Standard | Raw location: OB New Orleans', 'Analog and some digital. certified forklift, down rigging, LED assist.') on conflict (id) do update set name = excluded.name, city_pool_id = excluded.city_pool_id, tier = excluded.tier, phone = excluded.phone, email = excluded.email, other_city = excluded.other_city, ob = excluded.ob, notes = excluded.notes, description = excluded.description;
insert into public.crew_positions (id, crew_id, role_name, rate) values ('bb023521-ad1d-5b09-a4d3-3e9c611cfacd', '19126632-1c6f-52e8-b8df-1246af5346d2', 'A2-Audio Assist', 500) on conflict (id) do update set role_name = excluded.role_name, rate = excluded.rate;
insert into public.crew_positions (id, crew_id, role_name, rate) values ('9dcc7f45-a1a1-5653-9c7a-698e2153083f', '19126632-1c6f-52e8-b8df-1246af5346d2', 'General AV', 450) on conflict (id) do update set role_name = excluded.role_name, rate = excluded.rate;
insert into public.crew_positions (id, crew_id, role_name, rate) values ('05f4a8c3-39e0-5a48-8a35-160ddfb4202e', '19126632-1c6f-52e8-b8df-1246af5346d2', 'Breakout Operator', 600) on conflict (id) do update set role_name = excluded.role_name, rate = excluded.rate;
insert into public.crew_positions (id, crew_id, role_name, rate) values ('c696243d-d58a-580d-bd54-20791956fbd6', '19126632-1c6f-52e8-b8df-1246af5346d2', 'LED Assist', 500) on conflict (id) do update set role_name = excluded.role_name, rate = excluded.rate;
insert into public.crew_positions (id, crew_id, role_name, rate) values ('ab4e3a99-e112-5faa-ad77-ca4042dbe3e2', '19126632-1c6f-52e8-b8df-1246af5346d2', 'Down Rigger', 550) on conflict (id) do update set role_name = excluded.role_name, rate = excluded.rate;
insert into public.crew (id, name, city_pool_id, group_name, tier, phone, email, other_city, ob, notes, description) values ('c020b928-d3e2-5f21-a516-2a644bd98a16', 'Malik Davis', 'd2808c14-edba-5a3b-9a4d-5f15e1a5c2a7', 'Ungrouped', null, null, 'pinglee712@gmail.com', null, false, null, 'Lazy') on conflict (id) do update set name = excluded.name, city_pool_id = excluded.city_pool_id, tier = excluded.tier, phone = excluded.phone, email = excluded.email, other_city = excluded.other_city, ob = excluded.ob, notes = excluded.notes, description = excluded.description;
insert into public.crew_positions (id, crew_id, role_name, rate) values ('0e9e766f-1153-506d-b5c0-d1e3d02aeba4', 'c020b928-d3e2-5f21-a516-2a644bd98a16', 'General AV', 450) on conflict (id) do update set role_name = excluded.role_name, rate = excluded.rate;
insert into public.crew (id, name, city_pool_id, group_name, tier, phone, email, other_city, ob, notes, description) values ('d0c7ece7-cc51-5057-a12b-657712efd0c9', 'Justin Mott', 'd2808c14-edba-5a3b-9a4d-5f15e1a5c2a7', 'Ungrouped', '1', '936-590-6377', 'mottmediaphotography@gmail.com', null, false, 'Raw location: sent New Orleans', 'videography, Cam Op, some audio. texas') on conflict (id) do update set name = excluded.name, city_pool_id = excluded.city_pool_id, tier = excluded.tier, phone = excluded.phone, email = excluded.email, other_city = excluded.other_city, ob = excluded.ob, notes = excluded.notes, description = excluded.description;
insert into public.crew_positions (id, crew_id, role_name, rate) values ('16f449d1-daeb-5a4c-9847-4412468478d0', 'd0c7ece7-cc51-5057-a12b-657712efd0c9', 'Camera Operator', 700) on conflict (id) do update set role_name = excluded.role_name, rate = excluded.rate;
insert into public.crew (id, name, city_pool_id, group_name, tier, phone, email, other_city, ob, notes, description) values ('8a976ad5-67d9-5af1-b527-338b3ad4e6bd', 'Erik Bartney', 'd2808c14-edba-5a3b-9a4d-5f15e1a5c2a7', 'Ungrouped', null, '504-300-6939', 'bartneyderik@yahoo.com', null, false, null, 'Roland and Atem') on conflict (id) do update set name = excluded.name, city_pool_id = excluded.city_pool_id, tier = excluded.tier, phone = excluded.phone, email = excluded.email, other_city = excluded.other_city, ob = excluded.ob, notes = excluded.notes, description = excluded.description;
insert into public.crew_positions (id, crew_id, role_name, rate) values ('e1b78d42-577f-5f63-a4b0-c5b83fe0a25b', '8a976ad5-67d9-5af1-b527-338b3ad4e6bd', 'Speaker Ready', 650) on conflict (id) do update set role_name = excluded.role_name, rate = excluded.rate;
insert into public.crew (id, name, city_pool_id, group_name, tier, phone, email, other_city, ob, notes, description) values ('46dca09c-b952-5cec-9015-530b641bd50f', 'Hunter Thomas', 'd2808c14-edba-5a3b-9a4d-5f15e1a5c2a7', 'Ungrouped', '2abc', '(504)723-6466', 'Hunter@Concept13studios.com', null, true, 'Raw location: OB New Orleans', 'all video switchers roland v series, Atem, camera op, tripod, handheld, follow, PTZ owns fleet of sony cameras') on conflict (id) do update set name = excluded.name, city_pool_id = excluded.city_pool_id, tier = excluded.tier, phone = excluded.phone, email = excluded.email, other_city = excluded.other_city, ob = excluded.ob, notes = excluded.notes, description = excluded.description;
insert into public.crew_positions (id, crew_id, role_name, rate) values ('60225808-db59-547c-8a9f-44a5e2841ca3', '46dca09c-b952-5cec-9015-530b641bd50f', 'Camera Operator', 700) on conflict (id) do update set role_name = excluded.role_name, rate = excluded.rate;
insert into public.crew_positions (id, crew_id, role_name, rate) values ('b225ad76-7ec1-5e8c-9e48-d83d5f015b40', '46dca09c-b952-5cec-9015-530b641bd50f', 'V2-Video Assist', 550) on conflict (id) do update set role_name = excluded.role_name, rate = excluded.rate;
insert into public.crew_positions (id, crew_id, role_name, rate) values ('a664efbd-952d-5fb3-8041-1503b19e035d', '46dca09c-b952-5cec-9015-530b641bd50f', 'Speaker Ready', 650) on conflict (id) do update set role_name = excluded.role_name, rate = excluded.rate;
insert into public.crew_positions (id, crew_id, role_name, rate) values ('83c6e654-f28c-5fff-b032-e7e691422b34', '46dca09c-b952-5cec-9015-530b641bd50f', 'LD-Lighting Designer', 700) on conflict (id) do update set role_name = excluded.role_name, rate = excluded.rate;
insert into public.crew (id, name, city_pool_id, group_name, tier, phone, email, other_city, ob, notes, description) values ('3617a230-4430-5e4d-ab23-f02c7b2ddd3e', 'mason McGuire', 'd2808c14-edba-5a3b-9a4d-5f15e1a5c2a7', 'Ungrouped', null, null, 'mmcguire478@gmail.com', null, false, null, null) on conflict (id) do update set name = excluded.name, city_pool_id = excluded.city_pool_id, tier = excluded.tier, phone = excluded.phone, email = excluded.email, other_city = excluded.other_city, ob = excluded.ob, notes = excluded.notes, description = excluded.description;
insert into public.crew_positions (id, crew_id, role_name, rate) values ('0b0eb8fb-da91-55a3-90e4-e849a6414a57', '3617a230-4430-5e4d-ab23-f02c7b2ddd3e', 'LD-Lighting Designer', 700) on conflict (id) do update set role_name = excluded.role_name, rate = excluded.rate;
insert into public.crew (id, name, city_pool_id, group_name, tier, phone, email, other_city, ob, notes, description) values ('8cf0ad18-cb40-59d7-a6b6-22aa9a92fa2b', 'Sam Black', 'd2808c14-edba-5a3b-9a4d-5f15e1a5c2a7', 'Ungrouped', null, null, null, null, false, null, 'all switchers, camera man') on conflict (id) do update set name = excluded.name, city_pool_id = excluded.city_pool_id, tier = excluded.tier, phone = excluded.phone, email = excluded.email, other_city = excluded.other_city, ob = excluded.ob, notes = excluded.notes, description = excluded.description;
insert into public.crew_positions (id, crew_id, role_name, rate) values ('cf0ee7eb-eade-530b-af19-83ad17fa8dca', '8cf0ad18-cb40-59d7-a6b6-22aa9a92fa2b', 'V1-Lead Video Engineer', 700) on conflict (id) do update set role_name = excluded.role_name, rate = excluded.rate;
insert into public.crew_positions (id, crew_id, role_name, rate) values ('41d6db9e-3f51-5af9-93e9-e442810ca866', '8cf0ad18-cb40-59d7-a6b6-22aa9a92fa2b', 'LED Assist', 500) on conflict (id) do update set role_name = excluded.role_name, rate = excluded.rate;
insert into public.crew_positions (id, crew_id, role_name, rate) values ('4aeb2315-dcd6-51cc-8b37-db6ebfc112f0', '8cf0ad18-cb40-59d7-a6b6-22aa9a92fa2b', 'Speaker Ready', 650) on conflict (id) do update set role_name = excluded.role_name, rate = excluded.rate;
insert into public.crew (id, name, city_pool_id, group_name, tier, phone, email, other_city, ob, notes, description) values ('48e1dcba-b811-51c0-b041-9e1ca3456a3a', 'Adam Paulus', 'd2808c14-edba-5a3b-9a4d-5f15e1a5c2a7', 'Ungrouped', null, '504-644-6722', 'Adam.L.Paulus@gmail.com', null, true, 'Raw location: OB, New Orleans didnt fill out questionaire may be lazy', 'analog or digital audio board') on conflict (id) do update set name = excluded.name, city_pool_id = excluded.city_pool_id, tier = excluded.tier, phone = excluded.phone, email = excluded.email, other_city = excluded.other_city, ob = excluded.ob, notes = excluded.notes, description = excluded.description;
insert into public.crew_positions (id, crew_id, role_name, rate) values ('1814e585-72c6-5ba3-baf7-e8210ad8e6e2', '48e1dcba-b811-51c0-b041-9e1ca3456a3a', 'A1-Audio Engineer', 700) on conflict (id) do update set role_name = excluded.role_name, rate = excluded.rate;
insert into public.crew_positions (id, crew_id, role_name, rate) values ('2656b8a5-cd4a-5f8d-812b-03f003b9d528', '48e1dcba-b811-51c0-b041-9e1ca3456a3a', 'A2-Audio Assist', 500) on conflict (id) do update set role_name = excluded.role_name, rate = excluded.rate;
insert into public.crew (id, name, city_pool_id, group_name, tier, phone, email, other_city, ob, notes, description) values ('44791553-442e-5361-8dd5-44e1df4920e7', 'Thomas Walsh', 'd2808c14-edba-5a3b-9a4d-5f15e1a5c2a7', 'Ungrouped', null, '205-910-8073', 'thomas@wwno.org', null, true, 'Raw location: OB wants to be A2 to learn alongside A1 New Orleans', 'analog or digital.') on conflict (id) do update set name = excluded.name, city_pool_id = excluded.city_pool_id, tier = excluded.tier, phone = excluded.phone, email = excluded.email, other_city = excluded.other_city, ob = excluded.ob, notes = excluded.notes, description = excluded.description;
insert into public.crew_positions (id, crew_id, role_name, rate) values ('2bf17042-3ef5-571e-ba25-6d86d34a70b3', '44791553-442e-5361-8dd5-44e1df4920e7', 'A2-Audio Assist', 500) on conflict (id) do update set role_name = excluded.role_name, rate = excluded.rate;
insert into public.crew_positions (id, crew_id, role_name, rate) values ('7e5a1c8d-fddc-544e-9134-29f8fabd58ff', '44791553-442e-5361-8dd5-44e1df4920e7', 'General AV', 450) on conflict (id) do update set role_name = excluded.role_name, rate = excluded.rate;
insert into public.crew (id, name, city_pool_id, group_name, tier, phone, email, other_city, ob, notes, description) values ('93793334-36a8-5c7f-9f52-f3286e0f1e7a', 'Stuart Raper', 'd2808c14-edba-5a3b-9a4d-5f15e1a5c2a7', 'Ungrouped', null, '4043580016', 'swr504@gmail.com', null, true, 'Raw location: New Orleans OB', 'Atem, Roland v160, analog and digital Audio mixer') on conflict (id) do update set name = excluded.name, city_pool_id = excluded.city_pool_id, tier = excluded.tier, phone = excluded.phone, email = excluded.email, other_city = excluded.other_city, ob = excluded.ob, notes = excluded.notes, description = excluded.description;
insert into public.crew_positions (id, crew_id, role_name, rate) values ('5c731e3f-e529-59ac-9f17-f367a1ff8b89', '93793334-36a8-5c7f-9f52-f3286e0f1e7a', 'General AV', 450) on conflict (id) do update set role_name = excluded.role_name, rate = excluded.rate;
insert into public.crew_positions (id, crew_id, role_name, rate) values ('b4327d5c-190c-52f1-92d9-e26aea204026', '93793334-36a8-5c7f-9f52-f3286e0f1e7a', 'L2-Lighting Assist', 500) on conflict (id) do update set role_name = excluded.role_name, rate = excluded.rate;
insert into public.crew_positions (id, crew_id, role_name, rate) values ('cef3d29c-8322-5b3d-9e1e-29c49f2d682c', '93793334-36a8-5c7f-9f52-f3286e0f1e7a', 'LED Assist', 500) on conflict (id) do update set role_name = excluded.role_name, rate = excluded.rate;
insert into public.crew_positions (id, crew_id, role_name, rate) values ('ed4a25e7-80ab-5563-b04d-3dde23224aa9', '93793334-36a8-5c7f-9f52-f3286e0f1e7a', 'Speaker Ready', 650) on conflict (id) do update set role_name = excluded.role_name, rate = excluded.rate;
insert into public.crew (id, name, city_pool_id, group_name, tier, phone, email, other_city, ob, notes, description) values ('63fd4fc6-35d5-5f52-b730-7c81e11666cc', 'Christian Hardy', 'd2808c14-edba-5a3b-9a4d-5f15e1a5c2a7', 'Ungrouped', null, '504-644-7354', 'Ccbhardy@gmail.com', null, false, null, 'Cam Op') on conflict (id) do update set name = excluded.name, city_pool_id = excluded.city_pool_id, tier = excluded.tier, phone = excluded.phone, email = excluded.email, other_city = excluded.other_city, ob = excluded.ob, notes = excluded.notes, description = excluded.description;
insert into public.crew_positions (id, crew_id, role_name, rate) values ('222a35b0-3741-5fc1-8715-484843815a41', '63fd4fc6-35d5-5f52-b730-7c81e11666cc', 'Camera Operator', 700) on conflict (id) do update set role_name = excluded.role_name, rate = excluded.rate;
insert into public.crew (id, name, city_pool_id, group_name, tier, phone, email, other_city, ob, notes, description) values ('f73f601a-86e3-588e-9458-e5be133faced', 'Raheem Jackson', 'd2808c14-edba-5a3b-9a4d-5f15e1a5c2a7', 'Ungrouped', null, '5042056606', null, null, false, 'Raw location: waiting on email New Orleans', 'analog and some digital audio mixers') on conflict (id) do update set name = excluded.name, city_pool_id = excluded.city_pool_id, tier = excluded.tier, phone = excluded.phone, email = excluded.email, other_city = excluded.other_city, ob = excluded.ob, notes = excluded.notes, description = excluded.description;
insert into public.crew_positions (id, crew_id, role_name, rate) values ('e1e1a842-7893-5116-82a3-5015bdf802b2', 'f73f601a-86e3-588e-9458-e5be133faced', 'General AV', 450) on conflict (id) do update set role_name = excluded.role_name, rate = excluded.rate;
insert into public.crew (id, name, city_pool_id, group_name, tier, phone, email, other_city, ob, notes, description) values ('15cbb406-7c32-5fa5-a147-bd87a631612b', 'Nick McWeeny', 'd2808c14-edba-5a3b-9a4d-5f15e1a5c2a7', 'Ungrouped', null, '5047156993', 'Mcweenynick@yahoo.com', null, true, 'Imported rate text: says $25, but pay standard | Raw location: New Orleans OB', 'GAV, L2, LED assist') on conflict (id) do update set name = excluded.name, city_pool_id = excluded.city_pool_id, tier = excluded.tier, phone = excluded.phone, email = excluded.email, other_city = excluded.other_city, ob = excluded.ob, notes = excluded.notes, description = excluded.description;
insert into public.crew_positions (id, crew_id, role_name, rate) values ('efd49e33-7314-5b32-aca1-f8340d171f3b', '15cbb406-7c32-5fa5-a147-bd87a631612b', 'General AV', 25.0) on conflict (id) do update set role_name = excluded.role_name, rate = excluded.rate;
insert into public.crew_positions (id, crew_id, role_name, rate) values ('fd23aaf1-86ec-5368-9156-0014a6152568', '15cbb406-7c32-5fa5-a147-bd87a631612b', 'Stagehand', 25.0) on conflict (id) do update set role_name = excluded.role_name, rate = excluded.rate;
insert into public.crew_positions (id, crew_id, role_name, rate) values ('cdeb22cf-6f97-59a5-a20b-6ef0c21ce5c1', '15cbb406-7c32-5fa5-a147-bd87a631612b', 'L2-Lighting Assist', 25.0) on conflict (id) do update set role_name = excluded.role_name, rate = excluded.rate;
insert into public.crew_positions (id, crew_id, role_name, rate) values ('a93f29bd-7761-5f8e-b5d0-6e27c59843ca', '15cbb406-7c32-5fa5-a147-bd87a631612b', 'LED Assist', 25.0) on conflict (id) do update set role_name = excluded.role_name, rate = excluded.rate;
insert into public.crew (id, name, city_pool_id, group_name, tier, phone, email, other_city, ob, notes, description) values ('2a41705d-3c7d-5d29-b76d-fd460045b014', 'Nolan Williams', 'd2808c14-edba-5a3b-9a4d-5f15e1a5c2a7', 'Ungrouped', null, null, null, null, false, 'Raw location: New Orleans', 'All Video switchers, roland, atem') on conflict (id) do update set name = excluded.name, city_pool_id = excluded.city_pool_id, tier = excluded.tier, phone = excluded.phone, email = excluded.email, other_city = excluded.other_city, ob = excluded.ob, notes = excluded.notes, description = excluded.description;
insert into public.crew_positions (id, crew_id, role_name, rate) values ('9f2c9629-5ce0-51dc-b9c7-d9607f191215', '2a41705d-3c7d-5d29-b76d-fd460045b014', 'V1-Lead Video Engineer', 700) on conflict (id) do update set role_name = excluded.role_name, rate = excluded.rate;
insert into public.crew_positions (id, crew_id, role_name, rate) values ('9ce69a4f-5545-56f6-8dfd-8c1d8cc2874c', '2a41705d-3c7d-5d29-b76d-fd460045b014', 'Breakout Operator', 600) on conflict (id) do update set role_name = excluded.role_name, rate = excluded.rate;
insert into public.crew_positions (id, crew_id, role_name, rate) values ('b1df468f-da32-51b3-a2d8-30047c9cb2eb', '2a41705d-3c7d-5d29-b76d-fd460045b014', 'Speaker Ready', 650) on conflict (id) do update set role_name = excluded.role_name, rate = excluded.rate;
insert into public.crew (id, name, city_pool_id, group_name, tier, phone, email, other_city, ob, notes, description) values ('5a13eba4-eb54-5b3f-838a-6c4e19523ba7', 'Michael Cooper', 'd2808c14-edba-5a3b-9a4d-5f15e1a5c2a7', 'Ungrouped', null, '217-722-4880', 'Michaelclcooper@gmail.com', null, false, 'Raw location: sent', 'analog or digital, LED Tech') on conflict (id) do update set name = excluded.name, city_pool_id = excluded.city_pool_id, tier = excluded.tier, phone = excluded.phone, email = excluded.email, other_city = excluded.other_city, ob = excluded.ob, notes = excluded.notes, description = excluded.description;
insert into public.crew_positions (id, crew_id, role_name, rate) values ('434b3563-af77-5bb3-93d5-ded3cb874184', '5a13eba4-eb54-5b3f-838a-6c4e19523ba7', 'General AV', 450) on conflict (id) do update set role_name = excluded.role_name, rate = excluded.rate;
insert into public.crew_positions (id, crew_id, role_name, rate) values ('ae62fc79-a603-5a2b-915d-8b6a73e5fc00', '5a13eba4-eb54-5b3f-838a-6c4e19523ba7', 'Breakout Operator', 600) on conflict (id) do update set role_name = excluded.role_name, rate = excluded.rate;
insert into public.crew_positions (id, crew_id, role_name, rate) values ('da9dbb06-6c2c-5fad-9e5f-ef075b6b841b', '5a13eba4-eb54-5b3f-838a-6c4e19523ba7', 'LED Assist', 500) on conflict (id) do update set role_name = excluded.role_name, rate = excluded.rate;
insert into public.crew_positions (id, crew_id, role_name, rate) values ('937a6431-ce2f-50ae-9688-0eed0a19c911', '5a13eba4-eb54-5b3f-838a-6c4e19523ba7', 'L2-Lighting Assist', 500) on conflict (id) do update set role_name = excluded.role_name, rate = excluded.rate;
insert into public.crew (id, name, city_pool_id, group_name, tier, phone, email, other_city, ob, notes, description) values ('3fec7ec8-7610-5f34-ac8b-81a0ae61a3ca', 'Taylor Bryan', 'd2808c14-edba-5a3b-9a4d-5f15e1a5c2a7', 'Ungrouped', null, '985-520-2779', 'Tjenningsbryan@gmail.com', null, false, 'Raw location: New Orleans', 'Chamsy lighting board. has his own.') on conflict (id) do update set name = excluded.name, city_pool_id = excluded.city_pool_id, tier = excluded.tier, phone = excluded.phone, email = excluded.email, other_city = excluded.other_city, ob = excluded.ob, notes = excluded.notes, description = excluded.description;
insert into public.crew_positions (id, crew_id, role_name, rate) values ('ebc9ffb9-e75a-59e6-83a7-edf9ac1b2800', '3fec7ec8-7610-5f34-ac8b-81a0ae61a3ca', 'LD-Lighting Designer', 700) on conflict (id) do update set role_name = excluded.role_name, rate = excluded.rate;
insert into public.crew_positions (id, crew_id, role_name, rate) values ('d13047c7-fecd-566a-8b9b-46bfa5e11128', '3fec7ec8-7610-5f34-ac8b-81a0ae61a3ca', 'LED Assist', 500) on conflict (id) do update set role_name = excluded.role_name, rate = excluded.rate;
insert into public.crew (id, name, city_pool_id, group_name, tier, phone, email, other_city, ob, notes, description) values ('e582c850-929d-53c3-82bd-a957fee14a78', 'Blake White', 'd2808c14-edba-5a3b-9a4d-5f15e1a5c2a7', 'Ungrouped', null, '860-462-6032', 'Blake@lacunapro.com', null, true, 'Raw location: New Orleans', 'GAV, LED assist, A2, "steward"') on conflict (id) do update set name = excluded.name, city_pool_id = excluded.city_pool_id, tier = excluded.tier, phone = excluded.phone, email = excluded.email, other_city = excluded.other_city, ob = excluded.ob, notes = excluded.notes, description = excluded.description;
insert into public.crew_positions (id, crew_id, role_name, rate) values ('7295e364-cbb2-5ebe-b81e-811645419fe2', 'e582c850-929d-53c3-82bd-a957fee14a78', 'General AV', 450) on conflict (id) do update set role_name = excluded.role_name, rate = excluded.rate;
insert into public.crew_positions (id, crew_id, role_name, rate) values ('5be625bf-ea25-5e2b-abc4-55ba021c027f', 'e582c850-929d-53c3-82bd-a957fee14a78', 'LED Assist', 500) on conflict (id) do update set role_name = excluded.role_name, rate = excluded.rate;
insert into public.crew_positions (id, crew_id, role_name, rate) values ('ff951517-7073-5b03-a981-1b1d55357a21', 'e582c850-929d-53c3-82bd-a957fee14a78', 'A2-Audio Assist', 500) on conflict (id) do update set role_name = excluded.role_name, rate = excluded.rate;
insert into public.crew (id, name, city_pool_id, group_name, tier, phone, email, other_city, ob, notes, description) values ('9f4588f9-fcc6-513c-b3aa-be64f565afbb', 'Jon-Claude (JC) Harris', 'd2808c14-edba-5a3b-9a4d-5f15e1a5c2a7', 'Ungrouped', '2ABC', '504.270.1889', 'jchmedia@gmail.com', null, true, 'Raw location: New Orleans OB', 'PDS-4k, Roland V-160 & V-8, ATEM TV Studio 4k & Mini, and a GoStream. Event Master. manual cameras with ENG kits, Long lens cameras, and PTZ cameras. Pearl , Novastar, Tessera Analog or digital audio mixers') on conflict (id) do update set name = excluded.name, city_pool_id = excluded.city_pool_id, tier = excluded.tier, phone = excluded.phone, email = excluded.email, other_city = excluded.other_city, ob = excluded.ob, notes = excluded.notes, description = excluded.description;
insert into public.crew_positions (id, crew_id, role_name, rate) values ('dacff851-568c-5a1d-a48c-0a80bf85dd70', '9f4588f9-fcc6-513c-b3aa-be64f565afbb', 'V1-Lead Video Engineer', 700) on conflict (id) do update set role_name = excluded.role_name, rate = excluded.rate;
insert into public.crew_positions (id, crew_id, role_name, rate) values ('794cd00e-47ae-56d2-b73a-1979be6ab863', '9f4588f9-fcc6-513c-b3aa-be64f565afbb', 'V2-Video Assist', 550) on conflict (id) do update set role_name = excluded.role_name, rate = excluded.rate;
insert into public.crew_positions (id, crew_id, role_name, rate) values ('6d521025-6a6a-5019-ab1d-cd472977c724', '9f4588f9-fcc6-513c-b3aa-be64f565afbb', 'LED Assist', 500) on conflict (id) do update set role_name = excluded.role_name, rate = excluded.rate;
insert into public.crew_positions (id, crew_id, role_name, rate) values ('3ab28ac5-4a90-5b33-a0f9-2b18282174ca', '9f4588f9-fcc6-513c-b3aa-be64f565afbb', 'Speaker Ready', 650) on conflict (id) do update set role_name = excluded.role_name, rate = excluded.rate;
insert into public.crew (id, name, city_pool_id, group_name, tier, phone, email, other_city, ob, notes, description) values ('8020383d-179f-53d4-afd3-7f4f45912b05', 'Tony Deschamps', 'd2808c14-edba-5a3b-9a4d-5f15e1a5c2a7', 'Ungrouped', null, '208-716-0942', 'tonydechamp@gmail.com', null, false, 'Raw location: New Orleans', 'blackmagic Atem and analogWay. analog and digital audio mixers.') on conflict (id) do update set name = excluded.name, city_pool_id = excluded.city_pool_id, tier = excluded.tier, phone = excluded.phone, email = excluded.email, other_city = excluded.other_city, ob = excluded.ob, notes = excluded.notes, description = excluded.description;
insert into public.crew_positions (id, crew_id, role_name, rate) values ('1e946bcb-b67a-5dd1-9e3f-91d3cf597973', '8020383d-179f-53d4-afd3-7f4f45912b05', 'Breakout Operator', 600) on conflict (id) do update set role_name = excluded.role_name, rate = excluded.rate;
insert into public.crew_positions (id, crew_id, role_name, rate) values ('a3b22791-ccfa-55ed-8b8c-73df9a2e2ece', '8020383d-179f-53d4-afd3-7f4f45912b05', 'V1-Lead Video Engineer', 700) on conflict (id) do update set role_name = excluded.role_name, rate = excluded.rate;
insert into public.crew_positions (id, crew_id, role_name, rate) values ('816f80cb-5d60-5d8f-a60a-fe9e1f25c652', '8020383d-179f-53d4-afd3-7f4f45912b05', 'V2-Video Assist', 550) on conflict (id) do update set role_name = excluded.role_name, rate = excluded.rate;
insert into public.crew_positions (id, crew_id, role_name, rate) values ('b8b94702-fd36-5eb2-8349-44859b73968e', '8020383d-179f-53d4-afd3-7f4f45912b05', 'Camera Operator', 700) on conflict (id) do update set role_name = excluded.role_name, rate = excluded.rate;
insert into public.crew_positions (id, crew_id, role_name, rate) values ('a723818d-dc5d-50e4-8656-56eaf198f64b', '8020383d-179f-53d4-afd3-7f4f45912b05', 'Speaker Ready', 650) on conflict (id) do update set role_name = excluded.role_name, rate = excluded.rate;
insert into public.crew (id, name, city_pool_id, group_name, tier, phone, email, other_city, ob, notes, description) values ('f82d00af-682c-5cdb-843e-536352944e13', 'Dontae Wilmore', 'd2808c14-edba-5a3b-9a4d-5f15e1a5c2a7', 'Ungrouped', null, '(504) 250-7933', 'dontaewb1@gmail.com', null, false, 'Raw location: signed contractor agreement but didnt fill in any questionaire. lazy? New Orleans', null) on conflict (id) do update set name = excluded.name, city_pool_id = excluded.city_pool_id, tier = excluded.tier, phone = excluded.phone, email = excluded.email, other_city = excluded.other_city, ob = excluded.ob, notes = excluded.notes, description = excluded.description;
insert into public.crew_positions (id, crew_id, role_name, rate) values ('c4ce7d4a-1a0b-5ead-b878-23071f607a0f', 'f82d00af-682c-5cdb-843e-536352944e13', 'General AV', 450) on conflict (id) do update set role_name = excluded.role_name, rate = excluded.rate;
insert into public.crew (id, name, city_pool_id, group_name, tier, phone, email, other_city, ob, notes, description) values ('767a284c-4054-5066-9af8-9f883118cd25', 'Brian Westbrook', 'd2808c14-edba-5a3b-9a4d-5f15e1a5c2a7', 'Ungrouped', null, '504-202-3682', null, null, false, null, null) on conflict (id) do update set name = excluded.name, city_pool_id = excluded.city_pool_id, tier = excluded.tier, phone = excluded.phone, email = excluded.email, other_city = excluded.other_city, ob = excluded.ob, notes = excluded.notes, description = excluded.description;
insert into public.crew_positions (id, crew_id, role_name, rate) values ('f45b14d5-33c2-5b4c-82df-2343c8557f0a', '767a284c-4054-5066-9af8-9f883118cd25', 'General AV', 450) on conflict (id) do update set role_name = excluded.role_name, rate = excluded.rate;
insert into public.crew (id, name, city_pool_id, group_name, tier, phone, email, other_city, ob, notes, description) values ('1ee97056-2367-5dde-ba96-d7879b795ffa', 'Duane Felix', 'd9b27f10-91bd-5649-af44-d894bda0dd6d', 'Ungrouped', null, null, 'dmfelix73@gmail.com', null, false, 'Imported rate text: $400 | Raw location: San Antonio', 'San Antonio, Good travel Tech') on conflict (id) do update set name = excluded.name, city_pool_id = excluded.city_pool_id, tier = excluded.tier, phone = excluded.phone, email = excluded.email, other_city = excluded.other_city, ob = excluded.ob, notes = excluded.notes, description = excluded.description;
insert into public.crew_positions (id, crew_id, role_name, rate) values ('25305bf6-e181-5f89-834a-da3b13fd641f', '1ee97056-2367-5dde-ba96-d7879b795ffa', 'Breakout Operator', 400.0) on conflict (id) do update set role_name = excluded.role_name, rate = excluded.rate;
insert into public.crew (id, name, city_pool_id, group_name, tier, phone, email, other_city, ob, notes, description) values ('1dadd43c-da77-57f0-a894-e7ff547e451c', 'James Christian', 'd2808c14-edba-5a3b-9a4d-5f15e1a5c2a7', 'Ungrouped', null, '504-905-2011', null, null, false, 'Raw location: New Orleans', 'analog and digital') on conflict (id) do update set name = excluded.name, city_pool_id = excluded.city_pool_id, tier = excluded.tier, phone = excluded.phone, email = excluded.email, other_city = excluded.other_city, ob = excluded.ob, notes = excluded.notes, description = excluded.description;
insert into public.crew_positions (id, crew_id, role_name, rate) values ('f7802e20-3c43-5029-a89d-458e46c58362', '1dadd43c-da77-57f0-a894-e7ff547e451c', 'A1-Audio Engineer', 700) on conflict (id) do update set role_name = excluded.role_name, rate = excluded.rate;
insert into public.crew_positions (id, crew_id, role_name, rate) values ('f6a43577-4622-582b-8180-007406c48494', '1dadd43c-da77-57f0-a894-e7ff547e451c', 'A2-Audio Assist', 500) on conflict (id) do update set role_name = excluded.role_name, rate = excluded.rate;
insert into public.crew_positions (id, crew_id, role_name, rate) values ('4b591ff8-5dc6-5428-b8aa-8615c280055c', '1dadd43c-da77-57f0-a894-e7ff547e451c', 'V2-Video Assist', 550) on conflict (id) do update set role_name = excluded.role_name, rate = excluded.rate;
insert into public.crew_positions (id, crew_id, role_name, rate) values ('e79b8eac-eb78-59c4-92a2-7d566cfde251', '1dadd43c-da77-57f0-a894-e7ff547e451c', 'LED Assist', 500) on conflict (id) do update set role_name = excluded.role_name, rate = excluded.rate;
insert into public.crew (id, name, city_pool_id, group_name, tier, phone, email, other_city, ob, notes, description) values ('e3fb9e87-7701-5aeb-8e3d-9f443fc2f32c', 'Christian Giorgione', 'd2808c14-edba-5a3b-9a4d-5f15e1a5c2a7', 'Ungrouped', null, '347-209-7893', 'filmgiorgione@gmail.com', null, false, 'Raw location: New York, willing to come to New Orleans for Jan and febuary', 'Video switchers, playback, graphics, camera (broadcast and Robo)for hybrid event broadcasting Venue manager, 3 years of Tech, 7 years AV company, will travel, V1, V2, analog and digital, E2, aqualon analog way still learning, analog way ascender, Roland v160, black magic, playback mitt, keynote management, video wall Brompton, Robo cam Panasonic controller, broadcast camera, media services, Resolume,') on conflict (id) do update set name = excluded.name, city_pool_id = excluded.city_pool_id, tier = excluded.tier, phone = excluded.phone, email = excluded.email, other_city = excluded.other_city, ob = excluded.ob, notes = excluded.notes, description = excluded.description;
insert into public.crew_positions (id, crew_id, role_name, rate) values ('febaef0b-23c7-56e2-bb1b-6f1c7d29cadd', 'e3fb9e87-7701-5aeb-8e3d-9f443fc2f32c', 'V1-Lead Video Engineer', 700) on conflict (id) do update set role_name = excluded.role_name, rate = excluded.rate;
insert into public.crew_positions (id, crew_id, role_name, rate) values ('293d43be-a0e6-5afc-addb-5d92ab3a72b7', 'e3fb9e87-7701-5aeb-8e3d-9f443fc2f32c', 'Speaker Ready', 650) on conflict (id) do update set role_name = excluded.role_name, rate = excluded.rate;
insert into public.crew_positions (id, crew_id, role_name, rate) values ('af9eee18-7f76-55fb-bc7f-c4f822dd6521', 'e3fb9e87-7701-5aeb-8e3d-9f443fc2f32c', 'V2-Video Assist', 550) on conflict (id) do update set role_name = excluded.role_name, rate = excluded.rate;
insert into public.crew (id, name, city_pool_id, group_name, tier, phone, email, other_city, ob, notes, description) values ('95002c00-5ce5-5328-af5a-3f3680fcda41', 'Wilfred (kiki) Martin', 'd2808c14-edba-5a3b-9a4d-5f15e1a5c2a7', 'Ungrouped', null, '504-957-4364', null, null, false, null, null) on conflict (id) do update set name = excluded.name, city_pool_id = excluded.city_pool_id, tier = excluded.tier, phone = excluded.phone, email = excluded.email, other_city = excluded.other_city, ob = excluded.ob, notes = excluded.notes, description = excluded.description;
insert into public.crew_positions (id, crew_id, role_name, rate) values ('3204f8f1-828b-594d-a8c4-28201216d285', '95002c00-5ce5-5328-af5a-3f3680fcda41', 'General AV', 450) on conflict (id) do update set role_name = excluded.role_name, rate = excluded.rate;
insert into public.crew (id, name, city_pool_id, group_name, tier, phone, email, other_city, ob, notes, description) values ('fc5bb6b2-4de9-58b2-b6cb-5b36cef6923e', 'Jonathan Caples', 'd2808c14-edba-5a3b-9a4d-5f15e1a5c2a7', 'Ungrouped', null, '504-505-3470', 'jonathancaples6@gmail.com', null, true, 'Imported rate text: Standard | Raw location: OB New Orleans', 'Roland v160, Barcos 902, atem and atem mini, panosonic e350, ptz cams. analog or digital, pearl') on conflict (id) do update set name = excluded.name, city_pool_id = excluded.city_pool_id, tier = excluded.tier, phone = excluded.phone, email = excluded.email, other_city = excluded.other_city, ob = excluded.ob, notes = excluded.notes, description = excluded.description;
insert into public.crew_positions (id, crew_id, role_name, rate) values ('803c75c9-a84a-57d9-bb24-f195e0b90df6', 'fc5bb6b2-4de9-58b2-b6cb-5b36cef6923e', 'V1-Lead Video Engineer', 700) on conflict (id) do update set role_name = excluded.role_name, rate = excluded.rate;
insert into public.crew_positions (id, crew_id, role_name, rate) values ('5a598aab-0a75-5413-91ce-7bcbe3ebe319', 'fc5bb6b2-4de9-58b2-b6cb-5b36cef6923e', 'V2-Video Assist', 550) on conflict (id) do update set role_name = excluded.role_name, rate = excluded.rate;
insert into public.crew_positions (id, crew_id, role_name, rate) values ('b271a339-9b35-5320-a7c0-62570b616efe', 'fc5bb6b2-4de9-58b2-b6cb-5b36cef6923e', 'Breakout Operator', 600) on conflict (id) do update set role_name = excluded.role_name, rate = excluded.rate;
insert into public.crew_positions (id, crew_id, role_name, rate) values ('f8630b0e-a964-5b5b-b450-c5237407b9d9', 'fc5bb6b2-4de9-58b2-b6cb-5b36cef6923e', 'Speaker Ready', 650) on conflict (id) do update set role_name = excluded.role_name, rate = excluded.rate;
insert into public.crew (id, name, city_pool_id, group_name, tier, phone, email, other_city, ob, notes, description) values ('c340775c-d139-5b80-ac35-19438424a055', 'Bill McMurry', 'd9b27f10-91bd-5649-af44-d894bda0dd6d', 'Ungrouped', null, null, null, null, false, 'Raw location: san antonio tx', 'travel Tech, Lead for Encore') on conflict (id) do update set name = excluded.name, city_pool_id = excluded.city_pool_id, tier = excluded.tier, phone = excluded.phone, email = excluded.email, other_city = excluded.other_city, ob = excluded.ob, notes = excluded.notes, description = excluded.description;
insert into public.crew_positions (id, crew_id, role_name, rate) values ('41e4001a-bf22-53df-8aa3-ec3253558db2', 'c340775c-d139-5b80-ac35-19438424a055', 'V1-Lead Video Engineer', 700) on conflict (id) do update set role_name = excluded.role_name, rate = excluded.rate;
insert into public.crew_positions (id, crew_id, role_name, rate) values ('ffcf7a44-57bf-5166-9142-d4efd4f33f40', 'c340775c-d139-5b80-ac35-19438424a055', 'V2-Video Assist', 550) on conflict (id) do update set role_name = excluded.role_name, rate = excluded.rate;
insert into public.crew_positions (id, crew_id, role_name, rate) values ('575c67e3-8f11-5657-ae09-8a0239406cbe', 'c340775c-d139-5b80-ac35-19438424a055', 'A2-Audio Assist', 500) on conflict (id) do update set role_name = excluded.role_name, rate = excluded.rate;
insert into public.crew (id, name, city_pool_id, group_name, tier, phone, email, other_city, ob, notes, description) values ('1c063b6f-fb95-5209-b323-717bd221b76e', 'Terrance Lambertt', 'd2808c14-edba-5a3b-9a4d-5f15e1a5c2a7', 'Ungrouped', null, '504-345-6909', 'terancelambertt@gmail.com', null, false, 'Imported rate text: says $28 Standard | Raw location: New Orleans', 'stagehand GAV') on conflict (id) do update set name = excluded.name, city_pool_id = excluded.city_pool_id, tier = excluded.tier, phone = excluded.phone, email = excluded.email, other_city = excluded.other_city, ob = excluded.ob, notes = excluded.notes, description = excluded.description;
insert into public.crew_positions (id, crew_id, role_name, rate) values ('b0346436-0736-5330-a4b8-3bc8364beee3', '1c063b6f-fb95-5209-b323-717bd221b76e', 'General AV', 28.0) on conflict (id) do update set role_name = excluded.role_name, rate = excluded.rate;
insert into public.crew (id, name, city_pool_id, group_name, tier, phone, email, other_city, ob, notes, description) values ('94284297-3ac4-5325-94cf-f08db32ac666', 'Lyn Teeters', 'd2808c14-edba-5a3b-9a4d-5f15e1a5c2a7', 'Ungrouped', '2abc', null, 'lynateeters@gmail.com', null, false, 'Imported rate text: Standard | Raw location: New Orleans', 'Roland V-160, Atem, Playback, analog and digital') on conflict (id) do update set name = excluded.name, city_pool_id = excluded.city_pool_id, tier = excluded.tier, phone = excluded.phone, email = excluded.email, other_city = excluded.other_city, ob = excluded.ob, notes = excluded.notes, description = excluded.description;
insert into public.crew_positions (id, crew_id, role_name, rate) values ('5fc6593d-ddc3-5467-bff3-2821432ff355', '94284297-3ac4-5325-94cf-f08db32ac666', 'V1-Lead Video Engineer', 700) on conflict (id) do update set role_name = excluded.role_name, rate = excluded.rate;
insert into public.crew_positions (id, crew_id, role_name, rate) values ('73c16806-65cf-53a9-8b2a-2977d575ec67', '94284297-3ac4-5325-94cf-f08db32ac666', 'Breakout Operator', 600) on conflict (id) do update set role_name = excluded.role_name, rate = excluded.rate;
insert into public.crew_positions (id, crew_id, role_name, rate) values ('4074507c-4229-5b95-9625-eb8e8d2990e5', '94284297-3ac4-5325-94cf-f08db32ac666', 'Speaker Ready', 650) on conflict (id) do update set role_name = excluded.role_name, rate = excluded.rate;
insert into public.crew (id, name, city_pool_id, group_name, tier, phone, email, other_city, ob, notes, description) values ('330a1f75-f4fd-5671-a4ec-d87183425068', 'Benard Lehn', 'd2808c14-edba-5a3b-9a4d-5f15e1a5c2a7', 'Ungrouped', null, '310-600-1445', 'bjlsound@gmail.com', null, true, 'Raw location: OB New Orleans', 'Analog and digital, Roland V series') on conflict (id) do update set name = excluded.name, city_pool_id = excluded.city_pool_id, tier = excluded.tier, phone = excluded.phone, email = excluded.email, other_city = excluded.other_city, ob = excluded.ob, notes = excluded.notes, description = excluded.description;
insert into public.crew_positions (id, crew_id, role_name, rate) values ('211f7bf0-eb78-51ea-8132-20739c5aceaf', '330a1f75-f4fd-5671-a4ec-d87183425068', 'A1-Audio Engineer', 700) on conflict (id) do update set role_name = excluded.role_name, rate = excluded.rate;
insert into public.crew_positions (id, crew_id, role_name, rate) values ('330edabf-eade-56a0-a514-d9088d6b2111', '330a1f75-f4fd-5671-a4ec-d87183425068', 'A2-Audio Assist', 500) on conflict (id) do update set role_name = excluded.role_name, rate = excluded.rate;
insert into public.crew_positions (id, crew_id, role_name, rate) values ('b6efe65d-8669-5d37-b707-ecbf30d00d46', '330a1f75-f4fd-5671-a4ec-d87183425068', 'General AV', 450) on conflict (id) do update set role_name = excluded.role_name, rate = excluded.rate;
insert into public.crew_positions (id, crew_id, role_name, rate) values ('3018c2b8-8fc1-5168-a014-2a3de4093b35', '330a1f75-f4fd-5671-a4ec-d87183425068', 'Speaker Ready', 650) on conflict (id) do update set role_name = excluded.role_name, rate = excluded.rate;
insert into public.crew (id, name, city_pool_id, group_name, tier, phone, email, other_city, ob, notes, description) values ('f6317cb9-c53a-5aec-9511-b84a078bca96', 'Chris Emmer', 'ada5eb7a-8a26-5420-b32b-65ef6b1c866f', 'Ungrouped', '1ABC', '407-504-1625', 'cemmer@emmerproductions.com', null, false, 'Raw location: sent / Orlando', 'analog and digital, Video Travel Tech, PM, BO Lead. ROE, Brompton, Records, PTZ, Aqulion, Zenith, Acsender, Atem Constellaion, E2, S3') on conflict (id) do update set name = excluded.name, city_pool_id = excluded.city_pool_id, tier = excluded.tier, phone = excluded.phone, email = excluded.email, other_city = excluded.other_city, ob = excluded.ob, notes = excluded.notes, description = excluded.description;
insert into public.crew_positions (id, crew_id, role_name, rate) values ('b6bde45e-6ffc-5105-9775-defaaebd1f2a', 'f6317cb9-c53a-5aec-9511-b84a078bca96', 'V1-Lead Video Engineer', 700) on conflict (id) do update set role_name = excluded.role_name, rate = excluded.rate;
insert into public.crew_positions (id, crew_id, role_name, rate) values ('3257053c-fc10-5b8d-98cc-d0ef9d1d508a', 'f6317cb9-c53a-5aec-9511-b84a078bca96', 'A1-Audio Engineer', 700) on conflict (id) do update set role_name = excluded.role_name, rate = excluded.rate;
insert into public.crew_positions (id, crew_id, role_name, rate) values ('62da4a41-f356-5d99-8e29-dcbb09e0e93c', 'f6317cb9-c53a-5aec-9511-b84a078bca96', 'Breakout Operator', 600) on conflict (id) do update set role_name = excluded.role_name, rate = excluded.rate;
insert into public.crew_positions (id, crew_id, role_name, rate) values ('6ba04cc4-e0c4-537e-a3e3-3b56fcd3d1af', 'f6317cb9-c53a-5aec-9511-b84a078bca96', 'Speaker Ready', 650) on conflict (id) do update set role_name = excluded.role_name, rate = excluded.rate;
insert into public.crew (id, name, city_pool_id, group_name, tier, phone, email, other_city, ob, notes, description) values ('c77594bd-68ea-5866-a507-5a6ff94edd74', 'Megan Broussard', 'd2808c14-edba-5a3b-9a4d-5f15e1a5c2a7', 'Ungrouped', null, '337-292-6927', 'Megandanielle60@gmail.com', null, false, 'Imported rate text: Standard | Raw location: New Orleans/ BR', 'Midas and behringer x32, allen and heath qu, analog and digital') on conflict (id) do update set name = excluded.name, city_pool_id = excluded.city_pool_id, tier = excluded.tier, phone = excluded.phone, email = excluded.email, other_city = excluded.other_city, ob = excluded.ob, notes = excluded.notes, description = excluded.description;
insert into public.crew_positions (id, crew_id, role_name, rate) values ('56e8a164-e57f-516d-9fba-6ac15a6db685', 'c77594bd-68ea-5866-a507-5a6ff94edd74', 'A2-Audio Assist', 500) on conflict (id) do update set role_name = excluded.role_name, rate = excluded.rate;
insert into public.crew_positions (id, crew_id, role_name, rate) values ('2618a6b6-3ca0-5cf2-b208-0e71338976de', 'c77594bd-68ea-5866-a507-5a6ff94edd74', 'A1-Audio Engineer', 700) on conflict (id) do update set role_name = excluded.role_name, rate = excluded.rate;
insert into public.crew_positions (id, crew_id, role_name, rate) values ('6ab158c3-e3e8-544f-85d6-9fa5924bbaf3', 'c77594bd-68ea-5866-a507-5a6ff94edd74', 'General AV', 450) on conflict (id) do update set role_name = excluded.role_name, rate = excluded.rate;
insert into public.crew (id, name, city_pool_id, group_name, tier, phone, email, other_city, ob, notes, description) values ('000ec1d6-aa05-5826-ae1b-f6d3ffb8c86a', 'Alyssa Moran', 'd2808c14-edba-5a3b-9a4d-5f15e1a5c2a7', 'Ungrouped', null, '510-343-4736', 'alyssalmoran@gmail.com', null, false, null, 'stagehand, lighting') on conflict (id) do update set name = excluded.name, city_pool_id = excluded.city_pool_id, tier = excluded.tier, phone = excluded.phone, email = excluded.email, other_city = excluded.other_city, ob = excluded.ob, notes = excluded.notes, description = excluded.description;
insert into public.crew_positions (id, crew_id, role_name, rate) values ('4aeec8bc-278a-5275-879f-388ec127908f', '000ec1d6-aa05-5826-ae1b-f6d3ffb8c86a', 'Stagehand', 400) on conflict (id) do update set role_name = excluded.role_name, rate = excluded.rate;
insert into public.crew_positions (id, crew_id, role_name, rate) values ('6e0613f0-3a0d-54f2-82cb-b8d7ab133299', '000ec1d6-aa05-5826-ae1b-f6d3ffb8c86a', 'General AV', 450) on conflict (id) do update set role_name = excluded.role_name, rate = excluded.rate;
insert into public.crew_positions (id, crew_id, role_name, rate) values ('f7463ad9-aeda-505b-94af-bc45fb3dc7b7', '000ec1d6-aa05-5826-ae1b-f6d3ffb8c86a', 'L2-Lighting Assist', 500) on conflict (id) do update set role_name = excluded.role_name, rate = excluded.rate;
insert into public.crew (id, name, city_pool_id, group_name, tier, phone, email, other_city, ob, notes, description) values ('cef22d1d-3458-59a8-ba30-2a5c1336c72e', 'Trever Jackson', 'd2808c14-edba-5a3b-9a4d-5f15e1a5c2a7', 'Ungrouped', null, '917 900 6196', 'afrozipbooking@gmail.com', null, false, 'Imported rate text: standard | Raw location: New Orleans', 'Audio engineer, live music, FOH and monitors, PA tech for drake, rf coordinator, live music. Digico, allen and heath, Midas, Yamaha, se48, ssl') on conflict (id) do update set name = excluded.name, city_pool_id = excluded.city_pool_id, tier = excluded.tier, phone = excluded.phone, email = excluded.email, other_city = excluded.other_city, ob = excluded.ob, notes = excluded.notes, description = excluded.description;
insert into public.crew_positions (id, crew_id, role_name, rate) values ('5f83c276-af45-5d12-8719-42ae5e4b8556', 'cef22d1d-3458-59a8-ba30-2a5c1336c72e', 'A1-Audio Engineer', 700) on conflict (id) do update set role_name = excluded.role_name, rate = excluded.rate;
insert into public.crew_positions (id, crew_id, role_name, rate) values ('1d2fd7c3-ea57-5a70-8b82-e56c82f85e35', 'cef22d1d-3458-59a8-ba30-2a5c1336c72e', 'A2-Audio Assist', 500) on conflict (id) do update set role_name = excluded.role_name, rate = excluded.rate;
insert into public.crew_positions (id, crew_id, role_name, rate) values ('3294d68c-b070-5a45-8b70-536e0e92c05a', 'cef22d1d-3458-59a8-ba30-2a5c1336c72e', 'General AV', 450) on conflict (id) do update set role_name = excluded.role_name, rate = excluded.rate;
insert into public.crew (id, name, city_pool_id, group_name, tier, phone, email, other_city, ob, notes, description) values ('30c34365-7476-5318-905d-bbec392ee4df', 'Nathan Pike', 'd2808c14-edba-5a3b-9a4d-5f15e1a5c2a7', 'Ungrouped', null, '504-444-5410', 'nkpike17@gmail.com', null, false, 'Imported rate text: 300-400', 'analog and digital, has operated a video swicher') on conflict (id) do update set name = excluded.name, city_pool_id = excluded.city_pool_id, tier = excluded.tier, phone = excluded.phone, email = excluded.email, other_city = excluded.other_city, ob = excluded.ob, notes = excluded.notes, description = excluded.description;
insert into public.crew_positions (id, crew_id, role_name, rate) values ('0762c2bf-18a1-59b7-9e7d-a75c03f00f37', '30c34365-7476-5318-905d-bbec392ee4df', 'General AV', 350.0) on conflict (id) do update set role_name = excluded.role_name, rate = excluded.rate;
insert into public.crew_positions (id, crew_id, role_name, rate) values ('32ad72b9-48c2-561d-a821-9ed091b5055c', '30c34365-7476-5318-905d-bbec392ee4df', 'Breakout Operator', 350.0) on conflict (id) do update set role_name = excluded.role_name, rate = excluded.rate;
insert into public.crew_positions (id, crew_id, role_name, rate) values ('d24ad921-27f9-5aa4-a801-53119e30dceb', '30c34365-7476-5318-905d-bbec392ee4df', 'A2-Audio Assist', 350.0) on conflict (id) do update set role_name = excluded.role_name, rate = excluded.rate;
insert into public.crew_positions (id, crew_id, role_name, rate) values ('1b6b6cbe-d68c-5e9a-a5b0-e26bb74b5a6d', '30c34365-7476-5318-905d-bbec392ee4df', 'L2-Lighting Assist', 350.0) on conflict (id) do update set role_name = excluded.role_name, rate = excluded.rate;
insert into public.crew_positions (id, crew_id, role_name, rate) values ('1269bf32-51e3-521a-a181-237ed75a8fe6', '30c34365-7476-5318-905d-bbec392ee4df', 'LED Assist', 350.0) on conflict (id) do update set role_name = excluded.role_name, rate = excluded.rate;
insert into public.crew_positions (id, crew_id, role_name, rate) values ('14827213-ac6b-5579-8b6f-793fea9c090f', '30c34365-7476-5318-905d-bbec392ee4df', 'Stagehand', 350.0) on conflict (id) do update set role_name = excluded.role_name, rate = excluded.rate;
insert into public.crew (id, name, city_pool_id, group_name, tier, phone, email, other_city, ob, notes, description) values ('d0c92711-51cf-53bf-b43a-8dc40d50f3c3', 'Shea Ellerbrock', 'd2808c14-edba-5a3b-9a4d-5f15e1a5c2a7', 'Ungrouped', null, '864-293-9977', '45shea@gmail.com', null, false, 'Imported rate text: 350', 'does post audio in film or records, all types of film expeirence') on conflict (id) do update set name = excluded.name, city_pool_id = excluded.city_pool_id, tier = excluded.tier, phone = excluded.phone, email = excluded.email, other_city = excluded.other_city, ob = excluded.ob, notes = excluded.notes, description = excluded.description;
insert into public.crew_positions (id, crew_id, role_name, rate) values ('9e340806-ca5d-51ea-aa1b-8c654b5b59f9', 'd0c92711-51cf-53bf-b43a-8dc40d50f3c3', 'General AV', 350.0) on conflict (id) do update set role_name = excluded.role_name, rate = excluded.rate;
insert into public.crew (id, name, city_pool_id, group_name, tier, phone, email, other_city, ob, notes, description) values ('a9cbfe06-c712-5fca-9053-4018d3a1beaf', 'Robinson mills', 'd2808c14-edba-5a3b-9a4d-5f15e1a5c2a7', 'Ungrouped', null, '504-383-5638', 'sirrobinsonmills@gmail.com', null, true, 'Raw location: OB New Orleans', 'analog and digital') on conflict (id) do update set name = excluded.name, city_pool_id = excluded.city_pool_id, tier = excluded.tier, phone = excluded.phone, email = excluded.email, other_city = excluded.other_city, ob = excluded.ob, notes = excluded.notes, description = excluded.description;
insert into public.crew_positions (id, crew_id, role_name, rate) values ('35576f9d-42a0-5b70-a3d8-c406241be581', 'a9cbfe06-c712-5fca-9053-4018d3a1beaf', 'General AV', 450) on conflict (id) do update set role_name = excluded.role_name, rate = excluded.rate;
insert into public.crew_positions (id, crew_id, role_name, rate) values ('482d6f17-48c0-5787-a1c4-80cbb5c6068d', 'a9cbfe06-c712-5fca-9053-4018d3a1beaf', 'Stagehand', 400) on conflict (id) do update set role_name = excluded.role_name, rate = excluded.rate;
insert into public.crew (id, name, city_pool_id, group_name, tier, phone, email, other_city, ob, notes, description) values ('ed863107-061f-5b7f-a286-8a6a7a1dda3c', 'Joeseph Borderline', 'd2808c14-edba-5a3b-9a4d-5f15e1a5c2a7', 'Ungrouped', null, '+1 (225) 364-7866', 'Josephbordelon82@icloud.com', null, false, null, null) on conflict (id) do update set name = excluded.name, city_pool_id = excluded.city_pool_id, tier = excluded.tier, phone = excluded.phone, email = excluded.email, other_city = excluded.other_city, ob = excluded.ob, notes = excluded.notes, description = excluded.description;
insert into public.crew_positions (id, crew_id, role_name, rate) values ('25d4256a-e360-59d4-acaa-c8fe86d5a08b', 'ed863107-061f-5b7f-a286-8a6a7a1dda3c', 'General AV', 450) on conflict (id) do update set role_name = excluded.role_name, rate = excluded.rate;
insert into public.crew (id, name, city_pool_id, group_name, tier, phone, email, other_city, ob, notes, description) values ('2f1a249a-b2e0-5991-b3c2-34d53cc92b80', 'Marquise Mayfield', 'd2808c14-edba-5a3b-9a4d-5f15e1a5c2a7', 'Ungrouped', null, '404-3997971', 'freedom30318@yahoo.com', null, true, null, 'Atlanta BO tech. Roland, pearl, atem. analog and some digital | BO Op, GAV, LED assist') on conflict (id) do update set name = excluded.name, city_pool_id = excluded.city_pool_id, tier = excluded.tier, phone = excluded.phone, email = excluded.email, other_city = excluded.other_city, ob = excluded.ob, notes = excluded.notes, description = excluded.description;
insert into public.crew_positions (id, crew_id, role_name, rate) values ('1f3abd91-e081-5644-9836-991b615fb5e1', '2f1a249a-b2e0-5991-b3c2-34d53cc92b80', 'General AV', 450) on conflict (id) do update set role_name = excluded.role_name, rate = excluded.rate;
insert into public.crew_positions (id, crew_id, role_name, rate) values ('7910b614-8b42-54f6-a742-624245bc2674', '2f1a249a-b2e0-5991-b3c2-34d53cc92b80', 'Speaker Ready', 650) on conflict (id) do update set role_name = excluded.role_name, rate = excluded.rate;
insert into public.crew_positions (id, crew_id, role_name, rate) values ('11b31b5b-f5c3-50cb-8cb3-db0ced8283f0', '2f1a249a-b2e0-5991-b3c2-34d53cc92b80', 'Breakout Operator', 600) on conflict (id) do update set role_name = excluded.role_name, rate = excluded.rate;
insert into public.crew_positions (id, crew_id, role_name, rate) values ('9c4f0e3f-88f3-51c6-801f-3b66b9cfbf9a', '2f1a249a-b2e0-5991-b3c2-34d53cc92b80', 'LED Assist', 500) on conflict (id) do update set role_name = excluded.role_name, rate = excluded.rate;
insert into public.crew (id, name, city_pool_id, group_name, tier, phone, email, other_city, ob, notes, description) values ('a5b7796b-5ae6-5bdc-8d4e-c8d1028dacd9', 'Elgin Brown', 'd2808c14-edba-5a3b-9a4d-5f15e1a5c2a7', 'Ungrouped', null, '5043148967', 'elgin.brown504@gmail.com', null, false, null, 'roland v series, analog way quickvue, analogand digital, Pearl, Zoom') on conflict (id) do update set name = excluded.name, city_pool_id = excluded.city_pool_id, tier = excluded.tier, phone = excluded.phone, email = excluded.email, other_city = excluded.other_city, ob = excluded.ob, notes = excluded.notes, description = excluded.description;
insert into public.crew_positions (id, crew_id, role_name, rate) values ('5d4fbb5c-c5e9-5470-b575-d1ccd13e1797', 'a5b7796b-5ae6-5bdc-8d4e-c8d1028dacd9', 'V1-Lead Video Engineer', 700) on conflict (id) do update set role_name = excluded.role_name, rate = excluded.rate;
insert into public.crew_positions (id, crew_id, role_name, rate) values ('db48acd6-cc1a-5f01-9e22-5468ef3c0163', 'a5b7796b-5ae6-5bdc-8d4e-c8d1028dacd9', 'V2-Video Assist', 550) on conflict (id) do update set role_name = excluded.role_name, rate = excluded.rate;
insert into public.crew_positions (id, crew_id, role_name, rate) values ('8d60aa31-30c3-550a-8bd9-e678d0e39dc0', 'a5b7796b-5ae6-5bdc-8d4e-c8d1028dacd9', 'A1-Audio Engineer', 700) on conflict (id) do update set role_name = excluded.role_name, rate = excluded.rate;
insert into public.crew_positions (id, crew_id, role_name, rate) values ('8eabf7d0-94b1-5310-aac2-05dd6243f392', 'a5b7796b-5ae6-5bdc-8d4e-c8d1028dacd9', 'Breakout Operator', 600) on conflict (id) do update set role_name = excluded.role_name, rate = excluded.rate;
insert into public.crew_positions (id, crew_id, role_name, rate) values ('951f648c-f556-500d-b918-39cb41c2aaf4', 'a5b7796b-5ae6-5bdc-8d4e-c8d1028dacd9', 'Speaker Ready', 650) on conflict (id) do update set role_name = excluded.role_name, rate = excluded.rate;
insert into public.crew (id, name, city_pool_id, group_name, tier, phone, email, other_city, ob, notes, description) values ('4b4a37f0-739e-508f-9cea-aa45c7e1e1d1', 'John Soileau', 'd2808c14-edba-5a3b-9a4d-5f15e1a5c2a7', 'Ungrouped', null, '337-459-7875', 'JohnSoileau@protonmail.com', null, false, 'Imported rate text: 300 | Raw location: New Orleans area', 'Assurance canidate. GAV/stagehand willing to learn. MS has a motor home') on conflict (id) do update set name = excluded.name, city_pool_id = excluded.city_pool_id, tier = excluded.tier, phone = excluded.phone, email = excluded.email, other_city = excluded.other_city, ob = excluded.ob, notes = excluded.notes, description = excluded.description;
insert into public.crew_positions (id, crew_id, role_name, rate) values ('46d6e3de-aa64-5df8-80d9-2bbdde86f0b5', '4b4a37f0-739e-508f-9cea-aa45c7e1e1d1', 'General AV', 300.0) on conflict (id) do update set role_name = excluded.role_name, rate = excluded.rate;
insert into public.crew_positions (id, crew_id, role_name, rate) values ('958533b3-28f7-52bf-83c5-11267794080c', '4b4a37f0-739e-508f-9cea-aa45c7e1e1d1', 'Stagehand', 300.0) on conflict (id) do update set role_name = excluded.role_name, rate = excluded.rate;
insert into public.crew (id, name, city_pool_id, group_name, tier, phone, email, other_city, ob, notes, description) values ('f8c924b4-a123-5842-bed4-e74f06bc2b9a', 'Seth Schaefer', 'd2808c14-edba-5a3b-9a4d-5f15e1a5c2a7', 'Ungrouped', null, null, null, null, false, 'Imported rate text: 500+', null) on conflict (id) do update set name = excluded.name, city_pool_id = excluded.city_pool_id, tier = excluded.tier, phone = excluded.phone, email = excluded.email, other_city = excluded.other_city, ob = excluded.ob, notes = excluded.notes, description = excluded.description;
insert into public.crew_positions (id, crew_id, role_name, rate) values ('513d409b-8174-5101-afcf-d6618bb94d02', 'f8c924b4-a123-5842-bed4-e74f06bc2b9a', 'LED Assist', 500.0) on conflict (id) do update set role_name = excluded.role_name, rate = excluded.rate;
insert into public.crew_positions (id, crew_id, role_name, rate) values ('4ed99878-d94a-5723-8b08-9f098e4dc45e', 'f8c924b4-a123-5842-bed4-e74f06bc2b9a', 'V1-Lead Video Engineer', 500.0) on conflict (id) do update set role_name = excluded.role_name, rate = excluded.rate;
insert into public.crew (id, name, city_pool_id, group_name, tier, phone, email, other_city, ob, notes, description) values ('f7c2e304-32aa-5e61-927a-23644d50e0f5', 'Rachel Sperling', 'd2808c14-edba-5a3b-9a4d-5f15e1a5c2a7', 'Ungrouped', null, '7328232081', 'rsperling@nmrevents.com', null, false, null, null) on conflict (id) do update set name = excluded.name, city_pool_id = excluded.city_pool_id, tier = excluded.tier, phone = excluded.phone, email = excluded.email, other_city = excluded.other_city, ob = excluded.ob, notes = excluded.notes, description = excluded.description;
insert into public.crew_positions (id, crew_id, role_name, rate) values ('88ddbe51-666d-5dbb-8205-c1a3d8c6ee5d', 'f7c2e304-32aa-5e61-927a-23644d50e0f5', 'General AV', 450) on conflict (id) do update set role_name = excluded.role_name, rate = excluded.rate;
insert into public.crew (id, name, city_pool_id, group_name, tier, phone, email, other_city, ob, notes, description) values ('f006db9c-5ba5-5726-b55c-b88ac8068274', 'Nathan Weidenhaft', 'd2808c14-edba-5a3b-9a4d-5f15e1a5c2a7', 'Ungrouped', '1', '504-708-9539', 'natedub@gmail.com', null, true, 'Raw location: OB New Orleans', 'Audio Engineer, BO Op, analog or digital') on conflict (id) do update set name = excluded.name, city_pool_id = excluded.city_pool_id, tier = excluded.tier, phone = excluded.phone, email = excluded.email, other_city = excluded.other_city, ob = excluded.ob, notes = excluded.notes, description = excluded.description;
insert into public.crew_positions (id, crew_id, role_name, rate) values ('352f0028-ca46-58f8-ab5d-1a51dff38f30', 'f006db9c-5ba5-5726-b55c-b88ac8068274', 'A1-Audio Engineer', 700) on conflict (id) do update set role_name = excluded.role_name, rate = excluded.rate;
insert into public.crew_positions (id, crew_id, role_name, rate) values ('e4457940-dca4-574c-9137-d8634040c375', 'f006db9c-5ba5-5726-b55c-b88ac8068274', 'A2-Audio Assist', 500) on conflict (id) do update set role_name = excluded.role_name, rate = excluded.rate;
insert into public.crew_positions (id, crew_id, role_name, rate) values ('a6c11c45-f6a0-5d4e-8820-05094f59aa31', 'f006db9c-5ba5-5726-b55c-b88ac8068274', 'Breakout Operator', 600) on conflict (id) do update set role_name = excluded.role_name, rate = excluded.rate;
insert into public.crew (id, name, city_pool_id, group_name, tier, phone, email, other_city, ob, notes, description) values ('861ec058-bc24-5f65-b64e-2d8b340434a2', 'Gibor Rosenberg', '03cee26a-b842-501e-a7fd-bcde6677a155', 'Ungrouped', '1', '2019810862', 'grosenberg80@gmail.com', null, false, 'Imported rate text: Standard', 'A1 (ground PA) A2, V2, BO op. analog or digital') on conflict (id) do update set name = excluded.name, city_pool_id = excluded.city_pool_id, tier = excluded.tier, phone = excluded.phone, email = excluded.email, other_city = excluded.other_city, ob = excluded.ob, notes = excluded.notes, description = excluded.description;
insert into public.crew_positions (id, crew_id, role_name, rate) values ('4036dee5-6bb9-58f2-9ca7-a06ef00f599c', '861ec058-bc24-5f65-b64e-2d8b340434a2', 'A1-Audio Engineer', 700) on conflict (id) do update set role_name = excluded.role_name, rate = excluded.rate;
insert into public.crew_positions (id, crew_id, role_name, rate) values ('83fae4e3-1442-5007-b5bf-fbf06cb11826', '861ec058-bc24-5f65-b64e-2d8b340434a2', 'V2-Video Assist', 550) on conflict (id) do update set role_name = excluded.role_name, rate = excluded.rate;
insert into public.crew_positions (id, crew_id, role_name, rate) values ('5eb30a86-f129-5dbd-89ad-437b8c857c41', '861ec058-bc24-5f65-b64e-2d8b340434a2', 'Breakout Operator', 600) on conflict (id) do update set role_name = excluded.role_name, rate = excluded.rate;
insert into public.crew (id, name, city_pool_id, group_name, tier, phone, email, other_city, ob, notes, description) values ('b39abf3f-cda1-5fe5-8631-db4189b130f1', 'Andrew Allensworth', '7f587941-1c8c-5ab6-ab65-0405f6fd94ce', 'Ungrouped', '2', '229-977-6550', 'allenswortha9809@gmail.com', null, false, 'Raw location: Atlanta', 'GAV Atlanta') on conflict (id) do update set name = excluded.name, city_pool_id = excluded.city_pool_id, tier = excluded.tier, phone = excluded.phone, email = excluded.email, other_city = excluded.other_city, ob = excluded.ob, notes = excluded.notes, description = excluded.description;
insert into public.crew_positions (id, crew_id, role_name, rate) values ('06e0554e-bdb9-55f3-a0ce-42fdf7da45e2', 'b39abf3f-cda1-5fe5-8631-db4189b130f1', 'General AV', 450) on conflict (id) do update set role_name = excluded.role_name, rate = excluded.rate;
insert into public.crew_positions (id, crew_id, role_name, rate) values ('e5d30f00-ce8e-56f3-9f6b-8e12f49940a4', 'b39abf3f-cda1-5fe5-8631-db4189b130f1', 'Camera Operator', 700) on conflict (id) do update set role_name = excluded.role_name, rate = excluded.rate;
insert into public.crew_positions (id, crew_id, role_name, rate) values ('88124406-b9a0-516b-a079-b0f2668d5f4c', 'b39abf3f-cda1-5fe5-8631-db4189b130f1', 'V2-Video Assist', 550) on conflict (id) do update set role_name = excluded.role_name, rate = excluded.rate;
insert into public.crew (id, name, city_pool_id, group_name, tier, phone, email, other_city, ob, notes, description) values ('ed5ceda2-af04-528d-b9fe-4b2ce8c1cc06', 'Morgan (rose) Phillips', 'd2808c14-edba-5a3b-9a4d-5f15e1a5c2a7', 'Ungrouped', '2', '470 393 5691', 'rosenowrambling@gmail.com', null, false, 'Raw location: New Orleans', 'GAV, L2, Rigging') on conflict (id) do update set name = excluded.name, city_pool_id = excluded.city_pool_id, tier = excluded.tier, phone = excluded.phone, email = excluded.email, other_city = excluded.other_city, ob = excluded.ob, notes = excluded.notes, description = excluded.description;
insert into public.crew_positions (id, crew_id, role_name, rate) values ('1233d3ce-74c8-583a-838b-93dd7b96b4cb', 'ed5ceda2-af04-528d-b9fe-4b2ce8c1cc06', 'Down Rigger', 550) on conflict (id) do update set role_name = excluded.role_name, rate = excluded.rate;
insert into public.crew_positions (id, crew_id, role_name, rate) values ('52d379a4-980b-535c-9e01-009ad1855881', 'ed5ceda2-af04-528d-b9fe-4b2ce8c1cc06', 'L2-Lighting Assist', 500) on conflict (id) do update set role_name = excluded.role_name, rate = excluded.rate;
insert into public.crew_positions (id, crew_id, role_name, rate) values ('9a257d6d-65f6-5a6d-8edf-2ae116a3cf60', 'ed5ceda2-af04-528d-b9fe-4b2ce8c1cc06', 'General AV', 450) on conflict (id) do update set role_name = excluded.role_name, rate = excluded.rate;
insert into public.crew (id, name, city_pool_id, group_name, tier, phone, email, other_city, ob, notes, description) values ('b055ec24-ebaf-5c83-9cd9-4d050d144cf0', 'Mark Chrissoverges', 'd2808c14-edba-5a3b-9a4d-5f15e1a5c2a7', 'Ungrouped', '2', '985 306 2202', 'markcavtech@gmail.com', null, false, 'Imported rate text: Standard', 'v160, atem extreme, camera, zoom, record op, analog, some digital (soundcraft),') on conflict (id) do update set name = excluded.name, city_pool_id = excluded.city_pool_id, tier = excluded.tier, phone = excluded.phone, email = excluded.email, other_city = excluded.other_city, ob = excluded.ob, notes = excluded.notes, description = excluded.description;
insert into public.crew_positions (id, crew_id, role_name, rate) values ('d4b1fccf-6602-57e4-a875-ab90002e8c4f', 'b055ec24-ebaf-5c83-9cd9-4d050d144cf0', 'General AV', 450) on conflict (id) do update set role_name = excluded.role_name, rate = excluded.rate;
insert into public.crew_positions (id, crew_id, role_name, rate) values ('a9045658-a17d-54ca-89c4-56ddb7c50002', 'b055ec24-ebaf-5c83-9cd9-4d050d144cf0', 'Breakout Operator', 600) on conflict (id) do update set role_name = excluded.role_name, rate = excluded.rate;
insert into public.crew_positions (id, crew_id, role_name, rate) values ('b32dea27-584f-55db-b000-57e023f0d194', 'b055ec24-ebaf-5c83-9cd9-4d050d144cf0', 'V2-Video Assist', 550) on conflict (id) do update set role_name = excluded.role_name, rate = excluded.rate;
insert into public.crew_positions (id, crew_id, role_name, rate) values ('b9d9c772-c492-5354-b60b-5158d52c9082', 'b055ec24-ebaf-5c83-9cd9-4d050d144cf0', 'A2-Audio Assist', 500) on conflict (id) do update set role_name = excluded.role_name, rate = excluded.rate;
insert into public.crew_positions (id, crew_id, role_name, rate) values ('c43a7da0-eaa1-594f-8746-c779911094b1', 'b055ec24-ebaf-5c83-9cd9-4d050d144cf0', 'Speaker Ready', 650) on conflict (id) do update set role_name = excluded.role_name, rate = excluded.rate;
insert into public.crew (id, name, city_pool_id, group_name, tier, phone, email, other_city, ob, notes, description) values ('152e3171-f8af-5824-995e-0422e4d9813b', 'Jared Eaglin', 'd2808c14-edba-5a3b-9a4d-5f15e1a5c2a7', 'Ungrouped', '3', '(225) 281-8177', 'jaredteaglin@gmail.com', null, false, 'Raw location: New Orleans', 'Never done AV. Stagehand') on conflict (id) do update set name = excluded.name, city_pool_id = excluded.city_pool_id, tier = excluded.tier, phone = excluded.phone, email = excluded.email, other_city = excluded.other_city, ob = excluded.ob, notes = excluded.notes, description = excluded.description;
insert into public.crew_positions (id, crew_id, role_name, rate) values ('8c4d0ec4-079d-5a6e-964e-c9be100e7d94', '152e3171-f8af-5824-995e-0422e4d9813b', 'Stagehand', 400) on conflict (id) do update set role_name = excluded.role_name, rate = excluded.rate;
insert into public.crew_positions (id, crew_id, role_name, rate) values ('e28983ef-14f5-5928-afd2-41d3d73a6be0', '152e3171-f8af-5824-995e-0422e4d9813b', 'General AV', 450) on conflict (id) do update set role_name = excluded.role_name, rate = excluded.rate;
insert into public.crew (id, name, city_pool_id, group_name, tier, phone, email, other_city, ob, notes, description) values ('eef7a438-d3dc-57bd-a5d1-a7405840f208', 'Pamala Berrigan', 'd2808c14-edba-5a3b-9a4d-5f15e1a5c2a7', 'Ungrouped', null, '504-453-1605', 'pam@showtimerents.com', null, false, null, null) on conflict (id) do update set name = excluded.name, city_pool_id = excluded.city_pool_id, tier = excluded.tier, phone = excluded.phone, email = excluded.email, other_city = excluded.other_city, ob = excluded.ob, notes = excluded.notes, description = excluded.description;
insert into public.crew_positions (id, crew_id, role_name, rate) values ('bdef5786-9c75-5910-a8d8-bb222e3db81b', 'eef7a438-d3dc-57bd-a5d1-a7405840f208', 'General AV', 450) on conflict (id) do update set role_name = excluded.role_name, rate = excluded.rate;
insert into public.crew (id, name, city_pool_id, group_name, tier, phone, email, other_city, ob, notes, description) values ('d27a5e3b-93b8-5927-a39d-c496f58c9c9f', 'Matt Spivey', '55503e8b-c7c1-5feb-bc5f-277ace074f3b', 'Ungrouped', null, '337-412-9243', 'mjsgrps39@gmail.com', null, false, 'Imported rate text: Standard, says start him at $25 | Raw location: Baton Rouge Assurance canidate', 'Stagehand, festivals, GAV, Ground rigger. Assurance canidate') on conflict (id) do update set name = excluded.name, city_pool_id = excluded.city_pool_id, tier = excluded.tier, phone = excluded.phone, email = excluded.email, other_city = excluded.other_city, ob = excluded.ob, notes = excluded.notes, description = excluded.description;
insert into public.crew_positions (id, crew_id, role_name, rate) values ('fe22083a-1370-5115-91c3-bdd6920f01d9', 'd27a5e3b-93b8-5927-a39d-c496f58c9c9f', 'Stagehand', 25.0) on conflict (id) do update set role_name = excluded.role_name, rate = excluded.rate;
insert into public.crew_positions (id, crew_id, role_name, rate) values ('1459e03d-397b-5a3c-b1e8-8112eeb327a7', 'd27a5e3b-93b8-5927-a39d-c496f58c9c9f', 'General AV', 25.0) on conflict (id) do update set role_name = excluded.role_name, rate = excluded.rate;
insert into public.crew_positions (id, crew_id, role_name, rate) values ('e5f1ffed-4854-5bba-a31b-24187ca17bcc', 'd27a5e3b-93b8-5927-a39d-c496f58c9c9f', 'Down Rigger', 25.0) on conflict (id) do update set role_name = excluded.role_name, rate = excluded.rate;
insert into public.crew (id, name, city_pool_id, group_name, tier, phone, email, other_city, ob, notes, description) values ('78791d6d-48e7-5c6b-aad7-cb61ee5a9933', 'Austin Gotcher', 'd2808c14-edba-5a3b-9a4d-5f15e1a5c2a7', 'Ungrouped', '2', '337-412-5893', 'austin.gotcher@yahoo.com', null, false, 'Imported rate text: Standard | Raw location: Laffayette, can travel New Orleans', 'Stagehand, up and down rigger, boom and fork certified. GAV, knows audio') on conflict (id) do update set name = excluded.name, city_pool_id = excluded.city_pool_id, tier = excluded.tier, phone = excluded.phone, email = excluded.email, other_city = excluded.other_city, ob = excluded.ob, notes = excluded.notes, description = excluded.description;
insert into public.crew_positions (id, crew_id, role_name, rate) values ('274c7e03-a67e-56e6-bba7-d386e1e17022', '78791d6d-48e7-5c6b-aad7-cb61ee5a9933', 'General AV', 450) on conflict (id) do update set role_name = excluded.role_name, rate = excluded.rate;
insert into public.crew_positions (id, crew_id, role_name, rate) values ('b3eadb38-186a-5e07-bfb4-be2257b4f13d', '78791d6d-48e7-5c6b-aad7-cb61ee5a9933', 'Stagehand', 400) on conflict (id) do update set role_name = excluded.role_name, rate = excluded.rate;
insert into public.crew_positions (id, crew_id, role_name, rate) values ('6a4e601d-1e7b-5f99-bdda-33fecad9fecd', '78791d6d-48e7-5c6b-aad7-cb61ee5a9933', 'Down Rigger', 550) on conflict (id) do update set role_name = excluded.role_name, rate = excluded.rate;
insert into public.crew_positions (id, crew_id, role_name, rate) values ('2237d94f-3b90-5174-b823-083e6f4343cc', '78791d6d-48e7-5c6b-aad7-cb61ee5a9933', 'LED Assist', 500) on conflict (id) do update set role_name = excluded.role_name, rate = excluded.rate;
insert into public.crew (id, name, city_pool_id, group_name, tier, phone, email, other_city, ob, notes, description) values ('ab2ebe82-3492-5c60-842f-05bd3dfbf8e3', 'Stephen Marin', 'd2808c14-edba-5a3b-9a4d-5f15e1a5c2a7', 'Ungrouped', null, '5042091637', null, null, false, 'Raw location: New Orleans', 'Rigger') on conflict (id) do update set name = excluded.name, city_pool_id = excluded.city_pool_id, tier = excluded.tier, phone = excluded.phone, email = excluded.email, other_city = excluded.other_city, ob = excluded.ob, notes = excluded.notes, description = excluded.description;
insert into public.crew_positions (id, crew_id, role_name, rate) values ('29d8548f-e1b2-5861-95d9-68b8efe7eb52', 'ab2ebe82-3492-5c60-842f-05bd3dfbf8e3', 'Down Rigger', 550) on conflict (id) do update set role_name = excluded.role_name, rate = excluded.rate;
insert into public.crew (id, name, city_pool_id, group_name, tier, phone, email, other_city, ob, notes, description) values ('e4a443da-f69e-5beb-a90c-bcd7724b3a09', 'Khayle (Johhny) Howard', 'd2808c14-edba-5a3b-9a4d-5f15e1a5c2a7', 'Ungrouped', null, '5044931246', 'Khaylehoward0@gmail.com', null, false, null, 'GAV, Stagehand, climber') on conflict (id) do update set name = excluded.name, city_pool_id = excluded.city_pool_id, tier = excluded.tier, phone = excluded.phone, email = excluded.email, other_city = excluded.other_city, ob = excluded.ob, notes = excluded.notes, description = excluded.description;
insert into public.crew_positions (id, crew_id, role_name, rate) values ('a0556895-e1b3-5f37-a527-03f9c0cb590d', 'e4a443da-f69e-5beb-a90c-bcd7724b3a09', 'General AV', 450) on conflict (id) do update set role_name = excluded.role_name, rate = excluded.rate;
insert into public.crew_positions (id, crew_id, role_name, rate) values ('3c09db78-872d-5624-84db-71c4a1ffa8ca', 'e4a443da-f69e-5beb-a90c-bcd7724b3a09', 'Stagehand', 400) on conflict (id) do update set role_name = excluded.role_name, rate = excluded.rate;
insert into public.crew (id, name, city_pool_id, group_name, tier, phone, email, other_city, ob, notes, description) values ('4f933ede-eb55-5e0d-9db7-bb0f250a5d61', 'David Leonard', 'd2808c14-edba-5a3b-9a4d-5f15e1a5c2a7', 'Ungrouped', null, '504 251 6515', 'davidstormbornleonard@gmail.com', null, false, 'Imported rate text: Standard | Raw location: New Orleans', 'GAV') on conflict (id) do update set name = excluded.name, city_pool_id = excluded.city_pool_id, tier = excluded.tier, phone = excluded.phone, email = excluded.email, other_city = excluded.other_city, ob = excluded.ob, notes = excluded.notes, description = excluded.description;
insert into public.crew_positions (id, crew_id, role_name, rate) values ('646103ae-af0e-5b53-ae2d-6f0d64e1ca30', '4f933ede-eb55-5e0d-9db7-bb0f250a5d61', 'General AV', 450) on conflict (id) do update set role_name = excluded.role_name, rate = excluded.rate;
insert into public.crew (id, name, city_pool_id, group_name, tier, phone, email, other_city, ob, notes, description) values ('c58d1208-2023-55a9-b1fb-5b8107e81e0a', 'Ratray Gaines Jr.', 'd2808c14-edba-5a3b-9a4d-5f15e1a5c2a7', 'Ungrouped', '2', '504-512-3982', 'rgaines1@yahoo.com', null, false, 'Raw location: Marrero, LA New Orleans', 'Warehouse (inventory, truck loader)') on conflict (id) do update set name = excluded.name, city_pool_id = excluded.city_pool_id, tier = excluded.tier, phone = excluded.phone, email = excluded.email, other_city = excluded.other_city, ob = excluded.ob, notes = excluded.notes, description = excluded.description;
insert into public.crew_positions (id, crew_id, role_name, rate) values ('afedf238-1077-5651-8c86-e4ac42e44b91', 'c58d1208-2023-55a9-b1fb-5b8107e81e0a', 'General AV', 450) on conflict (id) do update set role_name = excluded.role_name, rate = excluded.rate;
insert into public.crew (id, name, city_pool_id, group_name, tier, phone, email, other_city, ob, notes, description) values ('4a2ba4d8-1a57-5914-9f52-452643fc1fb5', 'Steve Beatty', 'd2808c14-edba-5a3b-9a4d-5f15e1a5c2a7', 'Ungrouped', '1', '503-351-2015', 'Beattysound@gmail.com', null, true, 'Imported rate text: Standard? | Raw location: New Orleans OB', 'Analog, Digital, flown PA') on conflict (id) do update set name = excluded.name, city_pool_id = excluded.city_pool_id, tier = excluded.tier, phone = excluded.phone, email = excluded.email, other_city = excluded.other_city, ob = excluded.ob, notes = excluded.notes, description = excluded.description;
insert into public.crew_positions (id, crew_id, role_name, rate) values ('895c7fdc-6a10-50fd-8102-e82e0156980c', '4a2ba4d8-1a57-5914-9f52-452643fc1fb5', 'A1-Audio Engineer', 700) on conflict (id) do update set role_name = excluded.role_name, rate = excluded.rate;
insert into public.crew (id, name, city_pool_id, group_name, tier, phone, email, other_city, ob, notes, description) values ('28acc6a7-0fe5-54b7-b6c0-05c5ec96028a', 'Mike Certa', 'd2808c14-edba-5a3b-9a4d-5f15e1a5c2a7', 'Ungrouped', '?', '(305) 363-8397', 'wildblues1@gmail.com', null, false, 'Raw location: New Orleans', 'A1, A2, PM') on conflict (id) do update set name = excluded.name, city_pool_id = excluded.city_pool_id, tier = excluded.tier, phone = excluded.phone, email = excluded.email, other_city = excluded.other_city, ob = excluded.ob, notes = excluded.notes, description = excluded.description;
insert into public.crew_positions (id, crew_id, role_name, rate) values ('6e2f3f6f-a517-5fd1-bcdb-c1c92a102d88', '28acc6a7-0fe5-54b7-b6c0-05c5ec96028a', 'A1-Audio Engineer', 700) on conflict (id) do update set role_name = excluded.role_name, rate = excluded.rate;
insert into public.crew_positions (id, crew_id, role_name, rate) values ('af3c2b71-ff90-51c7-8b60-5fd284e17ff1', '28acc6a7-0fe5-54b7-b6c0-05c5ec96028a', 'A2-Audio Assist', 500) on conflict (id) do update set role_name = excluded.role_name, rate = excluded.rate;
insert into public.crew (id, name, city_pool_id, group_name, tier, phone, email, other_city, ob, notes, description) values ('aac97114-01c2-567b-8cb1-fb0666a17e4e', 'Royce Campbell', 'd2808c14-edba-5a3b-9a4d-5f15e1a5c2a7', 'Ungrouped', null, '504 217 0601', 'campbellroyce@gmail.com', null, true, 'Imported rate text: Standard | Raw location: OB New Orleans', 'BO OP') on conflict (id) do update set name = excluded.name, city_pool_id = excluded.city_pool_id, tier = excluded.tier, phone = excluded.phone, email = excluded.email, other_city = excluded.other_city, ob = excluded.ob, notes = excluded.notes, description = excluded.description;
insert into public.crew_positions (id, crew_id, role_name, rate) values ('afb67051-bb59-5a63-9af2-3ea7cdba30bd', 'aac97114-01c2-567b-8cb1-fb0666a17e4e', 'Breakout Operator', 600) on conflict (id) do update set role_name = excluded.role_name, rate = excluded.rate;
insert into public.crew (id, name, city_pool_id, group_name, tier, phone, email, other_city, ob, notes, description) values ('c2d64913-41ac-52a6-b1d4-7bb2ab14e996', 'Chris (Nope) Williams', 'd2808c14-edba-5a3b-9a4d-5f15e1a5c2a7', 'Ungrouped', null, '(504) 875-6593', 'cwilliams.acquireintl@gmail.com', null, false, null, null) on conflict (id) do update set name = excluded.name, city_pool_id = excluded.city_pool_id, tier = excluded.tier, phone = excluded.phone, email = excluded.email, other_city = excluded.other_city, ob = excluded.ob, notes = excluded.notes, description = excluded.description;
insert into public.crew_positions (id, crew_id, role_name, rate) values ('1578403c-3c72-517a-b817-3eac214dc9f4', 'c2d64913-41ac-52a6-b1d4-7bb2ab14e996', 'General AV', 450) on conflict (id) do update set role_name = excluded.role_name, rate = excluded.rate;
insert into public.crew (id, name, city_pool_id, group_name, tier, phone, email, other_city, ob, notes, description) values ('ad1af4eb-106a-5903-a05e-864cd794dada', 'Charles Zeringue', '5bb0999e-68bd-5fda-ab25-cea22e980ecc', 'Ungrouped', '1.0', '337 967 5128', 'charleszeringue@gmail.com', null, true, 'Raw location: Nashville', 'curating a list in Nashville | Crew lead, camera op, robocam op, stage manager, Breakout Op (A or V)') on conflict (id) do update set name = excluded.name, city_pool_id = excluded.city_pool_id, tier = excluded.tier, phone = excluded.phone, email = excluded.email, other_city = excluded.other_city, ob = excluded.ob, notes = excluded.notes, description = excluded.description;
insert into public.crew_positions (id, crew_id, role_name, rate) values ('c8b44633-cc73-5c86-a5e8-b05993ea5072', 'ad1af4eb-106a-5903-a05e-864cd794dada', 'Breakout Operator', 600) on conflict (id) do update set role_name = excluded.role_name, rate = excluded.rate;
insert into public.crew_positions (id, crew_id, role_name, rate) values ('f7663636-dad0-5846-bf32-993edbb2c5a8', 'ad1af4eb-106a-5903-a05e-864cd794dada', 'Crew Lead', 700) on conflict (id) do update set role_name = excluded.role_name, rate = excluded.rate;
insert into public.crew_positions (id, crew_id, role_name, rate) values ('b5dac64d-c77f-5804-a387-b07583e6e0a7', 'ad1af4eb-106a-5903-a05e-864cd794dada', 'Camera Operator', 700) on conflict (id) do update set role_name = excluded.role_name, rate = excluded.rate;
insert into public.crew (id, name, city_pool_id, group_name, tier, phone, email, other_city, ob, notes, description) values ('91a75f64-07f5-56ad-b92d-8ad3162c8e5d', 'Brent Babin', 'd2808c14-edba-5a3b-9a4d-5f15e1a5c2a7', 'Ungrouped', null, '504 618 3222', null, null, false, null, 'Forklift and Lull (travels alot)') on conflict (id) do update set name = excluded.name, city_pool_id = excluded.city_pool_id, tier = excluded.tier, phone = excluded.phone, email = excluded.email, other_city = excluded.other_city, ob = excluded.ob, notes = excluded.notes, description = excluded.description;
insert into public.crew_positions (id, crew_id, role_name, rate) values ('e3c82ed2-d85f-56dc-9a20-e074aa5a9518', '91a75f64-07f5-56ad-b92d-8ad3162c8e5d', 'Stagehand', 400) on conflict (id) do update set role_name = excluded.role_name, rate = excluded.rate;
insert into public.crew (id, name, city_pool_id, group_name, tier, phone, email, other_city, ob, notes, description) values ('a04529b6-3a2f-5214-be94-0ca8b84ca859', 'Branden Ledet', 'd2808c14-edba-5a3b-9a4d-5f15e1a5c2a7', 'Ungrouped', null, '985 274 5335', 'bledet51@gmail.com', null, false, 'Raw location: Houma - Baton Rouge New Orleans pool', 'stagehand,GAV, LED assist') on conflict (id) do update set name = excluded.name, city_pool_id = excluded.city_pool_id, tier = excluded.tier, phone = excluded.phone, email = excluded.email, other_city = excluded.other_city, ob = excluded.ob, notes = excluded.notes, description = excluded.description;
insert into public.crew_positions (id, crew_id, role_name, rate) values ('f188383b-4e06-5d08-a2d2-751a1c92ef6b', 'a04529b6-3a2f-5214-be94-0ca8b84ca859', 'Stagehand', 400) on conflict (id) do update set role_name = excluded.role_name, rate = excluded.rate;
insert into public.crew_positions (id, crew_id, role_name, rate) values ('b27e921f-e5e5-5e3a-93be-b267b992495f', 'a04529b6-3a2f-5214-be94-0ca8b84ca859', 'A2-Audio Assist', 500) on conflict (id) do update set role_name = excluded.role_name, rate = excluded.rate;
insert into public.crew_positions (id, crew_id, role_name, rate) values ('e3c3cfaa-6cdf-552c-b19e-25d7d1720273', 'a04529b6-3a2f-5214-be94-0ca8b84ca859', 'L2-Lighting Assist', 500) on conflict (id) do update set role_name = excluded.role_name, rate = excluded.rate;
insert into public.crew_positions (id, crew_id, role_name, rate) values ('9abb8da6-136b-554a-ad04-770a6eb57474', 'a04529b6-3a2f-5214-be94-0ca8b84ca859', 'LED Assist', 500) on conflict (id) do update set role_name = excluded.role_name, rate = excluded.rate;
insert into public.crew_positions (id, crew_id, role_name, rate) values ('d8004d8c-103b-585d-937d-e15cd43e6448', 'a04529b6-3a2f-5214-be94-0ca8b84ca859', 'General AV', 450) on conflict (id) do update set role_name = excluded.role_name, rate = excluded.rate;
insert into public.crew (id, name, city_pool_id, group_name, tier, phone, email, other_city, ob, notes, description) values ('f68a6eab-b9a4-58bb-8e4a-05a96c6cb1d1', 'Kristy "Alice" Ledet', 'd2808c14-edba-5a3b-9a4d-5f15e1a5c2a7', 'Ungrouped', null, '337 541 3533', 'aliceledet@gmail.com', null, false, 'Imported rate text: standard | Raw location: New Orleans Laffayette', 'GAV, stagehand') on conflict (id) do update set name = excluded.name, city_pool_id = excluded.city_pool_id, tier = excluded.tier, phone = excluded.phone, email = excluded.email, other_city = excluded.other_city, ob = excluded.ob, notes = excluded.notes, description = excluded.description;
insert into public.crew_positions (id, crew_id, role_name, rate) values ('fe959a33-fd52-5979-9662-5d3c96a8fe8f', 'f68a6eab-b9a4-58bb-8e4a-05a96c6cb1d1', 'General AV', 450) on conflict (id) do update set role_name = excluded.role_name, rate = excluded.rate;
insert into public.crew_positions (id, crew_id, role_name, rate) values ('75870202-2b04-581b-83c0-473c55337534', 'f68a6eab-b9a4-58bb-8e4a-05a96c6cb1d1', 'Stagehand', 400) on conflict (id) do update set role_name = excluded.role_name, rate = excluded.rate;
insert into public.crew (id, name, city_pool_id, group_name, tier, phone, email, other_city, ob, notes, description) values ('81555fec-7a4d-5666-b689-cdf65454f86a', 'Alexander Jernigan', 'faed59c2-1603-51e2-8ea9-f640b7e7e272', 'Ungrouped', null, '912 614 7453', 'alexjernigan66@yahoo.com', null, false, null, 'rigging corporate arena, and festival.') on conflict (id) do update set name = excluded.name, city_pool_id = excluded.city_pool_id, tier = excluded.tier, phone = excluded.phone, email = excluded.email, other_city = excluded.other_city, ob = excluded.ob, notes = excluded.notes, description = excluded.description;
insert into public.crew_positions (id, crew_id, role_name, rate) values ('c6e54833-c487-50cb-b3f3-191055e5fd34', '81555fec-7a4d-5666-b689-cdf65454f86a', 'Down Rigger', 550) on conflict (id) do update set role_name = excluded.role_name, rate = excluded.rate;
insert into public.crew (id, name, city_pool_id, group_name, tier, phone, email, other_city, ob, notes, description) values ('a955383a-0671-51f9-827f-36107856903b', 'Nicolas Lorio', 'd2808c14-edba-5a3b-9a4d-5f15e1a5c2a7', 'Ungrouped', null, '(504) 914-5025', 'nelorio25@gmail.com', null, false, 'Raw location: New Orleans', 'Gen AV & Lighting Tech, Up-Rigger, Boom lift OP truss. -AWP/Boom/Scissor Lift Cert -Forklift Cert -OSHA 10 Cert') on conflict (id) do update set name = excluded.name, city_pool_id = excluded.city_pool_id, tier = excluded.tier, phone = excluded.phone, email = excluded.email, other_city = excluded.other_city, ob = excluded.ob, notes = excluded.notes, description = excluded.description;
insert into public.crew_positions (id, crew_id, role_name, rate) values ('cb4f994e-3132-5931-900e-e70fb6421416', 'a955383a-0671-51f9-827f-36107856903b', 'General AV', 450) on conflict (id) do update set role_name = excluded.role_name, rate = excluded.rate;
insert into public.crew_positions (id, crew_id, role_name, rate) values ('ff0f5077-8311-5368-a401-0b5f6ae1e452', 'a955383a-0671-51f9-827f-36107856903b', 'Down Rigger', 550) on conflict (id) do update set role_name = excluded.role_name, rate = excluded.rate;
insert into public.crew (id, name, city_pool_id, group_name, tier, phone, email, other_city, ob, notes, description) values ('67e2143b-5e14-5134-8704-8b1289c1994a', 'Aiden Bell', '5bb0999e-68bd-5fda-ab25-cea22e980ecc', 'Ungrouped', null, '(615) 818-6710', 'Aidan.bell28@gmail.com', null, true, 'Raw location: OB Nashville willing to travel festivals and corporate', 'operate heavy equipment, such as, forklifts, lulls, scissors, and booms, I have experience working in convention and arena rigging,') on conflict (id) do update set name = excluded.name, city_pool_id = excluded.city_pool_id, tier = excluded.tier, phone = excluded.phone, email = excluded.email, other_city = excluded.other_city, ob = excluded.ob, notes = excluded.notes, description = excluded.description;
insert into public.crew_positions (id, crew_id, role_name, rate) values ('18da4de9-f2e5-597d-a416-508b1510a946', '67e2143b-5e14-5134-8704-8b1289c1994a', 'General AV', 450) on conflict (id) do update set role_name = excluded.role_name, rate = excluded.rate;
insert into public.crew_positions (id, crew_id, role_name, rate) values ('d45fd554-811e-5108-a07c-e74a0ab501ee', '67e2143b-5e14-5134-8704-8b1289c1994a', 'Down Rigger', 550) on conflict (id) do update set role_name = excluded.role_name, rate = excluded.rate;
insert into public.crew (id, name, city_pool_id, group_name, tier, phone, email, other_city, ob, notes, description) values ('748f79d8-644f-55de-b1e9-100dc122bcc8', 'MaKenzie Reinsch', 'd2808c14-edba-5a3b-9a4d-5f15e1a5c2a7', 'Ungrouped', null, '850 816 9322', 'Kenzie.reinsch@gmail.com', 'Pensacola (willing to travel)', false, null, null) on conflict (id) do update set name = excluded.name, city_pool_id = excluded.city_pool_id, tier = excluded.tier, phone = excluded.phone, email = excluded.email, other_city = excluded.other_city, ob = excluded.ob, notes = excluded.notes, description = excluded.description;
insert into public.crew_positions (id, crew_id, role_name, rate) values ('53e29144-2b4d-5735-bb5d-6e0ee22ad24d', '748f79d8-644f-55de-b1e9-100dc122bcc8', 'Stagehand', 400) on conflict (id) do update set role_name = excluded.role_name, rate = excluded.rate;
insert into public.crew_positions (id, crew_id, role_name, rate) values ('c46603e5-8a14-571f-96fe-2efc16760551', '748f79d8-644f-55de-b1e9-100dc122bcc8', 'General AV', 450) on conflict (id) do update set role_name = excluded.role_name, rate = excluded.rate;
insert into public.crew_positions (id, crew_id, role_name, rate) values ('2401ba4d-925f-5594-b2cc-ee8cda9a98de', '748f79d8-644f-55de-b1e9-100dc122bcc8', 'Down Rigger', 550) on conflict (id) do update set role_name = excluded.role_name, rate = excluded.rate;
insert into public.crew (id, name, city_pool_id, group_name, tier, phone, email, other_city, ob, notes, description) values ('53330b18-8fd3-5a7e-848c-b10cffb4892c', 'Frederick Blue', 'd2808c14-edba-5a3b-9a4d-5f15e1a5c2a7', 'Ungrouped', null, '504 333 2081', 'bluefrederick421@gmail.com', 'New Orleans', false, 'Raw location: New Orleans', 'stagehand ,lighting') on conflict (id) do update set name = excluded.name, city_pool_id = excluded.city_pool_id, tier = excluded.tier, phone = excluded.phone, email = excluded.email, other_city = excluded.other_city, ob = excluded.ob, notes = excluded.notes, description = excluded.description;
insert into public.crew_positions (id, crew_id, role_name, rate) values ('6549b657-9e4e-5fdf-8692-d2b3e498321e', '53330b18-8fd3-5a7e-848c-b10cffb4892c', 'Stagehand', 400) on conflict (id) do update set role_name = excluded.role_name, rate = excluded.rate;
insert into public.crew_positions (id, crew_id, role_name, rate) values ('eb01ce3f-07d5-544e-85d1-e7299e434c05', '53330b18-8fd3-5a7e-848c-b10cffb4892c', 'General AV', 450) on conflict (id) do update set role_name = excluded.role_name, rate = excluded.rate;
insert into public.crew (id, name, city_pool_id, group_name, tier, phone, email, other_city, ob, notes, description) values ('ece1029f-eb7c-5f5f-acf8-fe1c2c2b4bfc', 'Jacob Rodriguez', 'd2808c14-edba-5a3b-9a4d-5f15e1a5c2a7', 'Ungrouped', null, '504 494 9967', 'jacobtravisrodriguez@gmail.com', 'New Orleans', false, 'Raw location: New Orleans', 'GAV, Climber. will travel for 4 days work') on conflict (id) do update set name = excluded.name, city_pool_id = excluded.city_pool_id, tier = excluded.tier, phone = excluded.phone, email = excluded.email, other_city = excluded.other_city, ob = excluded.ob, notes = excluded.notes, description = excluded.description;
insert into public.crew_positions (id, crew_id, role_name, rate) values ('6d0c3d78-8190-507d-b902-5cb5af48b79b', 'ece1029f-eb7c-5f5f-acf8-fe1c2c2b4bfc', 'General AV', 450) on conflict (id) do update set role_name = excluded.role_name, rate = excluded.rate;
insert into public.crew_positions (id, crew_id, role_name, rate) values ('8a832be2-ac2f-5f2a-9b79-dd693a5a942b', 'ece1029f-eb7c-5f5f-acf8-fe1c2c2b4bfc', 'Stagehand', 400) on conflict (id) do update set role_name = excluded.role_name, rate = excluded.rate;
insert into public.crew (id, name, city_pool_id, group_name, tier, phone, email, other_city, ob, notes, description) values ('47b2a230-f2b3-5be4-a9fc-f9c8488dc049', 'Stephen (NOPE) Marin', 'd2808c14-edba-5a3b-9a4d-5f15e1a5c2a7', 'Ungrouped', null, '504 209 1637', 'nolarigging1982@gmail.com', 'New Orleans', true, 'Raw location: New Orleans', 'Fork Op, Heavy machinery OP, GAV. NO CALL NO SHOW!!') on conflict (id) do update set name = excluded.name, city_pool_id = excluded.city_pool_id, tier = excluded.tier, phone = excluded.phone, email = excluded.email, other_city = excluded.other_city, ob = excluded.ob, notes = excluded.notes, description = excluded.description;
insert into public.crew_positions (id, crew_id, role_name, rate) values ('dc46f95f-eae0-5e51-b0fb-ebc99a774057', '47b2a230-f2b3-5be4-a9fc-f9c8488dc049', 'Down Rigger', 550) on conflict (id) do update set role_name = excluded.role_name, rate = excluded.rate;
insert into public.crew_positions (id, crew_id, role_name, rate) values ('5cc49d11-0866-5d53-ac03-87b5e40ec91b', '47b2a230-f2b3-5be4-a9fc-f9c8488dc049', 'General AV', 450) on conflict (id) do update set role_name = excluded.role_name, rate = excluded.rate;
insert into public.crew (id, name, city_pool_id, group_name, tier, phone, email, other_city, ob, notes, description) values ('b3467faa-d114-5a89-9596-65223177566d', 'Nicole Anderson', 'd2808c14-edba-5a3b-9a4d-5f15e1a5c2a7', 'Ungrouped', '2', '504-453-6695', 'getnicolenow@gmail.com', 'New Orleans/Atlanta', false, 'Raw location: New Orleans/Atlanta', 'BO, GAV, A2, V2') on conflict (id) do update set name = excluded.name, city_pool_id = excluded.city_pool_id, tier = excluded.tier, phone = excluded.phone, email = excluded.email, other_city = excluded.other_city, ob = excluded.ob, notes = excluded.notes, description = excluded.description;
insert into public.crew_positions (id, crew_id, role_name, rate) values ('bf3400d5-91af-572f-adcf-a51434726e4b', 'b3467faa-d114-5a89-9596-65223177566d', 'General AV', 450) on conflict (id) do update set role_name = excluded.role_name, rate = excluded.rate;
insert into public.crew_positions (id, crew_id, role_name, rate) values ('2668019d-c9b7-580f-ad41-5930bbacf86e', 'b3467faa-d114-5a89-9596-65223177566d', 'Breakout Operator', 600) on conflict (id) do update set role_name = excluded.role_name, rate = excluded.rate;
insert into public.crew_positions (id, crew_id, role_name, rate) values ('aece17bf-504c-5a0c-afeb-78681e6d1377', 'b3467faa-d114-5a89-9596-65223177566d', 'A2-Audio Assist', 500) on conflict (id) do update set role_name = excluded.role_name, rate = excluded.rate;
insert into public.crew_positions (id, crew_id, role_name, rate) values ('be64c56e-a3b1-5944-a839-62e76c7070fd', 'b3467faa-d114-5a89-9596-65223177566d', 'V2-Video Assist', 550) on conflict (id) do update set role_name = excluded.role_name, rate = excluded.rate;
insert into public.crew (id, name, city_pool_id, group_name, tier, phone, email, other_city, ob, notes, description) values ('3df54e3e-0e62-5791-9e00-d89c67d73276', 'Barbara Rose', '419c9a31-1a24-57e4-bfd5-b73892d81919', 'Ungrouped', null, '202 718 7204', 'raradesignusa@gmail.com', 'Michigan (travels)', false, null, 'GAV, LED assist, spotlight, lighting, rigging, Electrical, Stagehand, Stagehand lead (Areana, festival, tradeshows)') on conflict (id) do update set name = excluded.name, city_pool_id = excluded.city_pool_id, tier = excluded.tier, phone = excluded.phone, email = excluded.email, other_city = excluded.other_city, ob = excluded.ob, notes = excluded.notes, description = excluded.description;
insert into public.crew_positions (id, crew_id, role_name, rate) values ('176273aa-0a90-57dd-85a5-3a7233773197', '3df54e3e-0e62-5791-9e00-d89c67d73276', 'General AV', 450) on conflict (id) do update set role_name = excluded.role_name, rate = excluded.rate;
insert into public.crew_positions (id, crew_id, role_name, rate) values ('992d9323-3399-5ab0-8414-b7e6c256068c', '3df54e3e-0e62-5791-9e00-d89c67d73276', 'LED Assist', 500) on conflict (id) do update set role_name = excluded.role_name, rate = excluded.rate;
insert into public.crew_positions (id, crew_id, role_name, rate) values ('fef67e7b-4ed9-5877-9975-04c76c0bc8a7', '3df54e3e-0e62-5791-9e00-d89c67d73276', 'L2-Lighting Assist', 500) on conflict (id) do update set role_name = excluded.role_name, rate = excluded.rate;
insert into public.crew_positions (id, crew_id, role_name, rate) values ('d5683aeb-1cf9-5ca2-9684-00b3f2be01b7', '3df54e3e-0e62-5791-9e00-d89c67d73276', 'Down Rigger', 550) on conflict (id) do update set role_name = excluded.role_name, rate = excluded.rate;
insert into public.crew_positions (id, crew_id, role_name, rate) values ('b31a002b-a944-59e9-840d-715964c76e5e', '3df54e3e-0e62-5791-9e00-d89c67d73276', 'Stagehand', 400) on conflict (id) do update set role_name = excluded.role_name, rate = excluded.rate;
insert into public.crew (id, name, city_pool_id, group_name, tier, phone, email, other_city, ob, notes, description) values ('7800ec43-2293-5ade-bb8a-0c8a9e204f3c', 'Matt Tugwell', 'd2808c14-edba-5a3b-9a4d-5f15e1a5c2a7', 'Ungrouped', null, '225 405 8199', 'matugwell@gmail.com', null, false, 'Raw location: New Orleans/ Baton Rouge', null) on conflict (id) do update set name = excluded.name, city_pool_id = excluded.city_pool_id, tier = excluded.tier, phone = excluded.phone, email = excluded.email, other_city = excluded.other_city, ob = excluded.ob, notes = excluded.notes, description = excluded.description;
insert into public.crew_positions (id, crew_id, role_name, rate) values ('ef42c4e7-f726-5fcc-b8fb-6803faed6bc9', '7800ec43-2293-5ade-bb8a-0c8a9e204f3c', 'Down Rigger', 550) on conflict (id) do update set role_name = excluded.role_name, rate = excluded.rate;
insert into public.crew (id, name, city_pool_id, group_name, tier, phone, email, other_city, ob, notes, description) values ('fad7e3e7-3412-5812-9a6b-842ac25a1515', 'DeAndre Hebert', 'd2808c14-edba-5a3b-9a4d-5f15e1a5c2a7', 'Ungrouped', null, '985 413 4556', 'deandrechebert@gmail.com', 'Thibidoux', false, 'Imported rate text: Standard', '"crew Lead" Forklift Operator, stagehand') on conflict (id) do update set name = excluded.name, city_pool_id = excluded.city_pool_id, tier = excluded.tier, phone = excluded.phone, email = excluded.email, other_city = excluded.other_city, ob = excluded.ob, notes = excluded.notes, description = excluded.description;
insert into public.crew_positions (id, crew_id, role_name, rate) values ('ceb6586b-c961-50ed-80c3-a9e2cbfdf417', 'fad7e3e7-3412-5812-9a6b-842ac25a1515', 'Crew Lead', 700) on conflict (id) do update set role_name = excluded.role_name, rate = excluded.rate;
insert into public.crew_positions (id, crew_id, role_name, rate) values ('323cfe59-99ac-5946-aae6-3fa267ca16a4', 'fad7e3e7-3412-5812-9a6b-842ac25a1515', 'Stagehand', 400) on conflict (id) do update set role_name = excluded.role_name, rate = excluded.rate;
insert into public.crew (id, name, city_pool_id, group_name, tier, phone, email, other_city, ob, notes, description) values ('50179469-2e8b-5ab4-bd2f-ac2318afba14', 'Jose Villalobos', '7f587941-1c8c-5ab6-ab65-0405f6fd94ce', 'Ungrouped', null, '943 259 3638', 'jmv.contactme@gmail.com', 'Atlanta', false, 'Raw location: Atlanta sent', 'Stagehand in Atlanta') on conflict (id) do update set name = excluded.name, city_pool_id = excluded.city_pool_id, tier = excluded.tier, phone = excluded.phone, email = excluded.email, other_city = excluded.other_city, ob = excluded.ob, notes = excluded.notes, description = excluded.description;
insert into public.crew_positions (id, crew_id, role_name, rate) values ('b3df1fdf-cb9e-5257-b054-7d4bb7b9a2c2', '50179469-2e8b-5ab4-bd2f-ac2318afba14', 'Stagehand', 400) on conflict (id) do update set role_name = excluded.role_name, rate = excluded.rate;
insert into public.crew (id, name, city_pool_id, group_name, tier, phone, email, other_city, ob, notes, description) values ('5cc32061-a5c6-5c6f-89a8-8fae11a9c88e', 'Jeffrey Barrow', 'd2808c14-edba-5a3b-9a4d-5f15e1a5c2a7', 'Ungrouped', '2abc', '601 812 8891', 'jeffreybarrow1985@myyahoo.com', null, false, 'Imported rate text: standard | Raw location: jackson Mississipi. can work local to new orleans', 'forklift Op and stagehand') on conflict (id) do update set name = excluded.name, city_pool_id = excluded.city_pool_id, tier = excluded.tier, phone = excluded.phone, email = excluded.email, other_city = excluded.other_city, ob = excluded.ob, notes = excluded.notes, description = excluded.description;
insert into public.crew_positions (id, crew_id, role_name, rate) values ('5c5e03bb-5572-54d6-8f36-95ced6200455', '5cc32061-a5c6-5c6f-89a8-8fae11a9c88e', 'Stagehand', 400) on conflict (id) do update set role_name = excluded.role_name, rate = excluded.rate;
insert into public.crew (id, name, city_pool_id, group_name, tier, phone, email, other_city, ob, notes, description) values ('784faa83-878a-5c68-82f7-d821374a519b', 'Justin Kimball', '5bb0999e-68bd-5fda-ab25-cea22e980ecc', 'Ungrouped', '1ABC', '9787712748', 'Jmkimball1@gmail.com', 'Nashville', false, 'Imported rate text: Standard | Raw location: Nashville', 'A1,V1,BO,C2 Yamaha QL / CL / DM series Allen and heath QU X32 / M32 Free speak / clear comm Axient wireless Video gear: Roland 80 / 160 Barco 902 Speaker timer / perfect cue Graphics / playback knowledge Pearl / kipro records') on conflict (id) do update set name = excluded.name, city_pool_id = excluded.city_pool_id, tier = excluded.tier, phone = excluded.phone, email = excluded.email, other_city = excluded.other_city, ob = excluded.ob, notes = excluded.notes, description = excluded.description;
insert into public.crew_positions (id, crew_id, role_name, rate) values ('a209cad1-42ff-58f7-8ac9-ef93cf8c3147', '784faa83-878a-5c68-82f7-d821374a519b', 'A1-Audio Engineer', 700) on conflict (id) do update set role_name = excluded.role_name, rate = excluded.rate;
insert into public.crew_positions (id, crew_id, role_name, rate) values ('f6fe41b6-347d-5726-9eb8-1fec7d7ead69', '784faa83-878a-5c68-82f7-d821374a519b', 'V1-Lead Video Engineer', 700) on conflict (id) do update set role_name = excluded.role_name, rate = excluded.rate;
insert into public.crew_positions (id, crew_id, role_name, rate) values ('4cf1b9eb-2401-5fe1-bb35-fe7ed7dfe5a4', '784faa83-878a-5c68-82f7-d821374a519b', 'Breakout Operator', 600) on conflict (id) do update set role_name = excluded.role_name, rate = excluded.rate;
insert into public.crew_positions (id, crew_id, role_name, rate) values ('fd5f6aed-4f71-5e63-af21-86f86eae7997', '784faa83-878a-5c68-82f7-d821374a519b', 'Speaker Ready', 650) on conflict (id) do update set role_name = excluded.role_name, rate = excluded.rate;
insert into public.crew (id, name, city_pool_id, group_name, tier, phone, email, other_city, ob, notes, description) values ('768f2012-a964-5702-8751-c73312ada3c9', 'Ari Eschtruth', '5bb0999e-68bd-5fda-ab25-cea22e980ecc', 'Ungrouped', '1abc', '774-270-6823', 'ari.eschtruth@gmail.com', 'Nashville', true, 'Imported rate text: Standard | Raw location: Nashville', 'A1, A2, RF, V1, GFX, BO OP, PM Audio and Digital, blackmagic, and Roland. RF Coordinator') on conflict (id) do update set name = excluded.name, city_pool_id = excluded.city_pool_id, tier = excluded.tier, phone = excluded.phone, email = excluded.email, other_city = excluded.other_city, ob = excluded.ob, notes = excluded.notes, description = excluded.description;
insert into public.crew_positions (id, crew_id, role_name, rate) values ('6d4ddae7-967c-5496-8685-c29ee2a77e55', '768f2012-a964-5702-8751-c73312ada3c9', 'A1-Audio Engineer', 700) on conflict (id) do update set role_name = excluded.role_name, rate = excluded.rate;
insert into public.crew_positions (id, crew_id, role_name, rate) values ('6845ab85-0343-5016-b9f1-a41a3b0c7ffa', '768f2012-a964-5702-8751-c73312ada3c9', 'A2-Audio Assist', 500) on conflict (id) do update set role_name = excluded.role_name, rate = excluded.rate;
insert into public.crew_positions (id, crew_id, role_name, rate) values ('9dba134b-1607-5e1f-a173-b08146b093bf', '768f2012-a964-5702-8751-c73312ada3c9', 'V1-Lead Video Engineer', 700) on conflict (id) do update set role_name = excluded.role_name, rate = excluded.rate;
insert into public.crew_positions (id, crew_id, role_name, rate) values ('f660f1d1-55ef-598d-bfa7-5fb2b4fa54f3', '768f2012-a964-5702-8751-c73312ada3c9', 'Breakout Operator', 600) on conflict (id) do update set role_name = excluded.role_name, rate = excluded.rate;
insert into public.crew_positions (id, crew_id, role_name, rate) values ('e77103d1-f47f-5b65-a43a-888a887d28b3', '768f2012-a964-5702-8751-c73312ada3c9', 'Speaker Ready', 650) on conflict (id) do update set role_name = excluded.role_name, rate = excluded.rate;
insert into public.crew (id, name, city_pool_id, group_name, tier, phone, email, other_city, ob, notes, description) values ('4b31cc06-3309-5a99-a44b-58b8a83aef77', 'Michael Wee', '5bb0999e-68bd-5fda-ab25-cea22e980ecc', 'Ungrouped', null, '717-606-4232', 'mikeweedrums@gmail.com', 'Nashville', false, 'Imported rate text: Standard | Raw location: Nashville', 'A1,A2,RF') on conflict (id) do update set name = excluded.name, city_pool_id = excluded.city_pool_id, tier = excluded.tier, phone = excluded.phone, email = excluded.email, other_city = excluded.other_city, ob = excluded.ob, notes = excluded.notes, description = excluded.description;
insert into public.crew_positions (id, crew_id, role_name, rate) values ('5f5da073-3cb8-53ff-96fe-0a46666219b3', '4b31cc06-3309-5a99-a44b-58b8a83aef77', 'A1-Audio Engineer', 700) on conflict (id) do update set role_name = excluded.role_name, rate = excluded.rate;
insert into public.crew_positions (id, crew_id, role_name, rate) values ('f1279379-bfd3-5a30-8fe8-3861ed6ff7e6', '4b31cc06-3309-5a99-a44b-58b8a83aef77', 'A2-Audio Assist', 500) on conflict (id) do update set role_name = excluded.role_name, rate = excluded.rate;
insert into public.crew (id, name, city_pool_id, group_name, tier, phone, email, other_city, ob, notes, description) values ('d6cfb34e-705a-5299-950a-e8d106d1d569', 'Joshua Grablowski', '5bb0999e-68bd-5fda-ab25-cea22e980ecc', 'Ungrouped', null, '(312)4984453', 'Joshua.grablowski@gmail.com', 'Nashville', false, 'Imported rate text: Standard | Raw location: Nashville', 'BO, GAV') on conflict (id) do update set name = excluded.name, city_pool_id = excluded.city_pool_id, tier = excluded.tier, phone = excluded.phone, email = excluded.email, other_city = excluded.other_city, ob = excluded.ob, notes = excluded.notes, description = excluded.description;
insert into public.crew_positions (id, crew_id, role_name, rate) values ('1d726558-21b0-5237-87cb-6ca35db13516', 'd6cfb34e-705a-5299-950a-e8d106d1d569', 'Breakout Operator', 600) on conflict (id) do update set role_name = excluded.role_name, rate = excluded.rate;
insert into public.crew_positions (id, crew_id, role_name, rate) values ('94151731-0931-5997-9f3c-a42ea3a06614', 'd6cfb34e-705a-5299-950a-e8d106d1d569', 'General AV', 450) on conflict (id) do update set role_name = excluded.role_name, rate = excluded.rate;
insert into public.crew (id, name, city_pool_id, group_name, tier, phone, email, other_city, ob, notes, description) values ('de250511-9774-59d5-b9aa-6df5f62319d7', 'Bradley Suennen', '5bb0999e-68bd-5fda-ab25-cea22e980ecc', 'Ungrouped', null, '847-219-2851', 'Brad.suennen@gmail.com', 'Nashville', false, 'Imported rate text: Standard | Raw location: Nashville', 'L1,ME,GFX,Speak ready,BO') on conflict (id) do update set name = excluded.name, city_pool_id = excluded.city_pool_id, tier = excluded.tier, phone = excluded.phone, email = excluded.email, other_city = excluded.other_city, ob = excluded.ob, notes = excluded.notes, description = excluded.description;
insert into public.crew_positions (id, crew_id, role_name, rate) values ('850d1cec-1799-59ed-86c3-c1a1851a56ae', 'de250511-9774-59d5-b9aa-6df5f62319d7', 'LD-Lighting Designer', 700) on conflict (id) do update set role_name = excluded.role_name, rate = excluded.rate;
insert into public.crew_positions (id, crew_id, role_name, rate) values ('6b2570f9-4d1a-5931-a685-c07994b251fb', 'de250511-9774-59d5-b9aa-6df5f62319d7', 'Breakout Operator', 600) on conflict (id) do update set role_name = excluded.role_name, rate = excluded.rate;
insert into public.crew (id, name, city_pool_id, group_name, tier, phone, email, other_city, ob, notes, description) values ('34abf00d-f1b0-525f-8df3-5f91830322c9', 'Megan Willis', '5bb0999e-68bd-5fda-ab25-cea22e980ecc', 'Ungrouped', null, '2565838022', 'meganwillis28@gmail.com', 'Nashville', false, 'Imported rate text: standard | Raw location: Nashville', 'GAV,L2 | GAV, L2, LED Assist') on conflict (id) do update set name = excluded.name, city_pool_id = excluded.city_pool_id, tier = excluded.tier, phone = excluded.phone, email = excluded.email, other_city = excluded.other_city, ob = excluded.ob, notes = excluded.notes, description = excluded.description;
insert into public.crew_positions (id, crew_id, role_name, rate) values ('1c9e3d75-fbf4-54ac-88ea-785d1e477057', '34abf00d-f1b0-525f-8df3-5f91830322c9', 'General AV', 450) on conflict (id) do update set role_name = excluded.role_name, rate = excluded.rate;
insert into public.crew_positions (id, crew_id, role_name, rate) values ('599763cb-d69e-5e26-a051-f4c3eb56d706', '34abf00d-f1b0-525f-8df3-5f91830322c9', 'L2-Lighting Assist', 500) on conflict (id) do update set role_name = excluded.role_name, rate = excluded.rate;
insert into public.crew_positions (id, crew_id, role_name, rate) values ('a9b3793b-6c7a-53b6-89f7-c1bb864a03d5', '34abf00d-f1b0-525f-8df3-5f91830322c9', 'LED Assist', 500) on conflict (id) do update set role_name = excluded.role_name, rate = excluded.rate;
insert into public.crew (id, name, city_pool_id, group_name, tier, phone, email, other_city, ob, notes, description) values ('32a4edbc-b22c-52e3-ad75-e3621c20da8b', 'Aiden Spilman', '5bb0999e-68bd-5fda-ab25-cea22e980ecc', 'Ungrouped', '1', '774 571 3379', 'spilmana47@gmail.com', 'Nashville', true, 'Imported rate text: Standard | Raw location: Nashville', 'Gear: -proficient with Midas m32/x32, Allen and Heath qu and sq, Yamaha ql / cl, Soundcraft Si, (experience with most digital consoles and comfortable picking up new ones and learning their operations easily) -black magic atem switchers and Roland switchers, pearl mini, aja ki pro, PowerPoint') on conflict (id) do update set name = excluded.name, city_pool_id = excluded.city_pool_id, tier = excluded.tier, phone = excluded.phone, email = excluded.email, other_city = excluded.other_city, ob = excluded.ob, notes = excluded.notes, description = excluded.description;
insert into public.crew_positions (id, crew_id, role_name, rate) values ('3a852f1c-166a-5015-98d8-32a0278bb5ec', '32a4edbc-b22c-52e3-ad75-e3621c20da8b', 'A1-Audio Engineer', 700) on conflict (id) do update set role_name = excluded.role_name, rate = excluded.rate;
insert into public.crew_positions (id, crew_id, role_name, rate) values ('0e6bced2-a907-5d11-ac0c-4be7b17413cd', '32a4edbc-b22c-52e3-ad75-e3621c20da8b', 'A2-Audio Assist', 500) on conflict (id) do update set role_name = excluded.role_name, rate = excluded.rate;
insert into public.crew_positions (id, crew_id, role_name, rate) values ('7829d5cc-a684-5e3b-bc10-352413446c0e', '32a4edbc-b22c-52e3-ad75-e3621c20da8b', 'Breakout Operator', 600) on conflict (id) do update set role_name = excluded.role_name, rate = excluded.rate;
insert into public.crew_positions (id, crew_id, role_name, rate) values ('7b410718-bbb1-5f03-b7ee-25273329e7a0', '32a4edbc-b22c-52e3-ad75-e3621c20da8b', 'Graphics Operator', 650) on conflict (id) do update set role_name = excluded.role_name, rate = excluded.rate;
insert into public.crew_positions (id, crew_id, role_name, rate) values ('9be29786-b068-51d2-8a26-0d60e91a31ac', '32a4edbc-b22c-52e3-ad75-e3621c20da8b', 'V1-Lead Video Engineer', 700) on conflict (id) do update set role_name = excluded.role_name, rate = excluded.rate;
insert into public.crew_positions (id, crew_id, role_name, rate) values ('be1850c3-7405-5939-b949-accee7e1a3fb', '32a4edbc-b22c-52e3-ad75-e3621c20da8b', 'Speaker Ready', 650) on conflict (id) do update set role_name = excluded.role_name, rate = excluded.rate;
insert into public.crew (id, name, city_pool_id, group_name, tier, phone, email, other_city, ob, notes, description) values ('25b841d3-2456-57c6-8481-f29a8e207bec', 'Nolan Sorsby', '5bb0999e-68bd-5fda-ab25-cea22e980ecc', 'Ungrouped', null, '541 300 5109', 'Nolansorsbymusick@gmail.com', 'Nashville', false, 'Raw location: Nashville sent', 'Gen AV, video switcher (breakout), V2, Graphics, Audio tech') on conflict (id) do update set name = excluded.name, city_pool_id = excluded.city_pool_id, tier = excluded.tier, phone = excluded.phone, email = excluded.email, other_city = excluded.other_city, ob = excluded.ob, notes = excluded.notes, description = excluded.description;
insert into public.crew_positions (id, crew_id, role_name, rate) values ('9a534feb-ce2e-52c1-982f-9db8b9907519', '25b841d3-2456-57c6-8481-f29a8e207bec', 'Speaker Ready', 650) on conflict (id) do update set role_name = excluded.role_name, rate = excluded.rate;
insert into public.crew_positions (id, crew_id, role_name, rate) values ('622d7b1a-4abb-5783-9ae9-127d014472ff', '25b841d3-2456-57c6-8481-f29a8e207bec', 'V2-Video Assist', 550) on conflict (id) do update set role_name = excluded.role_name, rate = excluded.rate;
insert into public.crew (id, name, city_pool_id, group_name, tier, phone, email, other_city, ob, notes, description) values ('d0bbc2ae-6d49-53d4-b966-98e9faca6235', 'Vincent Spahr', 'd2808c14-edba-5a3b-9a4d-5f15e1a5c2a7', 'Ungrouped', '2abc', '(504) 417-9586', 'vincentspahr.vs@gmail.com', null, false, 'Raw location: New Orleans', 'GAV, Stagehand, Rigger') on conflict (id) do update set name = excluded.name, city_pool_id = excluded.city_pool_id, tier = excluded.tier, phone = excluded.phone, email = excluded.email, other_city = excluded.other_city, ob = excluded.ob, notes = excluded.notes, description = excluded.description;
insert into public.crew_positions (id, crew_id, role_name, rate) values ('89d9d18d-659a-52df-a0bb-b9d9726af79f', 'd0bbc2ae-6d49-53d4-b966-98e9faca6235', 'General AV', 450) on conflict (id) do update set role_name = excluded.role_name, rate = excluded.rate;
insert into public.crew_positions (id, crew_id, role_name, rate) values ('5aaf43bd-b286-5eaf-b2bc-f377aa276b8f', 'd0bbc2ae-6d49-53d4-b966-98e9faca6235', 'Stagehand', 400) on conflict (id) do update set role_name = excluded.role_name, rate = excluded.rate;
insert into public.crew_positions (id, crew_id, role_name, rate) values ('8cb13059-7af4-5cde-b59d-ed7972fe69f0', 'd0bbc2ae-6d49-53d4-b966-98e9faca6235', 'Down Rigger', 550) on conflict (id) do update set role_name = excluded.role_name, rate = excluded.rate;
insert into public.crew (id, name, city_pool_id, group_name, tier, phone, email, other_city, ob, notes, description) values ('44bb8fd9-b873-512d-b894-c4b16d1c9740', 'Derek Sanchez', 'd2808c14-edba-5a3b-9a4d-5f15e1a5c2a7', 'Ungrouped', null, '(970) 567- 8230', 'Dereksanchez789@gmail.com', null, false, 'Imported rate text: Standard', 'GAV, Stagehand') on conflict (id) do update set name = excluded.name, city_pool_id = excluded.city_pool_id, tier = excluded.tier, phone = excluded.phone, email = excluded.email, other_city = excluded.other_city, ob = excluded.ob, notes = excluded.notes, description = excluded.description;
insert into public.crew_positions (id, crew_id, role_name, rate) values ('2e82dc04-8ede-563b-b496-61f124cdb531', '44bb8fd9-b873-512d-b894-c4b16d1c9740', 'General AV', 450) on conflict (id) do update set role_name = excluded.role_name, rate = excluded.rate;
insert into public.crew_positions (id, crew_id, role_name, rate) values ('a9da11f9-c19a-5093-86dd-59a50e7e9997', '44bb8fd9-b873-512d-b894-c4b16d1c9740', 'Stagehand', 400) on conflict (id) do update set role_name = excluded.role_name, rate = excluded.rate;
insert into public.crew (id, name, city_pool_id, group_name, tier, phone, email, other_city, ob, notes, description) values ('59895a6f-416f-5e75-82b1-0b60d02fe418', 'Kendall Laur', 'd2808c14-edba-5a3b-9a4d-5f15e1a5c2a7', 'Ungrouped', '1ABC', '(985) 272- 8596', null, null, false, 'Raw location: New Orleans', 'LED Assist, GAV') on conflict (id) do update set name = excluded.name, city_pool_id = excluded.city_pool_id, tier = excluded.tier, phone = excluded.phone, email = excluded.email, other_city = excluded.other_city, ob = excluded.ob, notes = excluded.notes, description = excluded.description;
insert into public.crew_positions (id, crew_id, role_name, rate) values ('ff1508ff-d371-5d84-8fca-8b66391fd98c', '59895a6f-416f-5e75-82b1-0b60d02fe418', 'LED Assist', 500) on conflict (id) do update set role_name = excluded.role_name, rate = excluded.rate;
insert into public.crew_positions (id, crew_id, role_name, rate) values ('eb23b6f4-ac88-52f3-b4c5-ccabee88f270', '59895a6f-416f-5e75-82b1-0b60d02fe418', 'General AV', 450) on conflict (id) do update set role_name = excluded.role_name, rate = excluded.rate;
insert into public.crew (id, name, city_pool_id, group_name, tier, phone, email, other_city, ob, notes, description) values ('ff18ed10-477c-52f7-bb3f-d83be7f77158', 'Kelsey Laur', 'd2808c14-edba-5a3b-9a4d-5f15e1a5c2a7', 'Ungrouped', '1ABC', '(985) 956- 1814', 'kelseyfaithlauer@gmail.com', null, false, null, 'LED Assist, GAV') on conflict (id) do update set name = excluded.name, city_pool_id = excluded.city_pool_id, tier = excluded.tier, phone = excluded.phone, email = excluded.email, other_city = excluded.other_city, ob = excluded.ob, notes = excluded.notes, description = excluded.description;
insert into public.crew_positions (id, crew_id, role_name, rate) values ('bd1b4d55-180f-57b9-ae33-db32b48f5a6e', 'ff18ed10-477c-52f7-bb3f-d83be7f77158', 'LED Assist', 500) on conflict (id) do update set role_name = excluded.role_name, rate = excluded.rate;
insert into public.crew_positions (id, crew_id, role_name, rate) values ('9eb85521-2876-53a5-941f-cebfa929af51', 'ff18ed10-477c-52f7-bb3f-d83be7f77158', 'General AV', 450) on conflict (id) do update set role_name = excluded.role_name, rate = excluded.rate;
insert into public.crew (id, name, city_pool_id, group_name, tier, phone, email, other_city, ob, notes, description) values ('c9c209ef-027c-53fd-88a0-510493cb838d', 'Caelan Lauer', 'd2808c14-edba-5a3b-9a4d-5f15e1a5c2a7', 'Ungrouped', '1abc', '(985) 664- 6783', 'caelanlauer@gmail.com', null, false, null, 'LED Assist. GAV') on conflict (id) do update set name = excluded.name, city_pool_id = excluded.city_pool_id, tier = excluded.tier, phone = excluded.phone, email = excluded.email, other_city = excluded.other_city, ob = excluded.ob, notes = excluded.notes, description = excluded.description;
insert into public.crew_positions (id, crew_id, role_name, rate) values ('de50d5cc-4354-5afd-970c-55c8bc6c4361', 'c9c209ef-027c-53fd-88a0-510493cb838d', 'General AV', 450) on conflict (id) do update set role_name = excluded.role_name, rate = excluded.rate;
insert into public.crew (id, name, city_pool_id, group_name, tier, phone, email, other_city, ob, notes, description) values ('8296d3f4-9a1b-50c3-8f96-e8266f35b44f', 'Brandon Bocage', 'd2808c14-edba-5a3b-9a4d-5f15e1a5c2a7', 'Ungrouped', null, '(504) 655-3148', 'brandonbocage25@gmail.com', null, false, 'Raw location: New Orleans', 'GAV, Stagehand, A2, L2, Carpender, LED Stagehand,') on conflict (id) do update set name = excluded.name, city_pool_id = excluded.city_pool_id, tier = excluded.tier, phone = excluded.phone, email = excluded.email, other_city = excluded.other_city, ob = excluded.ob, notes = excluded.notes, description = excluded.description;
insert into public.crew_positions (id, crew_id, role_name, rate) values ('d4057ae2-9c1d-54b4-b7d0-2f7e95a7fc35', '8296d3f4-9a1b-50c3-8f96-e8266f35b44f', 'General AV', 450) on conflict (id) do update set role_name = excluded.role_name, rate = excluded.rate;
insert into public.crew_positions (id, crew_id, role_name, rate) values ('1c282a08-1f9e-5452-b200-afea1f322768', '8296d3f4-9a1b-50c3-8f96-e8266f35b44f', 'Stagehand', 400) on conflict (id) do update set role_name = excluded.role_name, rate = excluded.rate;
insert into public.crew_positions (id, crew_id, role_name, rate) values ('023cd45f-fdd7-51a7-bd95-ad7c7ef28de6', '8296d3f4-9a1b-50c3-8f96-e8266f35b44f', 'A2-Audio Assist', 500) on conflict (id) do update set role_name = excluded.role_name, rate = excluded.rate;
insert into public.crew_positions (id, crew_id, role_name, rate) values ('072d59f5-dee9-5a62-963f-2aea9688dca2', '8296d3f4-9a1b-50c3-8f96-e8266f35b44f', 'L2-Lighting Assist', 500) on conflict (id) do update set role_name = excluded.role_name, rate = excluded.rate;
insert into public.crew_positions (id, crew_id, role_name, rate) values ('2fe16465-a8e6-577d-a59e-2aa1b7247ec0', '8296d3f4-9a1b-50c3-8f96-e8266f35b44f', 'LED Assist', 500) on conflict (id) do update set role_name = excluded.role_name, rate = excluded.rate;
insert into public.crew (id, name, city_pool_id, group_name, tier, phone, email, other_city, ob, notes, description) values ('9f00d0be-7797-526b-a8a0-db183247eb9e', 'Donnell Thomas', 'd2808c14-edba-5a3b-9a4d-5f15e1a5c2a7', 'Ungrouped', null, '5043454434', 'donnellthomas736@gmail.com', null, false, 'Imported rate text: Standard | Raw location: New Orleans', 'Skill sets : ''''General utility , Av sound audio engineering wrapping cables , building sets , pipe and drape and lighting , dealing with dmx cables and assisting in putting it on the truss. A2, L2, and V2.') on conflict (id) do update set name = excluded.name, city_pool_id = excluded.city_pool_id, tier = excluded.tier, phone = excluded.phone, email = excluded.email, other_city = excluded.other_city, ob = excluded.ob, notes = excluded.notes, description = excluded.description;
insert into public.crew_positions (id, crew_id, role_name, rate) values ('5174e1e7-7f5d-585c-9d83-cd353d03c981', '9f00d0be-7797-526b-a8a0-db183247eb9e', 'General AV', 450) on conflict (id) do update set role_name = excluded.role_name, rate = excluded.rate;
insert into public.crew_positions (id, crew_id, role_name, rate) values ('ebd2edba-1fe6-5607-b5c7-d0bfc3a88b59', '9f00d0be-7797-526b-a8a0-db183247eb9e', 'A2-Audio Assist', 500) on conflict (id) do update set role_name = excluded.role_name, rate = excluded.rate;
insert into public.crew_positions (id, crew_id, role_name, rate) values ('c131873c-2c88-572f-a0d5-27402735a2da', '9f00d0be-7797-526b-a8a0-db183247eb9e', 'V2-Video Assist', 550) on conflict (id) do update set role_name = excluded.role_name, rate = excluded.rate;
insert into public.crew_positions (id, crew_id, role_name, rate) values ('bf5925f6-edeb-5de5-a965-62ebc305bb8b', '9f00d0be-7797-526b-a8a0-db183247eb9e', 'L2-Lighting Assist', 500) on conflict (id) do update set role_name = excluded.role_name, rate = excluded.rate;
insert into public.crew_positions (id, crew_id, role_name, rate) values ('bd4eb61a-aedb-5f93-8862-52a617932866', '9f00d0be-7797-526b-a8a0-db183247eb9e', 'LED Assist', 500) on conflict (id) do update set role_name = excluded.role_name, rate = excluded.rate;
insert into public.crew_positions (id, crew_id, role_name, rate) values ('a10267b1-4b96-54d1-bcd8-3a708a910320', '9f00d0be-7797-526b-a8a0-db183247eb9e', 'A1-Audio Engineer', 700) on conflict (id) do update set role_name = excluded.role_name, rate = excluded.rate;
insert into public.crew (id, name, city_pool_id, group_name, tier, phone, email, other_city, ob, notes, description) values ('97f1568c-2401-5cef-a291-683915a86aa7', 'David Wood', 'd2808c14-edba-5a3b-9a4d-5f15e1a5c2a7', 'Ungrouped', '2abc', null, null, null, false, 'Imported rate text: 30/35 | Raw location: New Orleans', 'GAV, LED Assist') on conflict (id) do update set name = excluded.name, city_pool_id = excluded.city_pool_id, tier = excluded.tier, phone = excluded.phone, email = excluded.email, other_city = excluded.other_city, ob = excluded.ob, notes = excluded.notes, description = excluded.description;
insert into public.crew_positions (id, crew_id, role_name, rate) values ('30676d15-bdb1-59d4-99ff-b2f254ab9c4e', '97f1568c-2401-5cef-a291-683915a86aa7', 'General AV', 32.5) on conflict (id) do update set role_name = excluded.role_name, rate = excluded.rate;
insert into public.crew_positions (id, crew_id, role_name, rate) values ('c0cc681a-99fc-5cb2-a1f5-c353274eff36', '97f1568c-2401-5cef-a291-683915a86aa7', 'LED Assist', 32.5) on conflict (id) do update set role_name = excluded.role_name, rate = excluded.rate;
insert into public.crew (id, name, city_pool_id, group_name, tier, phone, email, other_city, ob, notes, description) values ('8eea34d7-dc14-556f-8573-9f32f0ff73d1', 'Antoine Breaux', 'd2808c14-edba-5a3b-9a4d-5f15e1a5c2a7', 'Ungrouped', '3ABC', '504 220 0430', null, null, false, 'Raw location: New Orleans', null) on conflict (id) do update set name = excluded.name, city_pool_id = excluded.city_pool_id, tier = excluded.tier, phone = excluded.phone, email = excluded.email, other_city = excluded.other_city, ob = excluded.ob, notes = excluded.notes, description = excluded.description;
insert into public.crew_positions (id, crew_id, role_name, rate) values ('486bd656-3912-5aef-9e6a-8c0829de93b9', '8eea34d7-dc14-556f-8573-9f32f0ff73d1', 'Stagehand', 400) on conflict (id) do update set role_name = excluded.role_name, rate = excluded.rate;
insert into public.crew_positions (id, crew_id, role_name, rate) values ('70c0a6a9-f347-5799-a514-71c0eb2ea8e0', '8eea34d7-dc14-556f-8573-9f32f0ff73d1', 'General AV', 450) on conflict (id) do update set role_name = excluded.role_name, rate = excluded.rate;
insert into public.crew (id, name, city_pool_id, group_name, tier, phone, email, other_city, ob, notes, description) values ('ef0615c2-b762-534e-bfdb-77039fb83977', 'Michael Bedwell', 'd2808c14-edba-5a3b-9a4d-5f15e1a5c2a7', 'Ungrouped', null, '(504) 428-4793', null, null, false, 'Imported rate text: $35 | Raw location: New Orleans', 'GAV Kevin Murphys friend') on conflict (id) do update set name = excluded.name, city_pool_id = excluded.city_pool_id, tier = excluded.tier, phone = excluded.phone, email = excluded.email, other_city = excluded.other_city, ob = excluded.ob, notes = excluded.notes, description = excluded.description;
insert into public.crew_positions (id, crew_id, role_name, rate) values ('264953e4-0bfa-5f05-8602-779d9296423b', 'ef0615c2-b762-534e-bfdb-77039fb83977', 'General AV', 35.0) on conflict (id) do update set role_name = excluded.role_name, rate = excluded.rate;
insert into public.crew_positions (id, crew_id, role_name, rate) values ('00ed7878-22e3-56ab-9037-e1f6d5a53975', 'ef0615c2-b762-534e-bfdb-77039fb83977', 'LED Assist', 35.0) on conflict (id) do update set role_name = excluded.role_name, rate = excluded.rate;
insert into public.crew (id, name, city_pool_id, group_name, tier, phone, email, other_city, ob, notes, description) values ('62194ac7-790f-55eb-bc6b-12ce86f179d3', 'Louis Monroe', 'd2808c14-edba-5a3b-9a4d-5f15e1a5c2a7', 'Ungrouped', null, '(832) 488 7692', 'louis.monroe@gmail.com', null, false, 'Imported rate text: $35-45', 'A1. Mixing FOH and Monitors, GAV, LED, Lead') on conflict (id) do update set name = excluded.name, city_pool_id = excluded.city_pool_id, tier = excluded.tier, phone = excluded.phone, email = excluded.email, other_city = excluded.other_city, ob = excluded.ob, notes = excluded.notes, description = excluded.description;
insert into public.crew_positions (id, crew_id, role_name, rate) values ('34992760-5219-5729-9c4a-14ac7ec33f8d', '62194ac7-790f-55eb-bc6b-12ce86f179d3', 'A1-Audio Engineer', 40.0) on conflict (id) do update set role_name = excluded.role_name, rate = excluded.rate;
insert into public.crew_positions (id, crew_id, role_name, rate) values ('894ed118-045c-5f9e-a186-e2682c525d65', '62194ac7-790f-55eb-bc6b-12ce86f179d3', 'General AV', 40.0) on conflict (id) do update set role_name = excluded.role_name, rate = excluded.rate;
insert into public.crew_positions (id, crew_id, role_name, rate) values ('7e460f41-7305-59b5-9e40-22427c206bc0', '62194ac7-790f-55eb-bc6b-12ce86f179d3', 'LED Assist', 40.0) on conflict (id) do update set role_name = excluded.role_name, rate = excluded.rate;
insert into public.crew (id, name, city_pool_id, group_name, tier, phone, email, other_city, ob, notes, description) values ('0c067634-7948-5815-b1ba-8637d39f69b1', 'Vaschon Blount', 'd2808c14-edba-5a3b-9a4d-5f15e1a5c2a7', 'Ungrouped', '2abc', '504 900 6148', 'blountvaschon@gmail.com', null, false, 'Raw location: New Orleans', 'GAV, LED Assist') on conflict (id) do update set name = excluded.name, city_pool_id = excluded.city_pool_id, tier = excluded.tier, phone = excluded.phone, email = excluded.email, other_city = excluded.other_city, ob = excluded.ob, notes = excluded.notes, description = excluded.description;
insert into public.crew_positions (id, crew_id, role_name, rate) values ('f9af2d80-8b5a-5a93-bf29-47910048828c', '0c067634-7948-5815-b1ba-8637d39f69b1', 'General AV', 450) on conflict (id) do update set role_name = excluded.role_name, rate = excluded.rate;
insert into public.crew_positions (id, crew_id, role_name, rate) values ('aa6a7f58-fcd8-591f-8416-4de4f5c6aca2', '0c067634-7948-5815-b1ba-8637d39f69b1', 'LED Assist', 500) on conflict (id) do update set role_name = excluded.role_name, rate = excluded.rate;
insert into public.crew (id, name, city_pool_id, group_name, tier, phone, email, other_city, ob, notes, description) values ('15bbe54b-cd99-5cd5-9261-997ade5e0512', 'Sam Schexnaydre', 'd2808c14-edba-5a3b-9a4d-5f15e1a5c2a7', 'Ungrouped', '2ABC', '(504) 452-7447', 'bayouinstallsolutions@outlook.com', null, false, 'Imported rate text: $35 | Raw location: New Orleans', 'GAV, LED Assist, Home Install') on conflict (id) do update set name = excluded.name, city_pool_id = excluded.city_pool_id, tier = excluded.tier, phone = excluded.phone, email = excluded.email, other_city = excluded.other_city, ob = excluded.ob, notes = excluded.notes, description = excluded.description;
insert into public.crew_positions (id, crew_id, role_name, rate) values ('5ae95ab7-ed10-53ec-b34f-5b9269889b42', '15bbe54b-cd99-5cd5-9261-997ade5e0512', 'General AV', 35.0) on conflict (id) do update set role_name = excluded.role_name, rate = excluded.rate;
insert into public.crew_positions (id, crew_id, role_name, rate) values ('0b119356-17a7-5940-a8e2-6e569c068a28', '15bbe54b-cd99-5cd5-9261-997ade5e0512', 'LED Assist', 35.0) on conflict (id) do update set role_name = excluded.role_name, rate = excluded.rate;
insert into public.crew (id, name, city_pool_id, group_name, tier, phone, email, other_city, ob, notes, description) values ('047981f0-a10b-59f2-9fa7-b7caa1d6a87f', 'Danny Griffin', 'd2808c14-edba-5a3b-9a4d-5f15e1a5c2a7', 'Ungrouped', '2ABC', '228-383-9531', 'griffindanny16@yahoo.com', 'Gulfport, MS', false, 'Raw location: New Orleans', 'Cam Op, BO Op, and GAV, LED assist') on conflict (id) do update set name = excluded.name, city_pool_id = excluded.city_pool_id, tier = excluded.tier, phone = excluded.phone, email = excluded.email, other_city = excluded.other_city, ob = excluded.ob, notes = excluded.notes, description = excluded.description;
insert into public.crew_positions (id, crew_id, role_name, rate) values ('370d9fe0-5487-5739-a0f5-1d5dcb0a2db8', '047981f0-a10b-59f2-9fa7-b7caa1d6a87f', 'Camera Operator', 700) on conflict (id) do update set role_name = excluded.role_name, rate = excluded.rate;
insert into public.crew_positions (id, crew_id, role_name, rate) values ('f474aa9d-2b12-57a7-91ba-048d0da41984', '047981f0-a10b-59f2-9fa7-b7caa1d6a87f', 'Breakout Operator', 600) on conflict (id) do update set role_name = excluded.role_name, rate = excluded.rate;
insert into public.crew_positions (id, crew_id, role_name, rate) values ('537aa9f2-8cc9-54e7-8614-641d33c44668', '047981f0-a10b-59f2-9fa7-b7caa1d6a87f', 'General AV', 450) on conflict (id) do update set role_name = excluded.role_name, rate = excluded.rate;
insert into public.crew_positions (id, crew_id, role_name, rate) values ('9c58559f-f39c-515a-8d3d-710c458ad9f7', '047981f0-a10b-59f2-9fa7-b7caa1d6a87f', 'LED Assist', 500) on conflict (id) do update set role_name = excluded.role_name, rate = excluded.rate;
insert into public.crew (id, name, city_pool_id, group_name, tier, phone, email, other_city, ob, notes, description) values ('9bbd1c2b-62fa-54bd-81fe-f9a20ef64fe2', 'Ginger Larkin', 'd2808c14-edba-5a3b-9a4d-5f15e1a5c2a7', 'Ungrouped', '3ABC hard worker', '504-494-6675', 'gpltigger3@gmail.com', null, true, 'Raw location: New Orleans', 'up and down rigger, GAV, Lighting') on conflict (id) do update set name = excluded.name, city_pool_id = excluded.city_pool_id, tier = excluded.tier, phone = excluded.phone, email = excluded.email, other_city = excluded.other_city, ob = excluded.ob, notes = excluded.notes, description = excluded.description;
insert into public.crew_positions (id, crew_id, role_name, rate) values ('350adb99-5acf-5c9b-8ed8-4b9934be76e4', '9bbd1c2b-62fa-54bd-81fe-f9a20ef64fe2', 'Down Rigger', 550) on conflict (id) do update set role_name = excluded.role_name, rate = excluded.rate;
insert into public.crew_positions (id, crew_id, role_name, rate) values ('d5cf11fd-5587-5022-b3c8-7ace82a58754', '9bbd1c2b-62fa-54bd-81fe-f9a20ef64fe2', 'General AV', 450) on conflict (id) do update set role_name = excluded.role_name, rate = excluded.rate;
insert into public.crew (id, name, city_pool_id, group_name, tier, phone, email, other_city, ob, notes, description) values ('22b61ed4-19b0-5c13-b97d-7eace9db382e', 'Stephen Saia', 'd2808c14-edba-5a3b-9a4d-5f15e1a5c2a7', 'Ungrouped', '2ABC', '(985) 688-0533', 'ssaia689@gmail.com', null, false, 'Raw location: New Orleans', 'GAV') on conflict (id) do update set name = excluded.name, city_pool_id = excluded.city_pool_id, tier = excluded.tier, phone = excluded.phone, email = excluded.email, other_city = excluded.other_city, ob = excluded.ob, notes = excluded.notes, description = excluded.description;
insert into public.crew_positions (id, crew_id, role_name, rate) values ('bd14e966-da70-5453-af98-148261d456f6', '22b61ed4-19b0-5c13-b97d-7eace9db382e', 'General AV', 450) on conflict (id) do update set role_name = excluded.role_name, rate = excluded.rate;
insert into public.crew_positions (id, crew_id, role_name, rate) values ('192c021c-960f-5918-b8f5-662c76ade85d', '22b61ed4-19b0-5c13-b97d-7eace9db382e', 'LED Assist', 500) on conflict (id) do update set role_name = excluded.role_name, rate = excluded.rate;
insert into public.crew (id, name, city_pool_id, group_name, tier, phone, email, other_city, ob, notes, description) values ('1f64eb83-5937-5647-a4c8-7f9bf212b6fb', 'Edith Difulco', 'd2808c14-edba-5a3b-9a4d-5f15e1a5c2a7', 'Ungrouped', '2abc', '(504) 382-9507', 'ecrane62@yahoo.com', null, false, 'Imported rate text: standard | Raw location: New Orleans', 'L2, rigging, "lead", GAV, LED assist, scenic, carpenter') on conflict (id) do update set name = excluded.name, city_pool_id = excluded.city_pool_id, tier = excluded.tier, phone = excluded.phone, email = excluded.email, other_city = excluded.other_city, ob = excluded.ob, notes = excluded.notes, description = excluded.description;
insert into public.crew_positions (id, crew_id, role_name, rate) values ('489b4c2d-e9a5-5ce7-8fa1-2f8c4d5d1f6c', '1f64eb83-5937-5647-a4c8-7f9bf212b6fb', 'L2-Lighting Assist', 500) on conflict (id) do update set role_name = excluded.role_name, rate = excluded.rate;
insert into public.crew_positions (id, crew_id, role_name, rate) values ('8d01aa94-e50a-5707-8b54-b551fd09d347', '1f64eb83-5937-5647-a4c8-7f9bf212b6fb', 'Down Rigger', 550) on conflict (id) do update set role_name = excluded.role_name, rate = excluded.rate;
insert into public.crew_positions (id, crew_id, role_name, rate) values ('81eb5853-518f-548e-9c51-6a0683a8c78d', '1f64eb83-5937-5647-a4c8-7f9bf212b6fb', 'General AV', 450) on conflict (id) do update set role_name = excluded.role_name, rate = excluded.rate;
insert into public.crew_positions (id, crew_id, role_name, rate) values ('67ef34b7-cb2e-55cb-aa30-10f986a23655', '1f64eb83-5937-5647-a4c8-7f9bf212b6fb', 'LED Assist', 500) on conflict (id) do update set role_name = excluded.role_name, rate = excluded.rate;
insert into public.crew_positions (id, crew_id, role_name, rate) values ('9f70851a-f50f-5e97-b3b1-5483ec182898', '1f64eb83-5937-5647-a4c8-7f9bf212b6fb', 'Stagehand', 400) on conflict (id) do update set role_name = excluded.role_name, rate = excluded.rate;
insert into public.crew (id, name, city_pool_id, group_name, tier, phone, email, other_city, ob, notes, description) values ('1602bc98-50c6-51f0-b52d-d9b34f21afb9', 'John McCollum', 'd2808c14-edba-5a3b-9a4d-5f15e1a5c2a7', 'Ungrouped', null, '512-448-0411', null, null, false, null, null) on conflict (id) do update set name = excluded.name, city_pool_id = excluded.city_pool_id, tier = excluded.tier, phone = excluded.phone, email = excluded.email, other_city = excluded.other_city, ob = excluded.ob, notes = excluded.notes, description = excluded.description;
insert into public.crew_positions (id, crew_id, role_name, rate) values ('b48241f2-0f95-5f2e-96a9-57b638bd314e', '1602bc98-50c6-51f0-b52d-d9b34f21afb9', 'General AV', 450) on conflict (id) do update set role_name = excluded.role_name, rate = excluded.rate;
insert into public.crew (id, name, city_pool_id, group_name, tier, phone, email, other_city, ob, notes, description) values ('f9310b07-63ef-5573-aa4a-3e4cdd80e8ce', 'Aaron Bradley', '5bb0999e-68bd-5fda-ab25-cea22e980ecc', 'Ungrouped', '1.0', '(276) 791-8602', 'abradleyproductions@gmail.com', null, true, null, 'A2, V2, Breakout OP (A or V), I.T., (he can do most things, rockstar)') on conflict (id) do update set name = excluded.name, city_pool_id = excluded.city_pool_id, tier = excluded.tier, phone = excluded.phone, email = excluded.email, other_city = excluded.other_city, ob = excluded.ob, notes = excluded.notes, description = excluded.description;
insert into public.crew_positions (id, crew_id, role_name, rate) values ('103985c7-cc14-53d2-8890-97bdf338f24b', 'f9310b07-63ef-5573-aa4a-3e4cdd80e8ce', 'A2-Audio Assist', 500) on conflict (id) do update set role_name = excluded.role_name, rate = excluded.rate;
insert into public.crew_positions (id, crew_id, role_name, rate) values ('aa583625-ce6a-55e8-b541-3241e87065e8', 'f9310b07-63ef-5573-aa4a-3e4cdd80e8ce', 'V2-Video Assist', 550) on conflict (id) do update set role_name = excluded.role_name, rate = excluded.rate;
insert into public.crew_positions (id, crew_id, role_name, rate) values ('4fd44820-ed55-54eb-8337-d9e066dbf2a6', 'f9310b07-63ef-5573-aa4a-3e4cdd80e8ce', 'Breakout Operator', 600) on conflict (id) do update set role_name = excluded.role_name, rate = excluded.rate;
insert into public.crew_positions (id, crew_id, role_name, rate) values ('9be5c256-370d-5165-aafd-c4cd6d28d725', 'f9310b07-63ef-5573-aa4a-3e4cdd80e8ce', 'Networking Engineer', 650) on conflict (id) do update set role_name = excluded.role_name, rate = excluded.rate;
insert into public.crew (id, name, city_pool_id, group_name, tier, phone, email, other_city, ob, notes, description) values ('9f513fa1-7a32-5c10-a5d3-855292235b6e', 'Abram Seigel-Rivers', '5bb0999e-68bd-5fda-ab25-cea22e980ecc', 'Ungrouped', null, '(610) 207-3119', null, null, false, null, 'GAV') on conflict (id) do update set name = excluded.name, city_pool_id = excluded.city_pool_id, tier = excluded.tier, phone = excluded.phone, email = excluded.email, other_city = excluded.other_city, ob = excluded.ob, notes = excluded.notes, description = excluded.description;
insert into public.crew_positions (id, crew_id, role_name, rate) values ('897f3f3d-01e0-5bc8-99e4-8040721085aa', '9f513fa1-7a32-5c10-a5d3-855292235b6e', 'General AV', 450) on conflict (id) do update set role_name = excluded.role_name, rate = excluded.rate;
insert into public.crew (id, name, city_pool_id, group_name, tier, phone, email, other_city, ob, notes, description) values ('8e7536ec-fa14-5c21-9ec4-12693cf90872', 'Aidan Slowey', '5bb0999e-68bd-5fda-ab25-cea22e980ecc', 'Ungrouped', null, '(443) 956-2287', null, null, false, null, 'GAV') on conflict (id) do update set name = excluded.name, city_pool_id = excluded.city_pool_id, tier = excluded.tier, phone = excluded.phone, email = excluded.email, other_city = excluded.other_city, ob = excluded.ob, notes = excluded.notes, description = excluded.description;
insert into public.crew_positions (id, crew_id, role_name, rate) values ('2924e628-fe34-59ba-967b-3c0018a7a06a', '8e7536ec-fa14-5c21-9ec4-12693cf90872', 'General AV', 450) on conflict (id) do update set role_name = excluded.role_name, rate = excluded.rate;
insert into public.crew (id, name, city_pool_id, group_name, tier, phone, email, other_city, ob, notes, description) values ('57a15ea9-4955-53aa-a147-707346c0c7ab', 'Aiden Spilman', '5bb0999e-68bd-5fda-ab25-cea22e980ecc', 'Ungrouped', '1.0', '(774) 571-3379', null, null, true, null, 'A1/A2') on conflict (id) do update set name = excluded.name, city_pool_id = excluded.city_pool_id, tier = excluded.tier, phone = excluded.phone, email = excluded.email, other_city = excluded.other_city, ob = excluded.ob, notes = excluded.notes, description = excluded.description;
insert into public.crew_positions (id, crew_id, role_name, rate) values ('2a9ef154-4ad9-50ee-9402-cd981bebfe38', '57a15ea9-4955-53aa-a147-707346c0c7ab', 'A1-Audio Engineer', 700) on conflict (id) do update set role_name = excluded.role_name, rate = excluded.rate;
insert into public.crew_positions (id, crew_id, role_name, rate) values ('f2cf4b13-b150-54a6-a77b-8a4d5e707bd0', '57a15ea9-4955-53aa-a147-707346c0c7ab', 'A2-Audio Assist', 500) on conflict (id) do update set role_name = excluded.role_name, rate = excluded.rate;
insert into public.crew (id, name, city_pool_id, group_name, tier, phone, email, other_city, ob, notes, description) values ('e809a4b3-35b9-5ad9-8a61-b0c671179c07', 'Anthony "AK" Lawrence', '5bb0999e-68bd-5fda-ab25-cea22e980ecc', 'Ungrouped', null, '(419) 464-1474', null, null, false, null, 'GAV, Cam Op, LED Tech') on conflict (id) do update set name = excluded.name, city_pool_id = excluded.city_pool_id, tier = excluded.tier, phone = excluded.phone, email = excluded.email, other_city = excluded.other_city, ob = excluded.ob, notes = excluded.notes, description = excluded.description;
insert into public.crew_positions (id, crew_id, role_name, rate) values ('9d816eaa-4fe0-5764-bde1-c919c4c9daca', 'e809a4b3-35b9-5ad9-8a61-b0c671179c07', 'General AV', 450) on conflict (id) do update set role_name = excluded.role_name, rate = excluded.rate;
insert into public.crew_positions (id, crew_id, role_name, rate) values ('ed026405-664e-5b96-a2eb-20cdec1a208d', 'e809a4b3-35b9-5ad9-8a61-b0c671179c07', 'Camera Operator', 700) on conflict (id) do update set role_name = excluded.role_name, rate = excluded.rate;
insert into public.crew_positions (id, crew_id, role_name, rate) values ('c1a1ec1b-fe02-5dce-96ec-8384cd7e5725', 'e809a4b3-35b9-5ad9-8a61-b0c671179c07', 'LED Assist', 500) on conflict (id) do update set role_name = excluded.role_name, rate = excluded.rate;
insert into public.crew (id, name, city_pool_id, group_name, tier, phone, email, other_city, ob, notes, description) values ('fe6a561c-8bc2-5c0b-84bd-90a3af6cc830', 'Alec Miner', '5bb0999e-68bd-5fda-ab25-cea22e980ecc', 'Ungrouped', '1.0', '(931) 494-0221', null, null, false, null, 'GAV') on conflict (id) do update set name = excluded.name, city_pool_id = excluded.city_pool_id, tier = excluded.tier, phone = excluded.phone, email = excluded.email, other_city = excluded.other_city, ob = excluded.ob, notes = excluded.notes, description = excluded.description;
insert into public.crew_positions (id, crew_id, role_name, rate) values ('a1cdd0fa-ce27-506b-9a9a-92737c5b1ac0', 'fe6a561c-8bc2-5c0b-84bd-90a3af6cc830', 'General AV', 450) on conflict (id) do update set role_name = excluded.role_name, rate = excluded.rate;
insert into public.crew (id, name, city_pool_id, group_name, tier, phone, email, other_city, ob, notes, description) values ('36a941cd-5209-5884-b07b-e5e4e0fb1881', 'Alex Bollinger', '5bb0999e-68bd-5fda-ab25-cea22e980ecc', 'Ungrouped', null, '(615) 347-6688', null, null, false, null, 'GAV') on conflict (id) do update set name = excluded.name, city_pool_id = excluded.city_pool_id, tier = excluded.tier, phone = excluded.phone, email = excluded.email, other_city = excluded.other_city, ob = excluded.ob, notes = excluded.notes, description = excluded.description;
insert into public.crew_positions (id, crew_id, role_name, rate) values ('18cc14a2-9d3d-555c-83f4-a517a95b9707', '36a941cd-5209-5884-b07b-e5e4e0fb1881', 'General AV', 450) on conflict (id) do update set role_name = excluded.role_name, rate = excluded.rate;
insert into public.crew (id, name, city_pool_id, group_name, tier, phone, email, other_city, ob, notes, description) values ('7714baf0-9e73-5b36-955a-c1cbda15e3d9', 'Alex Massingill', '5bb0999e-68bd-5fda-ab25-cea22e980ecc', 'Ungrouped', '1.0', '(734) 660-2004', null, null, false, null, 'GAV, L1/L2') on conflict (id) do update set name = excluded.name, city_pool_id = excluded.city_pool_id, tier = excluded.tier, phone = excluded.phone, email = excluded.email, other_city = excluded.other_city, ob = excluded.ob, notes = excluded.notes, description = excluded.description;
insert into public.crew_positions (id, crew_id, role_name, rate) values ('476d1a0b-b205-5bfe-8130-a3db432cb8c9', '7714baf0-9e73-5b36-955a-c1cbda15e3d9', 'General AV', 450) on conflict (id) do update set role_name = excluded.role_name, rate = excluded.rate;
insert into public.crew_positions (id, crew_id, role_name, rate) values ('667f9712-4c15-5684-b32a-839c3d2e40bd', '7714baf0-9e73-5b36-955a-c1cbda15e3d9', 'LD-Lighting Designer', 700) on conflict (id) do update set role_name = excluded.role_name, rate = excluded.rate;
insert into public.crew_positions (id, crew_id, role_name, rate) values ('126ea7e6-fe3a-5b58-95bb-5000f569a99d', '7714baf0-9e73-5b36-955a-c1cbda15e3d9', 'L2-Lighting Assist', 500) on conflict (id) do update set role_name = excluded.role_name, rate = excluded.rate;
insert into public.crew (id, name, city_pool_id, group_name, tier, phone, email, other_city, ob, notes, description) values ('e0dbe21a-de11-5585-afa7-1b47b381ccb9', 'Alicia Wing', '5bb0999e-68bd-5fda-ab25-cea22e980ecc', 'Ungrouped', '1.0', '(615) 830-6343', 'dkdproductions615@gmail.com', null, false, null, 'LED Tech, Camera op, Graphics op, (owns a labor company)') on conflict (id) do update set name = excluded.name, city_pool_id = excluded.city_pool_id, tier = excluded.tier, phone = excluded.phone, email = excluded.email, other_city = excluded.other_city, ob = excluded.ob, notes = excluded.notes, description = excluded.description;
insert into public.crew_positions (id, crew_id, role_name, rate) values ('998bbb89-b9a4-55ef-871a-4e9d819f9bea', 'e0dbe21a-de11-5585-afa7-1b47b381ccb9', 'LED Assist', 500) on conflict (id) do update set role_name = excluded.role_name, rate = excluded.rate;
insert into public.crew_positions (id, crew_id, role_name, rate) values ('302f3087-6d01-5c2c-bf76-f1e53f27d197', 'e0dbe21a-de11-5585-afa7-1b47b381ccb9', 'Camera Operator', 700) on conflict (id) do update set role_name = excluded.role_name, rate = excluded.rate;
insert into public.crew_positions (id, crew_id, role_name, rate) values ('35227cba-509d-54eb-b340-54eb1f398f12', 'e0dbe21a-de11-5585-afa7-1b47b381ccb9', 'Graphics Operator', 650) on conflict (id) do update set role_name = excluded.role_name, rate = excluded.rate;
insert into public.crew (id, name, city_pool_id, group_name, tier, phone, email, other_city, ob, notes, description) values ('06308127-4de9-5c18-b1b1-483aa1dbe447', 'Andrew Muller', '5bb0999e-68bd-5fda-ab25-cea22e980ecc', 'Ungrouped', '1.0', '(615) 579-3063', 'coliannemuller@gmail.com', null, true, null, 'GAV, Breakout audio, Floater') on conflict (id) do update set name = excluded.name, city_pool_id = excluded.city_pool_id, tier = excluded.tier, phone = excluded.phone, email = excluded.email, other_city = excluded.other_city, ob = excluded.ob, notes = excluded.notes, description = excluded.description;
insert into public.crew_positions (id, crew_id, role_name, rate) values ('ab23ab01-5b91-525d-9c3d-cb5fd64f9125', '06308127-4de9-5c18-b1b1-483aa1dbe447', 'General AV', 450) on conflict (id) do update set role_name = excluded.role_name, rate = excluded.rate;
insert into public.crew_positions (id, crew_id, role_name, rate) values ('7474c558-e417-5f03-aa55-62a627c52a59', '06308127-4de9-5c18-b1b1-483aa1dbe447', 'Breakout Operator', 600) on conflict (id) do update set role_name = excluded.role_name, rate = excluded.rate;
insert into public.crew (id, name, city_pool_id, group_name, tier, phone, email, other_city, ob, notes, description) values ('7e6445d0-81a2-565c-80db-37fe540ea0f6', 'Austin Woodward', '5bb0999e-68bd-5fda-ab25-cea22e980ecc', 'Ungrouped', '1.0', '(404) 625-8447', 'Austinw529@gmail.com', null, true, null, 'V2, Breakout Video, Floater, cam op, LED assist') on conflict (id) do update set name = excluded.name, city_pool_id = excluded.city_pool_id, tier = excluded.tier, phone = excluded.phone, email = excluded.email, other_city = excluded.other_city, ob = excluded.ob, notes = excluded.notes, description = excluded.description;
insert into public.crew_positions (id, crew_id, role_name, rate) values ('cdaf49fb-29bd-57bf-9edd-98e769c962d9', '7e6445d0-81a2-565c-80db-37fe540ea0f6', 'V2-Video Assist', 550) on conflict (id) do update set role_name = excluded.role_name, rate = excluded.rate;
insert into public.crew_positions (id, crew_id, role_name, rate) values ('bb8522c3-6d15-5bab-b3e7-d769dcfb9ca5', '7e6445d0-81a2-565c-80db-37fe540ea0f6', 'Breakout Operator', 600) on conflict (id) do update set role_name = excluded.role_name, rate = excluded.rate;
insert into public.crew_positions (id, crew_id, role_name, rate) values ('8236df2c-0683-503b-bae0-1a7d6f256e10', '7e6445d0-81a2-565c-80db-37fe540ea0f6', 'General AV', 450) on conflict (id) do update set role_name = excluded.role_name, rate = excluded.rate;
insert into public.crew_positions (id, crew_id, role_name, rate) values ('2d7972c7-1ba5-5efa-b697-dab1ba5a64a9', '7e6445d0-81a2-565c-80db-37fe540ea0f6', 'Camera Operator', 700) on conflict (id) do update set role_name = excluded.role_name, rate = excluded.rate;
insert into public.crew_positions (id, crew_id, role_name, rate) values ('609d8187-76ac-53c2-bee9-76abe01c675d', '7e6445d0-81a2-565c-80db-37fe540ea0f6', 'LED Assist', 500) on conflict (id) do update set role_name = excluded.role_name, rate = excluded.rate;
insert into public.crew (id, name, city_pool_id, group_name, tier, phone, email, other_city, ob, notes, description) values ('a700b00d-4e91-5b79-97aa-54b854318918', 'Austin Yowler', '5bb0999e-68bd-5fda-ab25-cea22e980ecc', 'Ungrouped', '1.0', '(859) 630-3161', null, null, false, null, 'Rigger') on conflict (id) do update set name = excluded.name, city_pool_id = excluded.city_pool_id, tier = excluded.tier, phone = excluded.phone, email = excluded.email, other_city = excluded.other_city, ob = excluded.ob, notes = excluded.notes, description = excluded.description;
insert into public.crew_positions (id, crew_id, role_name, rate) values ('a5589c27-e50c-5729-93b2-4e3a1e0410b8', 'a700b00d-4e91-5b79-97aa-54b854318918', 'Down Rigger', 550) on conflict (id) do update set role_name = excluded.role_name, rate = excluded.rate;
insert into public.crew (id, name, city_pool_id, group_name, tier, phone, email, other_city, ob, notes, description) values ('b4506997-f661-5bf3-89d3-1a7e5480368b', 'Ari Eschtruth', '5bb0999e-68bd-5fda-ab25-cea22e980ecc', 'Ungrouped', null, '(774) 270-6823', null, null, true, null, 'A1/A2, RF, V1, GFX OP, BO Tech, Project Manager') on conflict (id) do update set name = excluded.name, city_pool_id = excluded.city_pool_id, tier = excluded.tier, phone = excluded.phone, email = excluded.email, other_city = excluded.other_city, ob = excluded.ob, notes = excluded.notes, description = excluded.description;
insert into public.crew_positions (id, crew_id, role_name, rate) values ('e5a73cfa-8ea0-571b-8e68-d986f9c650d0', 'b4506997-f661-5bf3-89d3-1a7e5480368b', 'A1-Audio Engineer', 700) on conflict (id) do update set role_name = excluded.role_name, rate = excluded.rate;
insert into public.crew_positions (id, crew_id, role_name, rate) values ('00904614-d30c-5c88-8d92-c6506a8a74d2', 'b4506997-f661-5bf3-89d3-1a7e5480368b', 'A2-Audio Assist', 500) on conflict (id) do update set role_name = excluded.role_name, rate = excluded.rate;
insert into public.crew_positions (id, crew_id, role_name, rate) values ('b9c81937-b952-5235-bcf8-5226a12eb62a', 'b4506997-f661-5bf3-89d3-1a7e5480368b', 'V1-Lead Video Engineer', 700) on conflict (id) do update set role_name = excluded.role_name, rate = excluded.rate;
insert into public.crew_positions (id, crew_id, role_name, rate) values ('197d424c-2d49-5042-b5d8-a47bb336e572', 'b4506997-f661-5bf3-89d3-1a7e5480368b', 'Graphics Operator', 650) on conflict (id) do update set role_name = excluded.role_name, rate = excluded.rate;
insert into public.crew_positions (id, crew_id, role_name, rate) values ('7ecd7a4c-f027-5eaa-a040-b6b95bb2edd1', 'b4506997-f661-5bf3-89d3-1a7e5480368b', 'General AV', 450) on conflict (id) do update set role_name = excluded.role_name, rate = excluded.rate;
insert into public.crew_positions (id, crew_id, role_name, rate) values ('7bedbc42-cfac-5e0f-87dd-3e92aa13f772', 'b4506997-f661-5bf3-89d3-1a7e5480368b', 'Crew Lead', 700) on conflict (id) do update set role_name = excluded.role_name, rate = excluded.rate;
insert into public.crew (id, name, city_pool_id, group_name, tier, phone, email, other_city, ob, notes, description) values ('8254c527-45bf-5f3b-bbaa-59e38587ac1e', 'Ayden Gapp', '5bb0999e-68bd-5fda-ab25-cea22e980ecc', 'Ungrouped', null, null, null, null, false, null, 'GAV') on conflict (id) do update set name = excluded.name, city_pool_id = excluded.city_pool_id, tier = excluded.tier, phone = excluded.phone, email = excluded.email, other_city = excluded.other_city, ob = excluded.ob, notes = excluded.notes, description = excluded.description;
insert into public.crew_positions (id, crew_id, role_name, rate) values ('4bdf2cf6-5fe1-53d0-9794-b9c898cfab29', '8254c527-45bf-5f3b-bbaa-59e38587ac1e', 'General AV', 450) on conflict (id) do update set role_name = excluded.role_name, rate = excluded.rate;
insert into public.crew (id, name, city_pool_id, group_name, tier, phone, email, other_city, ob, notes, description) values ('22708242-f4cd-5fa2-8e9d-f1d31f3e8a41', 'Ben Foerg', '5bb0999e-68bd-5fda-ab25-cea22e980ecc', 'Ungrouped', '1.0', '(248) 345-5689', 'benfoerg@gmail.com', null, true, null, 'A1/A2, AVL2, Cam Op, forklift op,LED Tech') on conflict (id) do update set name = excluded.name, city_pool_id = excluded.city_pool_id, tier = excluded.tier, phone = excluded.phone, email = excluded.email, other_city = excluded.other_city, ob = excluded.ob, notes = excluded.notes, description = excluded.description;
insert into public.crew_positions (id, crew_id, role_name, rate) values ('487a7a06-1977-587c-b3b6-cfd3ee97a107', '22708242-f4cd-5fa2-8e9d-f1d31f3e8a41', 'A1-Audio Engineer', 700) on conflict (id) do update set role_name = excluded.role_name, rate = excluded.rate;
insert into public.crew_positions (id, crew_id, role_name, rate) values ('1f7182c2-39d0-5bce-831f-a3a6221d995b', '22708242-f4cd-5fa2-8e9d-f1d31f3e8a41', 'A2-Audio Assist', 500) on conflict (id) do update set role_name = excluded.role_name, rate = excluded.rate;
insert into public.crew_positions (id, crew_id, role_name, rate) values ('e3798c53-8bcc-5cf7-a6d2-f052c274c7b0', '22708242-f4cd-5fa2-8e9d-f1d31f3e8a41', 'L2-Lighting Assist', 500) on conflict (id) do update set role_name = excluded.role_name, rate = excluded.rate;
insert into public.crew_positions (id, crew_id, role_name, rate) values ('13f46505-cf1e-54ad-8096-b8f212e29d5a', '22708242-f4cd-5fa2-8e9d-f1d31f3e8a41', 'Camera Operator', 700) on conflict (id) do update set role_name = excluded.role_name, rate = excluded.rate;
insert into public.crew_positions (id, crew_id, role_name, rate) values ('76ae1df7-b0da-5e0a-8c82-957087d1725c', '22708242-f4cd-5fa2-8e9d-f1d31f3e8a41', 'LED Assist', 500) on conflict (id) do update set role_name = excluded.role_name, rate = excluded.rate;
insert into public.crew (id, name, city_pool_id, group_name, tier, phone, email, other_city, ob, notes, description) values ('8685bc92-fa59-5a3c-94cc-c5c3e799e052', 'Ben Larcholey', '5bb0999e-68bd-5fda-ab25-cea22e980ecc', 'Ungrouped', '1.0', '(615) 927-8302', 'bosseassociation@gmail.com', null, false, null, 'Camera Op, Floater, GAV, Fork OP, V1') on conflict (id) do update set name = excluded.name, city_pool_id = excluded.city_pool_id, tier = excluded.tier, phone = excluded.phone, email = excluded.email, other_city = excluded.other_city, ob = excluded.ob, notes = excluded.notes, description = excluded.description;
insert into public.crew_positions (id, crew_id, role_name, rate) values ('3f57027c-681e-5ca1-9e92-ced9cc017dc9', '8685bc92-fa59-5a3c-94cc-c5c3e799e052', 'Camera Operator', 700) on conflict (id) do update set role_name = excluded.role_name, rate = excluded.rate;
insert into public.crew_positions (id, crew_id, role_name, rate) values ('45fcf47d-0f95-52fa-bc1d-a3f36e7573f5', '8685bc92-fa59-5a3c-94cc-c5c3e799e052', 'General AV', 450) on conflict (id) do update set role_name = excluded.role_name, rate = excluded.rate;
insert into public.crew_positions (id, crew_id, role_name, rate) values ('8eaa8ad1-71f7-5403-ad0d-57ee98221946', '8685bc92-fa59-5a3c-94cc-c5c3e799e052', 'V1-Lead Video Engineer', 700) on conflict (id) do update set role_name = excluded.role_name, rate = excluded.rate;
insert into public.crew (id, name, city_pool_id, group_name, tier, phone, email, other_city, ob, notes, description) values ('9423e1eb-c347-5a67-b44c-f5a12d588c7b', 'Brandon Eddy', '5bb0999e-68bd-5fda-ab25-cea22e980ecc', 'Ungrouped', '1.0', '(615) 939-1341', null, null, false, null, 'V2, Breakout video, Floater, GAV') on conflict (id) do update set name = excluded.name, city_pool_id = excluded.city_pool_id, tier = excluded.tier, phone = excluded.phone, email = excluded.email, other_city = excluded.other_city, ob = excluded.ob, notes = excluded.notes, description = excluded.description;
insert into public.crew_positions (id, crew_id, role_name, rate) values ('ec77aca8-9712-5784-a678-20d006884b09', '9423e1eb-c347-5a67-b44c-f5a12d588c7b', 'V2-Video Assist', 550) on conflict (id) do update set role_name = excluded.role_name, rate = excluded.rate;
insert into public.crew_positions (id, crew_id, role_name, rate) values ('f005f400-66f5-5c07-b15c-5975f82f6754', '9423e1eb-c347-5a67-b44c-f5a12d588c7b', 'Breakout Operator', 600) on conflict (id) do update set role_name = excluded.role_name, rate = excluded.rate;
insert into public.crew_positions (id, crew_id, role_name, rate) values ('67d72773-6a90-5551-b9c0-95cc4c40e568', '9423e1eb-c347-5a67-b44c-f5a12d588c7b', 'General AV', 450) on conflict (id) do update set role_name = excluded.role_name, rate = excluded.rate;
insert into public.crew (id, name, city_pool_id, group_name, tier, phone, email, other_city, ob, notes, description) values ('fde0fd4b-fb5a-5872-9154-b6ede709f7ac', 'Brad Suennen', '5bb0999e-68bd-5fda-ab25-cea22e980ecc', 'Ungrouped', null, null, null, null, false, null, null) on conflict (id) do update set name = excluded.name, city_pool_id = excluded.city_pool_id, tier = excluded.tier, phone = excluded.phone, email = excluded.email, other_city = excluded.other_city, ob = excluded.ob, notes = excluded.notes, description = excluded.description;
insert into public.crew_positions (id, crew_id, role_name, rate) values ('9626faba-853a-5dc3-933c-e8a349d24e25', 'fde0fd4b-fb5a-5872-9154-b6ede709f7ac', 'General AV', 450) on conflict (id) do update set role_name = excluded.role_name, rate = excluded.rate;
insert into public.crew (id, name, city_pool_id, group_name, tier, phone, email, other_city, ob, notes, description) values ('3a15a8db-a267-57cc-98aa-d84eed08e6a9', 'Brian Threlkeld', '5bb0999e-68bd-5fda-ab25-cea22e980ecc', 'Ungrouped', null, '(615) 210-1341', null, null, false, null, null) on conflict (id) do update set name = excluded.name, city_pool_id = excluded.city_pool_id, tier = excluded.tier, phone = excluded.phone, email = excluded.email, other_city = excluded.other_city, ob = excluded.ob, notes = excluded.notes, description = excluded.description;
insert into public.crew_positions (id, crew_id, role_name, rate) values ('2f68508d-07e1-583f-8fbf-4b666e7d04d0', '3a15a8db-a267-57cc-98aa-d84eed08e6a9', 'General AV', 450) on conflict (id) do update set role_name = excluded.role_name, rate = excluded.rate;
insert into public.crew (id, name, city_pool_id, group_name, tier, phone, email, other_city, ob, notes, description) values ('bca09bd4-c718-5f71-a8cd-b5f883d7c285', 'Britton Vanlandingham', '5bb0999e-68bd-5fda-ab25-cea22e980ecc', 'Ungrouped', null, '(918) 685- 1867', 'brittonvanlandingham@gmail.com', null, true, 'Capabilities: I am proficient on M32/x32 audio console, onyx lighting boards, long lense/ short lense cameras.', 'GAV, BO, Crew Lead, Down Rigger, Fly Rail Tech, Cam Op, Spotlight, Forklift and scissor list certified') on conflict (id) do update set name = excluded.name, city_pool_id = excluded.city_pool_id, tier = excluded.tier, phone = excluded.phone, email = excluded.email, other_city = excluded.other_city, ob = excluded.ob, notes = excluded.notes, description = excluded.description;
insert into public.crew_positions (id, crew_id, role_name, rate) values ('90f366f7-980d-57a2-a738-81d6350e3c81', 'bca09bd4-c718-5f71-a8cd-b5f883d7c285', 'General AV', 450) on conflict (id) do update set role_name = excluded.role_name, rate = excluded.rate;
insert into public.crew_positions (id, crew_id, role_name, rate) values ('a119b4db-54b6-595d-8de5-15a48a826e56', 'bca09bd4-c718-5f71-a8cd-b5f883d7c285', 'Breakout Operator', 600) on conflict (id) do update set role_name = excluded.role_name, rate = excluded.rate;
insert into public.crew_positions (id, crew_id, role_name, rate) values ('0ab11076-b9df-5771-9912-95f60aaa21fc', 'bca09bd4-c718-5f71-a8cd-b5f883d7c285', 'Crew Lead', 700) on conflict (id) do update set role_name = excluded.role_name, rate = excluded.rate;
insert into public.crew_positions (id, crew_id, role_name, rate) values ('8cd29da4-cbc4-523c-bed6-c39809b18947', 'bca09bd4-c718-5f71-a8cd-b5f883d7c285', 'Down Rigger', 550) on conflict (id) do update set role_name = excluded.role_name, rate = excluded.rate;
insert into public.crew_positions (id, crew_id, role_name, rate) values ('c29bcf0b-d7b4-5c76-9ab1-945e60fc3775', 'bca09bd4-c718-5f71-a8cd-b5f883d7c285', 'Camera Operator', 700) on conflict (id) do update set role_name = excluded.role_name, rate = excluded.rate;
insert into public.crew (id, name, city_pool_id, group_name, tier, phone, email, other_city, ob, notes, description) values ('fe7cc359-1791-5c0a-8dc3-1a1b40579551', 'Callon Nanny', '5bb0999e-68bd-5fda-ab25-cea22e980ecc', 'Ungrouped', '1.0', '(270) 705-7072', null, null, false, null, 'GAV, Floater') on conflict (id) do update set name = excluded.name, city_pool_id = excluded.city_pool_id, tier = excluded.tier, phone = excluded.phone, email = excluded.email, other_city = excluded.other_city, ob = excluded.ob, notes = excluded.notes, description = excluded.description;
insert into public.crew_positions (id, crew_id, role_name, rate) values ('a265721b-de6c-5dba-b061-515c0a6c78eb', 'fe7cc359-1791-5c0a-8dc3-1a1b40579551', 'General AV', 450) on conflict (id) do update set role_name = excluded.role_name, rate = excluded.rate;
insert into public.crew (id, name, city_pool_id, group_name, tier, phone, email, other_city, ob, notes, description) values ('fafaa51c-3ebb-503d-91f4-70bf5ea9b4e1', 'Charlie Watkins', '5bb0999e-68bd-5fda-ab25-cea22e980ecc', 'Ungrouped', '1.0', '(615) 306-9080', null, null, false, null, 'GAV, Floater') on conflict (id) do update set name = excluded.name, city_pool_id = excluded.city_pool_id, tier = excluded.tier, phone = excluded.phone, email = excluded.email, other_city = excluded.other_city, ob = excluded.ob, notes = excluded.notes, description = excluded.description;
insert into public.crew_positions (id, crew_id, role_name, rate) values ('9b18350f-0f36-5887-b524-1900f7091161', 'fafaa51c-3ebb-503d-91f4-70bf5ea9b4e1', 'General AV', 450) on conflict (id) do update set role_name = excluded.role_name, rate = excluded.rate;
insert into public.crew (id, name, city_pool_id, group_name, tier, phone, email, other_city, ob, notes, description) values ('1baf2412-1933-52f0-9dc6-b2e87f747ef7', 'Chase Holyfield', '5bb0999e-68bd-5fda-ab25-cea22e980ecc', 'Ungrouped', '1.0', '(434) 333-8960', null, null, false, null, 'A1') on conflict (id) do update set name = excluded.name, city_pool_id = excluded.city_pool_id, tier = excluded.tier, phone = excluded.phone, email = excluded.email, other_city = excluded.other_city, ob = excluded.ob, notes = excluded.notes, description = excluded.description;
insert into public.crew_positions (id, crew_id, role_name, rate) values ('2de15ffb-1cf0-5f51-9fde-255a4411196a', '1baf2412-1933-52f0-9dc6-b2e87f747ef7', 'A1-Audio Engineer', 700) on conflict (id) do update set role_name = excluded.role_name, rate = excluded.rate;
insert into public.crew (id, name, city_pool_id, group_name, tier, phone, email, other_city, ob, notes, description) values ('36ae47ee-19fd-57e6-aa63-449e41fdb3d9', 'Chris DuPont', '5bb0999e-68bd-5fda-ab25-cea22e980ecc', 'Ungrouped', null, '(828) 200-4271', null, null, false, null, 'GAV') on conflict (id) do update set name = excluded.name, city_pool_id = excluded.city_pool_id, tier = excluded.tier, phone = excluded.phone, email = excluded.email, other_city = excluded.other_city, ob = excluded.ob, notes = excluded.notes, description = excluded.description;
insert into public.crew_positions (id, crew_id, role_name, rate) values ('02dd82fe-01ae-537d-bdf4-ed48f5e3413b', '36ae47ee-19fd-57e6-aa63-449e41fdb3d9', 'General AV', 450) on conflict (id) do update set role_name = excluded.role_name, rate = excluded.rate;
insert into public.crew (id, name, city_pool_id, group_name, tier, phone, email, other_city, ob, notes, description) values ('fd2219e1-f2b4-50fc-9ee5-fd8bbcedf49f', 'Chris Hrinda', '5bb0999e-68bd-5fda-ab25-cea22e980ecc', 'Ungrouped', '1.0', '(629) 335-2174', 'xclue.booking@gmail.com', null, false, null, 'GAV, Floater, Breakout audio, "A1"') on conflict (id) do update set name = excluded.name, city_pool_id = excluded.city_pool_id, tier = excluded.tier, phone = excluded.phone, email = excluded.email, other_city = excluded.other_city, ob = excluded.ob, notes = excluded.notes, description = excluded.description;
insert into public.crew_positions (id, crew_id, role_name, rate) values ('69b76821-5760-56c6-9fd8-8ebfecf4b566', 'fd2219e1-f2b4-50fc-9ee5-fd8bbcedf49f', 'General AV', 450) on conflict (id) do update set role_name = excluded.role_name, rate = excluded.rate;
insert into public.crew_positions (id, crew_id, role_name, rate) values ('ed5fb3cd-776b-5f6a-a220-b29958ad9d69', 'fd2219e1-f2b4-50fc-9ee5-fd8bbcedf49f', 'Breakout Operator', 600) on conflict (id) do update set role_name = excluded.role_name, rate = excluded.rate;
insert into public.crew_positions (id, crew_id, role_name, rate) values ('68ee2f31-8460-5c82-9764-7f8bf4b25cbc', 'fd2219e1-f2b4-50fc-9ee5-fd8bbcedf49f', 'A1-Audio Engineer', 700) on conflict (id) do update set role_name = excluded.role_name, rate = excluded.rate;
insert into public.crew (id, name, city_pool_id, group_name, tier, phone, email, other_city, ob, notes, description) values ('11bd355c-7396-5583-bbad-51a8577d2d94', 'Chris Molter', '5bb0999e-68bd-5fda-ab25-cea22e980ecc', 'Ungrouped', '1.0', '(615) 887-0778', null, null, false, null, 'Camera Op, GAV') on conflict (id) do update set name = excluded.name, city_pool_id = excluded.city_pool_id, tier = excluded.tier, phone = excluded.phone, email = excluded.email, other_city = excluded.other_city, ob = excluded.ob, notes = excluded.notes, description = excluded.description;
insert into public.crew_positions (id, crew_id, role_name, rate) values ('207358bd-aba3-523f-900f-b4576ab8857d', '11bd355c-7396-5583-bbad-51a8577d2d94', 'Camera Operator', 700) on conflict (id) do update set role_name = excluded.role_name, rate = excluded.rate;
insert into public.crew_positions (id, crew_id, role_name, rate) values ('4eca1b5e-ba1c-5e56-ae4e-1dfafc0c73af', '11bd355c-7396-5583-bbad-51a8577d2d94', 'General AV', 450) on conflict (id) do update set role_name = excluded.role_name, rate = excluded.rate;
insert into public.crew (id, name, city_pool_id, group_name, tier, phone, email, other_city, ob, notes, description) values ('939b10e0-f906-5166-85de-9a14c0074589', 'Clay Smith', '5bb0999e-68bd-5fda-ab25-cea22e980ecc', 'Ungrouped', '1.0', '(504) 205-7130', 'cras.nola@gmail.com', null, true, null, 'A1, A2, L2, BO float (from New Orleans, lives here now)') on conflict (id) do update set name = excluded.name, city_pool_id = excluded.city_pool_id, tier = excluded.tier, phone = excluded.phone, email = excluded.email, other_city = excluded.other_city, ob = excluded.ob, notes = excluded.notes, description = excluded.description;
insert into public.crew_positions (id, crew_id, role_name, rate) values ('32d9718b-6f34-52ee-ac7c-3153b2473dce', '939b10e0-f906-5166-85de-9a14c0074589', 'A1-Audio Engineer', 700) on conflict (id) do update set role_name = excluded.role_name, rate = excluded.rate;
insert into public.crew_positions (id, crew_id, role_name, rate) values ('d1240291-a733-526b-9786-e2dc48fd57f7', '939b10e0-f906-5166-85de-9a14c0074589', 'A2-Audio Assist', 500) on conflict (id) do update set role_name = excluded.role_name, rate = excluded.rate;
insert into public.crew_positions (id, crew_id, role_name, rate) values ('e3bbb5fa-09db-5f77-ac6e-33ac6d74daed', '939b10e0-f906-5166-85de-9a14c0074589', 'L2-Lighting Assist', 500) on conflict (id) do update set role_name = excluded.role_name, rate = excluded.rate;
insert into public.crew_positions (id, crew_id, role_name, rate) values ('43d53ced-b363-5e1e-af25-4f9191e852dd', '939b10e0-f906-5166-85de-9a14c0074589', 'Breakout Operator', 600) on conflict (id) do update set role_name = excluded.role_name, rate = excluded.rate;
insert into public.crew (id, name, city_pool_id, group_name, tier, phone, email, other_city, ob, notes, description) values ('e7edad21-0fc3-59f5-ad76-6cf88a87eeef', 'Cody McDonald', '5bb0999e-68bd-5fda-ab25-cea22e980ecc', 'Ungrouped', '1.0', '(561) 628-1997', 'Codymacishere@gmail.com', null, false, null, 'GAV, LED assist') on conflict (id) do update set name = excluded.name, city_pool_id = excluded.city_pool_id, tier = excluded.tier, phone = excluded.phone, email = excluded.email, other_city = excluded.other_city, ob = excluded.ob, notes = excluded.notes, description = excluded.description;
insert into public.crew_positions (id, crew_id, role_name, rate) values ('06522a0f-151a-5a5c-9b87-0ad024c813f9', 'e7edad21-0fc3-59f5-ad76-6cf88a87eeef', 'General AV', 450) on conflict (id) do update set role_name = excluded.role_name, rate = excluded.rate;
insert into public.crew_positions (id, crew_id, role_name, rate) values ('07e578b9-cefc-5be7-924b-f70154ba5d5a', 'e7edad21-0fc3-59f5-ad76-6cf88a87eeef', 'LED Assist', 500) on conflict (id) do update set role_name = excluded.role_name, rate = excluded.rate;
insert into public.crew (id, name, city_pool_id, group_name, tier, phone, email, other_city, ob, notes, description) values ('51559d08-cb2d-537b-bd1a-c585f4f94578', 'Henry "Collin" Cantrell', '5bb0999e-68bd-5fda-ab25-cea22e980ecc', 'Ungrouped', '1.0', '(318) 820-6872', 'Hencan993@gmail.com', null, false, null, 'GAV, AVL2, LED assist, BO op (audio), exhibits') on conflict (id) do update set name = excluded.name, city_pool_id = excluded.city_pool_id, tier = excluded.tier, phone = excluded.phone, email = excluded.email, other_city = excluded.other_city, ob = excluded.ob, notes = excluded.notes, description = excluded.description;
insert into public.crew_positions (id, crew_id, role_name, rate) values ('e1804e59-b58c-5847-8e59-b430994db667', '51559d08-cb2d-537b-bd1a-c585f4f94578', 'General AV', 450) on conflict (id) do update set role_name = excluded.role_name, rate = excluded.rate;
insert into public.crew_positions (id, crew_id, role_name, rate) values ('1217ce54-01ea-5677-9207-0c5fe7cdebd0', '51559d08-cb2d-537b-bd1a-c585f4f94578', 'L2-Lighting Assist', 500) on conflict (id) do update set role_name = excluded.role_name, rate = excluded.rate;
insert into public.crew_positions (id, crew_id, role_name, rate) values ('3f90ff71-b0b6-5b75-82b7-b6d54fd48734', '51559d08-cb2d-537b-bd1a-c585f4f94578', 'LED Assist', 500) on conflict (id) do update set role_name = excluded.role_name, rate = excluded.rate;
insert into public.crew_positions (id, crew_id, role_name, rate) values ('b055cc07-5cc0-519f-a4ee-ec7dce354c57', '51559d08-cb2d-537b-bd1a-c585f4f94578', 'Breakout Operator', 600) on conflict (id) do update set role_name = excluded.role_name, rate = excluded.rate;
insert into public.crew (id, name, city_pool_id, group_name, tier, phone, email, other_city, ob, notes, description) values ('346b6b86-6d14-5258-a8f7-3efadd29985b', 'Cooper Agresta', '5bb0999e-68bd-5fda-ab25-cea22e980ecc', 'Ungrouped', null, '(203) 725-4537', 'coopagrestapersonal@gmail.com', null, false, null, 'GAV') on conflict (id) do update set name = excluded.name, city_pool_id = excluded.city_pool_id, tier = excluded.tier, phone = excluded.phone, email = excluded.email, other_city = excluded.other_city, ob = excluded.ob, notes = excluded.notes, description = excluded.description;
insert into public.crew_positions (id, crew_id, role_name, rate) values ('9a2054e3-357d-53ba-b229-397dc994c0f5', '346b6b86-6d14-5258-a8f7-3efadd29985b', 'General AV', 450) on conflict (id) do update set role_name = excluded.role_name, rate = excluded.rate;
insert into public.crew (id, name, city_pool_id, group_name, tier, phone, email, other_city, ob, notes, description) values ('7c83befe-195c-50d1-9af7-8d4186704226', 'Cory Mayo', '5bb0999e-68bd-5fda-ab25-cea22e980ecc', 'Ungrouped', '1.0', '(629) 292-6344', 'sun7songs@gmail.com', null, false, null, 'GAV') on conflict (id) do update set name = excluded.name, city_pool_id = excluded.city_pool_id, tier = excluded.tier, phone = excluded.phone, email = excluded.email, other_city = excluded.other_city, ob = excluded.ob, notes = excluded.notes, description = excluded.description;
insert into public.crew_positions (id, crew_id, role_name, rate) values ('e04d3f4c-b7ee-5335-b7b3-bc2d6501d372', '7c83befe-195c-50d1-9af7-8d4186704226', 'General AV', 450) on conflict (id) do update set role_name = excluded.role_name, rate = excluded.rate;
insert into public.crew (id, name, city_pool_id, group_name, tier, phone, email, other_city, ob, notes, description) values ('5f0fbfa1-5cc2-5cb2-82f9-d624e4ada73e', 'Daniel Fox', '5bb0999e-68bd-5fda-ab25-cea22e980ecc', 'Ungrouped', null, '(614) 915-4525', 'Danfox14@gmail.com', null, false, null, 'GAV A2, L2, LED assist, breakouts, scenic') on conflict (id) do update set name = excluded.name, city_pool_id = excluded.city_pool_id, tier = excluded.tier, phone = excluded.phone, email = excluded.email, other_city = excluded.other_city, ob = excluded.ob, notes = excluded.notes, description = excluded.description;
insert into public.crew_positions (id, crew_id, role_name, rate) values ('de6414d5-3d14-5ea3-9bf4-59a37a550944', '5f0fbfa1-5cc2-5cb2-82f9-d624e4ada73e', 'General AV', 450) on conflict (id) do update set role_name = excluded.role_name, rate = excluded.rate;
insert into public.crew_positions (id, crew_id, role_name, rate) values ('395613d4-5277-515a-946a-910c4d62f9be', '5f0fbfa1-5cc2-5cb2-82f9-d624e4ada73e', 'L2-Lighting Assist', 500) on conflict (id) do update set role_name = excluded.role_name, rate = excluded.rate;
insert into public.crew_positions (id, crew_id, role_name, rate) values ('408d016a-f25c-5c30-99bd-ae3a9aa47331', '5f0fbfa1-5cc2-5cb2-82f9-d624e4ada73e', 'LED Assist', 500) on conflict (id) do update set role_name = excluded.role_name, rate = excluded.rate;
insert into public.crew_positions (id, crew_id, role_name, rate) values ('32538339-2106-5631-80f6-3d25564975d4', '5f0fbfa1-5cc2-5cb2-82f9-d624e4ada73e', 'Stagehand', 400) on conflict (id) do update set role_name = excluded.role_name, rate = excluded.rate;
insert into public.crew (id, name, city_pool_id, group_name, tier, phone, email, other_city, ob, notes, description) values ('a73df343-cfb6-5307-ba15-83b0f5a4bae3', 'Destiny Meyer', '5bb0999e-68bd-5fda-ab25-cea22e980ecc', 'Ungrouped', null, null, null, null, false, null, 'GAV') on conflict (id) do update set name = excluded.name, city_pool_id = excluded.city_pool_id, tier = excluded.tier, phone = excluded.phone, email = excluded.email, other_city = excluded.other_city, ob = excluded.ob, notes = excluded.notes, description = excluded.description;
insert into public.crew_positions (id, crew_id, role_name, rate) values ('4641f052-f006-55ec-b26f-79ee626b4104', 'a73df343-cfb6-5307-ba15-83b0f5a4bae3', 'General AV', 450) on conflict (id) do update set role_name = excluded.role_name, rate = excluded.rate;
insert into public.crew (id, name, city_pool_id, group_name, tier, phone, email, other_city, ob, notes, description) values ('ac1210bc-2e64-538d-ac4e-ae8c64cdaf71', 'Dustin Weber', '5bb0999e-68bd-5fda-ab25-cea22e980ecc', 'Ungrouped', null, '(850) 428-3286', 'Dustinflair@live.com', null, false, 'Notes: Hes out of town', 'GAV') on conflict (id) do update set name = excluded.name, city_pool_id = excluded.city_pool_id, tier = excluded.tier, phone = excluded.phone, email = excluded.email, other_city = excluded.other_city, ob = excluded.ob, notes = excluded.notes, description = excluded.description;
insert into public.crew_positions (id, crew_id, role_name, rate) values ('6289ff48-193e-5709-a644-f4781804dc80', 'ac1210bc-2e64-538d-ac4e-ae8c64cdaf71', 'General AV', 450) on conflict (id) do update set role_name = excluded.role_name, rate = excluded.rate;
insert into public.crew (id, name, city_pool_id, group_name, tier, phone, email, other_city, ob, notes, description) values ('fbcb181a-70dd-5d91-820b-912d750a05ad', 'Elaina Nolan', '5bb0999e-68bd-5fda-ab25-cea22e980ecc', 'Ungrouped', null, null, null, null, false, null, 'GAV') on conflict (id) do update set name = excluded.name, city_pool_id = excluded.city_pool_id, tier = excluded.tier, phone = excluded.phone, email = excluded.email, other_city = excluded.other_city, ob = excluded.ob, notes = excluded.notes, description = excluded.description;
insert into public.crew_positions (id, crew_id, role_name, rate) values ('b9cd1126-a34e-5d35-9281-82e37a2da60e', 'fbcb181a-70dd-5d91-820b-912d750a05ad', 'General AV', 450) on conflict (id) do update set role_name = excluded.role_name, rate = excluded.rate;
insert into public.crew (id, name, city_pool_id, group_name, tier, phone, email, other_city, ob, notes, description) values ('d6c71e0e-2c6f-583c-9ee7-6accd2b5dad6', 'Emma Sharp', '5bb0999e-68bd-5fda-ab25-cea22e980ecc', 'Ungrouped', null, null, null, null, false, null, 'GAV') on conflict (id) do update set name = excluded.name, city_pool_id = excluded.city_pool_id, tier = excluded.tier, phone = excluded.phone, email = excluded.email, other_city = excluded.other_city, ob = excluded.ob, notes = excluded.notes, description = excluded.description;
insert into public.crew_positions (id, crew_id, role_name, rate) values ('ced03063-de0d-5278-9cae-1eee6de26051', 'd6c71e0e-2c6f-583c-9ee7-6accd2b5dad6', 'General AV', 450) on conflict (id) do update set role_name = excluded.role_name, rate = excluded.rate;
insert into public.crew (id, name, city_pool_id, group_name, tier, phone, email, other_city, ob, notes, description) values ('c8b90e98-c2b1-551d-955c-b913e0cc6e02', 'Eric Cunningham', '5bb0999e-68bd-5fda-ab25-cea22e980ecc', 'Ungrouped', '1.0', '(615) 838-5688', 'elfenshow@gmail.com', null, false, null, 'GAV, Cam Op, V2, A2, V1, FoH') on conflict (id) do update set name = excluded.name, city_pool_id = excluded.city_pool_id, tier = excluded.tier, phone = excluded.phone, email = excluded.email, other_city = excluded.other_city, ob = excluded.ob, notes = excluded.notes, description = excluded.description;
insert into public.crew_positions (id, crew_id, role_name, rate) values ('ea11d992-3fa3-5126-b75c-3af5e475bb26', 'c8b90e98-c2b1-551d-955c-b913e0cc6e02', 'General AV', 450) on conflict (id) do update set role_name = excluded.role_name, rate = excluded.rate;
insert into public.crew_positions (id, crew_id, role_name, rate) values ('251ed4f4-22a2-5428-aaed-439a54a46926', 'c8b90e98-c2b1-551d-955c-b913e0cc6e02', 'Camera Operator', 700) on conflict (id) do update set role_name = excluded.role_name, rate = excluded.rate;
insert into public.crew_positions (id, crew_id, role_name, rate) values ('cfa030b0-f6c4-5877-a619-bbb4085a6f58', 'c8b90e98-c2b1-551d-955c-b913e0cc6e02', 'V2-Video Assist', 550) on conflict (id) do update set role_name = excluded.role_name, rate = excluded.rate;
insert into public.crew_positions (id, crew_id, role_name, rate) values ('355c4c58-4161-538c-a029-2e3b8688b24c', 'c8b90e98-c2b1-551d-955c-b913e0cc6e02', 'A2-Audio Assist', 500) on conflict (id) do update set role_name = excluded.role_name, rate = excluded.rate;
insert into public.crew_positions (id, crew_id, role_name, rate) values ('9a8d8e01-8968-5d7c-9068-6f093ba5634a', 'c8b90e98-c2b1-551d-955c-b913e0cc6e02', 'V1-Lead Video Engineer', 700) on conflict (id) do update set role_name = excluded.role_name, rate = excluded.rate;
insert into public.crew (id, name, city_pool_id, group_name, tier, phone, email, other_city, ob, notes, description) values ('f3e36212-25b1-505a-8a43-30bc18782058', 'Eric Pittarelli', '5bb0999e-68bd-5fda-ab25-cea22e980ecc', 'Ungrouped', '1.0', '(808) 283-2808', null, null, false, null, 'GAV') on conflict (id) do update set name = excluded.name, city_pool_id = excluded.city_pool_id, tier = excluded.tier, phone = excluded.phone, email = excluded.email, other_city = excluded.other_city, ob = excluded.ob, notes = excluded.notes, description = excluded.description;
insert into public.crew_positions (id, crew_id, role_name, rate) values ('b6810fbd-ef0b-5104-a463-5a1328f87853', 'f3e36212-25b1-505a-8a43-30bc18782058', 'General AV', 450) on conflict (id) do update set role_name = excluded.role_name, rate = excluded.rate;
insert into public.crew (id, name, city_pool_id, group_name, tier, phone, email, other_city, ob, notes, description) values ('8b4478a2-9a65-5d58-a8d5-1d9177198ce5', 'Erica Barnes', '5bb0999e-68bd-5fda-ab25-cea22e980ecc', 'Ungrouped', '1.0', '(765) 274-8118', 'erica.barnes.career@gmail.com', null, false, null, 'GAVL, Crew Lead, BO OP, Floater (a good leader)') on conflict (id) do update set name = excluded.name, city_pool_id = excluded.city_pool_id, tier = excluded.tier, phone = excluded.phone, email = excluded.email, other_city = excluded.other_city, ob = excluded.ob, notes = excluded.notes, description = excluded.description;
insert into public.crew_positions (id, crew_id, role_name, rate) values ('489cbd9d-7740-58a4-9243-92c8725fc472', '8b4478a2-9a65-5d58-a8d5-1d9177198ce5', 'Crew Lead', 700) on conflict (id) do update set role_name = excluded.role_name, rate = excluded.rate;
insert into public.crew_positions (id, crew_id, role_name, rate) values ('e52f63f7-b444-53ba-87a3-d9cae2c29cd4', '8b4478a2-9a65-5d58-a8d5-1d9177198ce5', 'Breakout Operator', 600) on conflict (id) do update set role_name = excluded.role_name, rate = excluded.rate;
insert into public.crew_positions (id, crew_id, role_name, rate) values ('a92cc560-8c92-5fc2-8926-e83ee54aaa58', '8b4478a2-9a65-5d58-a8d5-1d9177198ce5', 'General AV', 450) on conflict (id) do update set role_name = excluded.role_name, rate = excluded.rate;
insert into public.crew (id, name, city_pool_id, group_name, tier, phone, email, other_city, ob, notes, description) values ('4309847c-bb37-5f90-9e9b-5c23fd27b6e4', 'Gavin Culwell', '5bb0999e-68bd-5fda-ab25-cea22e980ecc', 'Ungrouped', '1.0', '(615) 400-4190', 'gavinculwell898@gmail.com', null, false, null, 'GAV, LED assist') on conflict (id) do update set name = excluded.name, city_pool_id = excluded.city_pool_id, tier = excluded.tier, phone = excluded.phone, email = excluded.email, other_city = excluded.other_city, ob = excluded.ob, notes = excluded.notes, description = excluded.description;
insert into public.crew_positions (id, crew_id, role_name, rate) values ('cd54621f-33ce-5eaa-ade5-35ad0bd68ced', '4309847c-bb37-5f90-9e9b-5c23fd27b6e4', 'General AV', 450) on conflict (id) do update set role_name = excluded.role_name, rate = excluded.rate;
insert into public.crew_positions (id, crew_id, role_name, rate) values ('1edd1e4c-84f2-5bc7-8f0d-0587b6a3fb5b', '4309847c-bb37-5f90-9e9b-5c23fd27b6e4', 'LED Assist', 500) on conflict (id) do update set role_name = excluded.role_name, rate = excluded.rate;
insert into public.crew (id, name, city_pool_id, group_name, tier, phone, email, other_city, ob, notes, description) values ('222d253e-8b06-5de0-9c3f-9755d9fe4ba4', 'Greg Dorris', '5bb0999e-68bd-5fda-ab25-cea22e980ecc', 'Ungrouped', null, '(615) 977-3408', null, null, false, null, 'GAV') on conflict (id) do update set name = excluded.name, city_pool_id = excluded.city_pool_id, tier = excluded.tier, phone = excluded.phone, email = excluded.email, other_city = excluded.other_city, ob = excluded.ob, notes = excluded.notes, description = excluded.description;
insert into public.crew_positions (id, crew_id, role_name, rate) values ('38475728-f929-5300-b654-2d523cb85919', '222d253e-8b06-5de0-9c3f-9755d9fe4ba4', 'General AV', 450) on conflict (id) do update set role_name = excluded.role_name, rate = excluded.rate;
insert into public.crew (id, name, city_pool_id, group_name, tier, phone, email, other_city, ob, notes, description) values ('ead57883-8f6d-5dd3-81e5-f76326941136', 'Greg Gately', '5bb0999e-68bd-5fda-ab25-cea22e980ecc', 'Ungrouped', '1.0', '(310) 562-7139', 'greggateley@gmail.com', null, true, null, 'GAV, Breakout Op, Floater, Playback, Record Op') on conflict (id) do update set name = excluded.name, city_pool_id = excluded.city_pool_id, tier = excluded.tier, phone = excluded.phone, email = excluded.email, other_city = excluded.other_city, ob = excluded.ob, notes = excluded.notes, description = excluded.description;
insert into public.crew_positions (id, crew_id, role_name, rate) values ('2081a2c1-3506-5f1c-83e5-1e345ec031ba', 'ead57883-8f6d-5dd3-81e5-f76326941136', 'General AV', 450) on conflict (id) do update set role_name = excluded.role_name, rate = excluded.rate;
insert into public.crew_positions (id, crew_id, role_name, rate) values ('7f265fe6-cb47-54da-afda-f71c22ee39c1', 'ead57883-8f6d-5dd3-81e5-f76326941136', 'Breakout Operator', 600) on conflict (id) do update set role_name = excluded.role_name, rate = excluded.rate;
insert into public.crew (id, name, city_pool_id, group_name, tier, phone, email, other_city, ob, notes, description) values ('04fe0f73-e48f-59b9-86e5-a3d9e0504414', 'Gregory Finley', '5bb0999e-68bd-5fda-ab25-cea22e980ecc', 'Ungrouped', null, '(912) 527-0883', 'gregfinley@protonmail.com', null, false, null, 'BO Op, GAV, A1, A2, V2') on conflict (id) do update set name = excluded.name, city_pool_id = excluded.city_pool_id, tier = excluded.tier, phone = excluded.phone, email = excluded.email, other_city = excluded.other_city, ob = excluded.ob, notes = excluded.notes, description = excluded.description;
insert into public.crew_positions (id, crew_id, role_name, rate) values ('e4b7e6b7-b6c5-54ad-8cfd-18272c889d59', '04fe0f73-e48f-59b9-86e5-a3d9e0504414', 'Breakout Operator', 600) on conflict (id) do update set role_name = excluded.role_name, rate = excluded.rate;
insert into public.crew_positions (id, crew_id, role_name, rate) values ('d2aeef3a-8e81-5aa7-a323-bd515aaf0f0f', '04fe0f73-e48f-59b9-86e5-a3d9e0504414', 'General AV', 450) on conflict (id) do update set role_name = excluded.role_name, rate = excluded.rate;
insert into public.crew_positions (id, crew_id, role_name, rate) values ('b05ac3b2-073d-5225-befb-4aa1543b87aa', '04fe0f73-e48f-59b9-86e5-a3d9e0504414', 'A1-Audio Engineer', 700) on conflict (id) do update set role_name = excluded.role_name, rate = excluded.rate;
insert into public.crew_positions (id, crew_id, role_name, rate) values ('53463b3d-6c67-598d-abbc-9c96231b6076', '04fe0f73-e48f-59b9-86e5-a3d9e0504414', 'A2-Audio Assist', 500) on conflict (id) do update set role_name = excluded.role_name, rate = excluded.rate;
insert into public.crew_positions (id, crew_id, role_name, rate) values ('e6aef994-2f1a-5a80-90d4-a667028eb650', '04fe0f73-e48f-59b9-86e5-a3d9e0504414', 'V2-Video Assist', 550) on conflict (id) do update set role_name = excluded.role_name, rate = excluded.rate;
insert into public.crew (id, name, city_pool_id, group_name, tier, phone, email, other_city, ob, notes, description) values ('faa4f4a2-6aa5-5581-b532-35b634efde79', 'Hayley Cass', '5bb0999e-68bd-5fda-ab25-cea22e980ecc', 'Ungrouped', null, '(845) 238-1806', 'contact@hayleycass.com', null, false, 'Notes: On Tour, home in April', 'Camera Op, LED tech, GAV') on conflict (id) do update set name = excluded.name, city_pool_id = excluded.city_pool_id, tier = excluded.tier, phone = excluded.phone, email = excluded.email, other_city = excluded.other_city, ob = excluded.ob, notes = excluded.notes, description = excluded.description;
insert into public.crew_positions (id, crew_id, role_name, rate) values ('2c9fd832-a66e-5de4-9520-ceb7efbe76c0', 'faa4f4a2-6aa5-5581-b532-35b634efde79', 'Camera Operator', 700) on conflict (id) do update set role_name = excluded.role_name, rate = excluded.rate;
insert into public.crew_positions (id, crew_id, role_name, rate) values ('b505f10e-6adf-5a6e-9f80-4fefa310c6ee', 'faa4f4a2-6aa5-5581-b532-35b634efde79', 'LED Assist', 500) on conflict (id) do update set role_name = excluded.role_name, rate = excluded.rate;
insert into public.crew_positions (id, crew_id, role_name, rate) values ('3759e681-9789-5c3f-ba58-78af630fcb74', 'faa4f4a2-6aa5-5581-b532-35b634efde79', 'General AV', 450) on conflict (id) do update set role_name = excluded.role_name, rate = excluded.rate;
insert into public.crew (id, name, city_pool_id, group_name, tier, phone, email, other_city, ob, notes, description) values ('9f44ddca-278d-5fe5-8e25-f3d70093019d', 'Ian Mcinroe', '5bb0999e-68bd-5fda-ab25-cea22e980ecc', 'Ungrouped', null, '(629) 246-0002', null, null, false, null, 'GAV') on conflict (id) do update set name = excluded.name, city_pool_id = excluded.city_pool_id, tier = excluded.tier, phone = excluded.phone, email = excluded.email, other_city = excluded.other_city, ob = excluded.ob, notes = excluded.notes, description = excluded.description;
insert into public.crew_positions (id, crew_id, role_name, rate) values ('32a12359-561f-5a5a-a6c9-86fc080fb371', '9f44ddca-278d-5fe5-8e25-f3d70093019d', 'General AV', 450) on conflict (id) do update set role_name = excluded.role_name, rate = excluded.rate;
insert into public.crew (id, name, city_pool_id, group_name, tier, phone, email, other_city, ob, notes, description) values ('d72504c5-19c9-55bb-b67c-6bd805b3a122', 'Jeremiah Israel Coe', '5bb0999e-68bd-5fda-ab25-cea22e980ecc', 'Ungrouped', null, '(913) 326-3036', 'mpclife70@gmail.com', null, true, null, 'GAV, A2') on conflict (id) do update set name = excluded.name, city_pool_id = excluded.city_pool_id, tier = excluded.tier, phone = excluded.phone, email = excluded.email, other_city = excluded.other_city, ob = excluded.ob, notes = excluded.notes, description = excluded.description;
insert into public.crew_positions (id, crew_id, role_name, rate) values ('32c02158-b33d-5c20-9504-1709de9df8e0', 'd72504c5-19c9-55bb-b67c-6bd805b3a122', 'General AV', 450) on conflict (id) do update set role_name = excluded.role_name, rate = excluded.rate;
insert into public.crew_positions (id, crew_id, role_name, rate) values ('24192c3b-9d9d-55c6-a06c-742d242b1bc2', 'd72504c5-19c9-55bb-b67c-6bd805b3a122', 'A2-Audio Assist', 500) on conflict (id) do update set role_name = excluded.role_name, rate = excluded.rate;
insert into public.crew (id, name, city_pool_id, group_name, tier, phone, email, other_city, ob, notes, description) values ('83e37e11-ce53-5bd0-9442-990f9845d782', 'James Pierce', '5bb0999e-68bd-5fda-ab25-cea22e980ecc', 'Ungrouped', '1.0', '(270) 498-2425', null, null, false, null, 'Forklift, Floater, GAV') on conflict (id) do update set name = excluded.name, city_pool_id = excluded.city_pool_id, tier = excluded.tier, phone = excluded.phone, email = excluded.email, other_city = excluded.other_city, ob = excluded.ob, notes = excluded.notes, description = excluded.description;
insert into public.crew_positions (id, crew_id, role_name, rate) values ('95837959-94a0-5489-a874-2d7ac8426626', '83e37e11-ce53-5bd0-9442-990f9845d782', 'General AV', 450) on conflict (id) do update set role_name = excluded.role_name, rate = excluded.rate;
insert into public.crew (id, name, city_pool_id, group_name, tier, phone, email, other_city, ob, notes, description) values ('b80ef398-efd7-5cff-893d-754f2340873e', 'Jameson Gerdon', '5bb0999e-68bd-5fda-ab25-cea22e980ecc', 'Ungrouped', '1.0', '(425) 422-1182', 'jamesongerdon@gmail.com', null, false, null, 'A2, breakout op (A or V), cam op, records.') on conflict (id) do update set name = excluded.name, city_pool_id = excluded.city_pool_id, tier = excluded.tier, phone = excluded.phone, email = excluded.email, other_city = excluded.other_city, ob = excluded.ob, notes = excluded.notes, description = excluded.description;
insert into public.crew_positions (id, crew_id, role_name, rate) values ('2296d1ef-5ffc-5a54-9337-3607f9a83c21', 'b80ef398-efd7-5cff-893d-754f2340873e', 'A2-Audio Assist', 500) on conflict (id) do update set role_name = excluded.role_name, rate = excluded.rate;
insert into public.crew_positions (id, crew_id, role_name, rate) values ('852c5818-20ab-566a-92a6-a964ad449d45', 'b80ef398-efd7-5cff-893d-754f2340873e', 'Breakout Operator', 600) on conflict (id) do update set role_name = excluded.role_name, rate = excluded.rate;
insert into public.crew_positions (id, crew_id, role_name, rate) values ('3e9efc69-1b93-504c-9dce-8e47a0e61835', 'b80ef398-efd7-5cff-893d-754f2340873e', 'Camera Operator', 700) on conflict (id) do update set role_name = excluded.role_name, rate = excluded.rate;
insert into public.crew (id, name, city_pool_id, group_name, tier, phone, email, other_city, ob, notes, description) values ('7a6a57f3-06e5-588c-8b3b-b32486b355cc', 'Jace Willis', '5bb0999e-68bd-5fda-ab25-cea22e980ecc', 'Ungrouped', null, '(256) 335-5804', 'jaydubo72@gmail.com', null, true, null, 'GAV, Rigging') on conflict (id) do update set name = excluded.name, city_pool_id = excluded.city_pool_id, tier = excluded.tier, phone = excluded.phone, email = excluded.email, other_city = excluded.other_city, ob = excluded.ob, notes = excluded.notes, description = excluded.description;
insert into public.crew_positions (id, crew_id, role_name, rate) values ('7220c6e3-09b3-5d8e-b060-24c666de9422', '7a6a57f3-06e5-588c-8b3b-b32486b355cc', 'General AV', 450) on conflict (id) do update set role_name = excluded.role_name, rate = excluded.rate;
insert into public.crew_positions (id, crew_id, role_name, rate) values ('021ed283-23b3-59cb-9051-f8ff4322e4bd', '7a6a57f3-06e5-588c-8b3b-b32486b355cc', 'Down Rigger', 550) on conflict (id) do update set role_name = excluded.role_name, rate = excluded.rate;
insert into public.crew (id, name, city_pool_id, group_name, tier, phone, email, other_city, ob, notes, description) values ('5516f957-806c-5a1e-9fa8-0db2c6d7592d', 'Jared Lloyd', '5bb0999e-68bd-5fda-ab25-cea22e980ecc', 'Ungrouped', null, '(615) 939-9924', null, null, false, null, 'GAV') on conflict (id) do update set name = excluded.name, city_pool_id = excluded.city_pool_id, tier = excluded.tier, phone = excluded.phone, email = excluded.email, other_city = excluded.other_city, ob = excluded.ob, notes = excluded.notes, description = excluded.description;
insert into public.crew_positions (id, crew_id, role_name, rate) values ('04b52ed3-4876-5416-a065-f7eb7b9d82db', '5516f957-806c-5a1e-9fa8-0db2c6d7592d', 'General AV', 450) on conflict (id) do update set role_name = excluded.role_name, rate = excluded.rate;
insert into public.crew (id, name, city_pool_id, group_name, tier, phone, email, other_city, ob, notes, description) values ('53394697-5518-578a-a75e-eb683e477592', 'Jason Taylor', '5bb0999e-68bd-5fda-ab25-cea22e980ecc', 'Ungrouped', '1.0', '(407) 324-6556', null, null, false, null, 'LED Tech, Camera op, Graphics op, (owns labor company)') on conflict (id) do update set name = excluded.name, city_pool_id = excluded.city_pool_id, tier = excluded.tier, phone = excluded.phone, email = excluded.email, other_city = excluded.other_city, ob = excluded.ob, notes = excluded.notes, description = excluded.description;
insert into public.crew_positions (id, crew_id, role_name, rate) values ('bbad2544-5a94-594d-b1d0-f9b1af17efc1', '53394697-5518-578a-a75e-eb683e477592', 'LED Assist', 500) on conflict (id) do update set role_name = excluded.role_name, rate = excluded.rate;
insert into public.crew_positions (id, crew_id, role_name, rate) values ('88067c78-7238-5ce9-8d4f-1dfe3502e720', '53394697-5518-578a-a75e-eb683e477592', 'Camera Operator', 700) on conflict (id) do update set role_name = excluded.role_name, rate = excluded.rate;
insert into public.crew_positions (id, crew_id, role_name, rate) values ('d572e974-6d4e-55a9-8406-8019a4e28dfc', '53394697-5518-578a-a75e-eb683e477592', 'Graphics Operator', 650) on conflict (id) do update set role_name = excluded.role_name, rate = excluded.rate;
insert into public.crew (id, name, city_pool_id, group_name, tier, phone, email, other_city, ob, notes, description) values ('cca192af-8f79-5a65-b227-0eb6e30de9de', 'Jeremy Poland', '5bb0999e-68bd-5fda-ab25-cea22e980ecc', 'Ungrouped', '1.0', '(970) 361-0233', null, null, false, null, 'A2, Breakout audio, Floater') on conflict (id) do update set name = excluded.name, city_pool_id = excluded.city_pool_id, tier = excluded.tier, phone = excluded.phone, email = excluded.email, other_city = excluded.other_city, ob = excluded.ob, notes = excluded.notes, description = excluded.description;
insert into public.crew_positions (id, crew_id, role_name, rate) values ('ba4db8f1-bcb6-5629-a33a-faa3a6fdd646', 'cca192af-8f79-5a65-b227-0eb6e30de9de', 'A2-Audio Assist', 500) on conflict (id) do update set role_name = excluded.role_name, rate = excluded.rate;
insert into public.crew_positions (id, crew_id, role_name, rate) values ('d3896f68-92bc-5345-93fd-ef5a0a129dc3', 'cca192af-8f79-5a65-b227-0eb6e30de9de', 'Breakout Operator', 600) on conflict (id) do update set role_name = excluded.role_name, rate = excluded.rate;
insert into public.crew_positions (id, crew_id, role_name, rate) values ('dae497f3-2aab-5649-bd5c-d2224eab08bf', 'cca192af-8f79-5a65-b227-0eb6e30de9de', 'General AV', 450) on conflict (id) do update set role_name = excluded.role_name, rate = excluded.rate;
insert into public.crew (id, name, city_pool_id, group_name, tier, phone, email, other_city, ob, notes, description) values ('f5bd7bb9-4738-5fa1-87b5-2710d1c18d81', 'Jerry Durkin', '5bb0999e-68bd-5fda-ab25-cea22e980ecc', 'Ungrouped', null, '(615) 424-7004', null, null, false, null, 'GAV, Video tech, Projection') on conflict (id) do update set name = excluded.name, city_pool_id = excluded.city_pool_id, tier = excluded.tier, phone = excluded.phone, email = excluded.email, other_city = excluded.other_city, ob = excluded.ob, notes = excluded.notes, description = excluded.description;
insert into public.crew_positions (id, crew_id, role_name, rate) values ('6c6e970a-cb73-5110-a346-069d1dab7499', 'f5bd7bb9-4738-5fa1-87b5-2710d1c18d81', 'General AV', 450) on conflict (id) do update set role_name = excluded.role_name, rate = excluded.rate;
insert into public.crew (id, name, city_pool_id, group_name, tier, phone, email, other_city, ob, notes, description) values ('20f98746-dcb4-51f7-899d-f2fbb6fac663', 'Joel Fletcher', '5bb0999e-68bd-5fda-ab25-cea22e980ecc', 'Ungrouped', '1.0', '(614) 668-7128', null, null, false, null, 'A1 (very experienced)') on conflict (id) do update set name = excluded.name, city_pool_id = excluded.city_pool_id, tier = excluded.tier, phone = excluded.phone, email = excluded.email, other_city = excluded.other_city, ob = excluded.ob, notes = excluded.notes, description = excluded.description;
insert into public.crew_positions (id, crew_id, role_name, rate) values ('1e15670a-55ff-5e2e-93a7-948b4f74bd59', '20f98746-dcb4-51f7-899d-f2fbb6fac663', 'A1-Audio Engineer', 700) on conflict (id) do update set role_name = excluded.role_name, rate = excluded.rate;
insert into public.crew (id, name, city_pool_id, group_name, tier, phone, email, other_city, ob, notes, description) values ('3e257562-19ba-5086-9cd8-668e0a6e0d40', 'Jones Kolbinsky', '5bb0999e-68bd-5fda-ab25-cea22e980ecc', 'Ungrouped', '1.0', '(678) 997-7814', null, null, false, null, 'GAV, Floater') on conflict (id) do update set name = excluded.name, city_pool_id = excluded.city_pool_id, tier = excluded.tier, phone = excluded.phone, email = excluded.email, other_city = excluded.other_city, ob = excluded.ob, notes = excluded.notes, description = excluded.description;
insert into public.crew_positions (id, crew_id, role_name, rate) values ('af0d682d-f04b-5a8b-830f-7aaaffc66388', '3e257562-19ba-5086-9cd8-668e0a6e0d40', 'General AV', 450) on conflict (id) do update set role_name = excluded.role_name, rate = excluded.rate;
insert into public.crew (id, name, city_pool_id, group_name, tier, phone, email, other_city, ob, notes, description) values ('9a55e8ad-8eb8-54f8-ba8d-a3e6233bd07a', 'Jorge Perez', '5bb0999e-68bd-5fda-ab25-cea22e980ecc', 'Ungrouped', null, '(714) 599-6204', null, null, false, null, 'GAV') on conflict (id) do update set name = excluded.name, city_pool_id = excluded.city_pool_id, tier = excluded.tier, phone = excluded.phone, email = excluded.email, other_city = excluded.other_city, ob = excluded.ob, notes = excluded.notes, description = excluded.description;
insert into public.crew_positions (id, crew_id, role_name, rate) values ('554667b9-b219-5b1d-bbba-d9eab689b709', '9a55e8ad-8eb8-54f8-ba8d-a3e6233bd07a', 'General AV', 450) on conflict (id) do update set role_name = excluded.role_name, rate = excluded.rate;
insert into public.crew (id, name, city_pool_id, group_name, tier, phone, email, other_city, ob, notes, description) values ('680e0c1b-6241-5a27-a9e3-36cc0dd1ae20', 'Joseph Lardie', '5bb0999e-68bd-5fda-ab25-cea22e980ecc', 'Ungrouped', null, '(615) 568-9902', null, null, false, null, 'GAV') on conflict (id) do update set name = excluded.name, city_pool_id = excluded.city_pool_id, tier = excluded.tier, phone = excluded.phone, email = excluded.email, other_city = excluded.other_city, ob = excluded.ob, notes = excluded.notes, description = excluded.description;
insert into public.crew_positions (id, crew_id, role_name, rate) values ('73bbe0d2-eb33-592a-bf3f-3d6970da5880', '680e0c1b-6241-5a27-a9e3-36cc0dd1ae20', 'General AV', 450) on conflict (id) do update set role_name = excluded.role_name, rate = excluded.rate;
insert into public.crew (id, name, city_pool_id, group_name, tier, phone, email, other_city, ob, notes, description) values ('7fcd49ef-3d91-58be-9d5b-ca27d2a7133b', 'Joseph Sinay', '5bb0999e-68bd-5fda-ab25-cea22e980ecc', 'Ungrouped', null, null, null, null, false, null, 'GAV') on conflict (id) do update set name = excluded.name, city_pool_id = excluded.city_pool_id, tier = excluded.tier, phone = excluded.phone, email = excluded.email, other_city = excluded.other_city, ob = excluded.ob, notes = excluded.notes, description = excluded.description;
insert into public.crew_positions (id, crew_id, role_name, rate) values ('e03e839a-5c35-5819-a682-51c161e5efb9', '7fcd49ef-3d91-58be-9d5b-ca27d2a7133b', 'General AV', 450) on conflict (id) do update set role_name = excluded.role_name, rate = excluded.rate;
insert into public.crew (id, name, city_pool_id, group_name, tier, phone, email, other_city, ob, notes, description) values ('8ac4c2cf-14d3-5c30-ae44-8ef2238c16e3', 'Julie Summers', '5bb0999e-68bd-5fda-ab25-cea22e980ecc', 'Ungrouped', '1.0', '(704) 222-7995', null, null, false, null, 'GAV') on conflict (id) do update set name = excluded.name, city_pool_id = excluded.city_pool_id, tier = excluded.tier, phone = excluded.phone, email = excluded.email, other_city = excluded.other_city, ob = excluded.ob, notes = excluded.notes, description = excluded.description;
insert into public.crew_positions (id, crew_id, role_name, rate) values ('f7d1136b-53b8-5286-a637-d33ddb65db3d', '8ac4c2cf-14d3-5c30-ae44-8ef2238c16e3', 'General AV', 450) on conflict (id) do update set role_name = excluded.role_name, rate = excluded.rate;
insert into public.crew (id, name, city_pool_id, group_name, tier, phone, email, other_city, ob, notes, description) values ('8013fcba-b6b8-5207-b62a-9f26a10f0224', 'Justin Brimage', '5bb0999e-68bd-5fda-ab25-cea22e980ecc', 'Ungrouped', null, '(661) 741-4565', null, null, false, null, 'GAV') on conflict (id) do update set name = excluded.name, city_pool_id = excluded.city_pool_id, tier = excluded.tier, phone = excluded.phone, email = excluded.email, other_city = excluded.other_city, ob = excluded.ob, notes = excluded.notes, description = excluded.description;
insert into public.crew_positions (id, crew_id, role_name, rate) values ('0dbbb234-b4f3-5e64-ad2a-a619040980b2', '8013fcba-b6b8-5207-b62a-9f26a10f0224', 'General AV', 450) on conflict (id) do update set role_name = excluded.role_name, rate = excluded.rate;
insert into public.crew (id, name, city_pool_id, group_name, tier, phone, email, other_city, ob, notes, description) values ('3494396b-650e-5772-9ad9-b858e8d6d5d2', 'Justin Gapp', '5bb0999e-68bd-5fda-ab25-cea22e980ecc', 'Ungrouped', null, null, null, null, false, null, 'GAV, Carp') on conflict (id) do update set name = excluded.name, city_pool_id = excluded.city_pool_id, tier = excluded.tier, phone = excluded.phone, email = excluded.email, other_city = excluded.other_city, ob = excluded.ob, notes = excluded.notes, description = excluded.description;
insert into public.crew_positions (id, crew_id, role_name, rate) values ('22ed31d4-d115-51bc-9632-91a62adb5e3b', '3494396b-650e-5772-9ad9-b858e8d6d5d2', 'General AV', 450) on conflict (id) do update set role_name = excluded.role_name, rate = excluded.rate;
insert into public.crew (id, name, city_pool_id, group_name, tier, phone, email, other_city, ob, notes, description) values ('d5863321-0f62-5776-9b35-7814c431b437', 'Justin Mayers', '5bb0999e-68bd-5fda-ab25-cea22e980ecc', 'Ungrouped', '1.0', '(210) 859-5544', null, null, false, null, 'L2, GAV') on conflict (id) do update set name = excluded.name, city_pool_id = excluded.city_pool_id, tier = excluded.tier, phone = excluded.phone, email = excluded.email, other_city = excluded.other_city, ob = excluded.ob, notes = excluded.notes, description = excluded.description;
insert into public.crew_positions (id, crew_id, role_name, rate) values ('a568c5c6-ccda-5ff2-92b4-88eaaff562d2', 'd5863321-0f62-5776-9b35-7814c431b437', 'L2-Lighting Assist', 500) on conflict (id) do update set role_name = excluded.role_name, rate = excluded.rate;
insert into public.crew_positions (id, crew_id, role_name, rate) values ('31d2f459-510d-5ddc-bdb0-6ce7c725be59', 'd5863321-0f62-5776-9b35-7814c431b437', 'General AV', 450) on conflict (id) do update set role_name = excluded.role_name, rate = excluded.rate;
insert into public.crew (id, name, city_pool_id, group_name, tier, phone, email, other_city, ob, notes, description) values ('3c273257-ee77-5c9b-ac98-ed165c718005', 'Justin Kimball', '5bb0999e-68bd-5fda-ab25-cea22e980ecc', 'Ungrouped', null, '(978) 771-2748', null, null, true, null, 'A1,V1, Crew Lead, LED Assist, Graphics, BO Op') on conflict (id) do update set name = excluded.name, city_pool_id = excluded.city_pool_id, tier = excluded.tier, phone = excluded.phone, email = excluded.email, other_city = excluded.other_city, ob = excluded.ob, notes = excluded.notes, description = excluded.description;
insert into public.crew_positions (id, crew_id, role_name, rate) values ('49ff5b9e-a22e-5afc-8cab-343ba37a8eff', '3c273257-ee77-5c9b-ac98-ed165c718005', 'A1-Audio Engineer', 700) on conflict (id) do update set role_name = excluded.role_name, rate = excluded.rate;
insert into public.crew_positions (id, crew_id, role_name, rate) values ('acf7e579-c399-5594-ab69-5d07d9135f3a', '3c273257-ee77-5c9b-ac98-ed165c718005', 'V1-Lead Video Engineer', 700) on conflict (id) do update set role_name = excluded.role_name, rate = excluded.rate;
insert into public.crew_positions (id, crew_id, role_name, rate) values ('2f55fe92-4d7a-5b92-97da-f365359b165e', '3c273257-ee77-5c9b-ac98-ed165c718005', 'Crew Lead', 700) on conflict (id) do update set role_name = excluded.role_name, rate = excluded.rate;
insert into public.crew_positions (id, crew_id, role_name, rate) values ('dd917f09-bc61-5826-ac57-3b849189b3d9', '3c273257-ee77-5c9b-ac98-ed165c718005', 'LED Assist', 500) on conflict (id) do update set role_name = excluded.role_name, rate = excluded.rate;
insert into public.crew_positions (id, crew_id, role_name, rate) values ('420fe0f4-9075-5ad7-967a-0f1cfb26970a', '3c273257-ee77-5c9b-ac98-ed165c718005', 'Breakout Operator', 600) on conflict (id) do update set role_name = excluded.role_name, rate = excluded.rate;
insert into public.crew (id, name, city_pool_id, group_name, tier, phone, email, other_city, ob, notes, description) values ('d013cd0d-99bc-5f0d-b245-9eeffdca66bc', 'Justin Tarents', '5bb0999e-68bd-5fda-ab25-cea22e980ecc', 'Ungrouped', null, '(615) 275-7842', null, null, false, null, 'GAV') on conflict (id) do update set name = excluded.name, city_pool_id = excluded.city_pool_id, tier = excluded.tier, phone = excluded.phone, email = excluded.email, other_city = excluded.other_city, ob = excluded.ob, notes = excluded.notes, description = excluded.description;
insert into public.crew_positions (id, crew_id, role_name, rate) values ('41ec6055-79a6-5b80-b0ec-28a9020f374f', 'd013cd0d-99bc-5f0d-b245-9eeffdca66bc', 'General AV', 450) on conflict (id) do update set role_name = excluded.role_name, rate = excluded.rate;
insert into public.crew (id, name, city_pool_id, group_name, tier, phone, email, other_city, ob, notes, description) values ('b66ed00e-a40d-573b-a07c-7047b76c18f4', 'Lewis Roise', '5bb0999e-68bd-5fda-ab25-cea22e980ecc', 'Ungrouped', null, '(208) 310-4836', null, null, false, null, 'GAV') on conflict (id) do update set name = excluded.name, city_pool_id = excluded.city_pool_id, tier = excluded.tier, phone = excluded.phone, email = excluded.email, other_city = excluded.other_city, ob = excluded.ob, notes = excluded.notes, description = excluded.description;
insert into public.crew_positions (id, crew_id, role_name, rate) values ('7d22f409-194b-525f-afa1-6c385505cdab', 'b66ed00e-a40d-573b-a07c-7047b76c18f4', 'General AV', 450) on conflict (id) do update set role_name = excluded.role_name, rate = excluded.rate;
insert into public.crew (id, name, city_pool_id, group_name, tier, phone, email, other_city, ob, notes, description) values ('643460ad-5aae-51a4-9955-1dd93fd9e98f', 'Liam Slowey', '5bb0999e-68bd-5fda-ab25-cea22e980ecc', 'Ungrouped', null, '(443) 956-5426', null, null, false, null, 'GAV') on conflict (id) do update set name = excluded.name, city_pool_id = excluded.city_pool_id, tier = excluded.tier, phone = excluded.phone, email = excluded.email, other_city = excluded.other_city, ob = excluded.ob, notes = excluded.notes, description = excluded.description;
insert into public.crew_positions (id, crew_id, role_name, rate) values ('dfbf2381-96e3-5ad1-b48a-966ff1717f2c', '643460ad-5aae-51a4-9955-1dd93fd9e98f', 'General AV', 450) on conflict (id) do update set role_name = excluded.role_name, rate = excluded.rate;
insert into public.crew (id, name, city_pool_id, group_name, tier, phone, email, other_city, ob, notes, description) values ('2337a385-1613-5e17-bfe5-b1fa369ed7d5', 'Logan Lanning', '5bb0999e-68bd-5fda-ab25-cea22e980ecc', 'Ungrouped', '1.0', '(702) 286-4437', null, null, false, null, 'A1/A2') on conflict (id) do update set name = excluded.name, city_pool_id = excluded.city_pool_id, tier = excluded.tier, phone = excluded.phone, email = excluded.email, other_city = excluded.other_city, ob = excluded.ob, notes = excluded.notes, description = excluded.description;
insert into public.crew_positions (id, crew_id, role_name, rate) values ('17c14f27-42e2-5f95-85af-b03d6d418e3d', '2337a385-1613-5e17-bfe5-b1fa369ed7d5', 'A1-Audio Engineer', 700) on conflict (id) do update set role_name = excluded.role_name, rate = excluded.rate;
insert into public.crew_positions (id, crew_id, role_name, rate) values ('2bb874af-75cb-5f8c-b90a-71256a374eff', '2337a385-1613-5e17-bfe5-b1fa369ed7d5', 'A2-Audio Assist', 500) on conflict (id) do update set role_name = excluded.role_name, rate = excluded.rate;
insert into public.crew (id, name, city_pool_id, group_name, tier, phone, email, other_city, ob, notes, description) values ('5ec32247-41b1-559d-bbe0-0f78feaa8a37', 'Luke Jackson', '5bb0999e-68bd-5fda-ab25-cea22e980ecc', 'Ungrouped', null, '(603) 425-8257', null, null, false, null, 'GAV') on conflict (id) do update set name = excluded.name, city_pool_id = excluded.city_pool_id, tier = excluded.tier, phone = excluded.phone, email = excluded.email, other_city = excluded.other_city, ob = excluded.ob, notes = excluded.notes, description = excluded.description;
insert into public.crew_positions (id, crew_id, role_name, rate) values ('599124b0-6ea4-5023-94af-fad861d482a6', '5ec32247-41b1-559d-bbe0-0f78feaa8a37', 'General AV', 450) on conflict (id) do update set role_name = excluded.role_name, rate = excluded.rate;
insert into public.crew (id, name, city_pool_id, group_name, tier, phone, email, other_city, ob, notes, description) values ('aee61911-c5f0-5eee-9b73-c224ad0b0a39', 'Mark Esposito', '5bb0999e-68bd-5fda-ab25-cea22e980ecc', 'Ungrouped', null, '(310) 803-6090', null, null, false, null, 'GAV') on conflict (id) do update set name = excluded.name, city_pool_id = excluded.city_pool_id, tier = excluded.tier, phone = excluded.phone, email = excluded.email, other_city = excluded.other_city, ob = excluded.ob, notes = excluded.notes, description = excluded.description;
insert into public.crew_positions (id, crew_id, role_name, rate) values ('c2b5bbcb-2434-5cbb-85c5-e828c67a9a2f', 'aee61911-c5f0-5eee-9b73-c224ad0b0a39', 'General AV', 450) on conflict (id) do update set role_name = excluded.role_name, rate = excluded.rate;
insert into public.crew (id, name, city_pool_id, group_name, tier, phone, email, other_city, ob, notes, description) values ('d8507de8-8f06-5034-b5a4-142d7011145d', 'Matt Melchiorre', '5bb0999e-68bd-5fda-ab25-cea22e980ecc', 'Ungrouped', '1.0', '(646) 842-0468', 'melchiorrema@yahoo.com', null, false, null, 'A2, Breakout audio, Floater, LED Assist, L2') on conflict (id) do update set name = excluded.name, city_pool_id = excluded.city_pool_id, tier = excluded.tier, phone = excluded.phone, email = excluded.email, other_city = excluded.other_city, ob = excluded.ob, notes = excluded.notes, description = excluded.description;
insert into public.crew_positions (id, crew_id, role_name, rate) values ('e37221c9-9086-5244-9b2c-cf70676322cc', 'd8507de8-8f06-5034-b5a4-142d7011145d', 'A2-Audio Assist', 500) on conflict (id) do update set role_name = excluded.role_name, rate = excluded.rate;
insert into public.crew_positions (id, crew_id, role_name, rate) values ('0ce8fbac-a251-502f-86f5-f0b24b3c5a41', 'd8507de8-8f06-5034-b5a4-142d7011145d', 'Breakout Operator', 600) on conflict (id) do update set role_name = excluded.role_name, rate = excluded.rate;
insert into public.crew_positions (id, crew_id, role_name, rate) values ('68bbe719-0960-5065-aca2-ecac6cc78d00', 'd8507de8-8f06-5034-b5a4-142d7011145d', 'General AV', 450) on conflict (id) do update set role_name = excluded.role_name, rate = excluded.rate;
insert into public.crew_positions (id, crew_id, role_name, rate) values ('2123cde1-13b2-5a55-89ac-00decf8616f6', 'd8507de8-8f06-5034-b5a4-142d7011145d', 'LED Assist', 500) on conflict (id) do update set role_name = excluded.role_name, rate = excluded.rate;
insert into public.crew_positions (id, crew_id, role_name, rate) values ('1a13c3b5-1b96-59dd-bba5-d72e543f276a', 'd8507de8-8f06-5034-b5a4-142d7011145d', 'L2-Lighting Assist', 500) on conflict (id) do update set role_name = excluded.role_name, rate = excluded.rate;
insert into public.crew (id, name, city_pool_id, group_name, tier, phone, email, other_city, ob, notes, description) values ('13350982-3736-52f4-a61c-9ba5b1e6f043', 'Matthew Prefontaine', '5bb0999e-68bd-5fda-ab25-cea22e980ecc', 'Ungrouped', '1.0', '(909) 576-2173', null, null, false, null, null) on conflict (id) do update set name = excluded.name, city_pool_id = excluded.city_pool_id, tier = excluded.tier, phone = excluded.phone, email = excluded.email, other_city = excluded.other_city, ob = excluded.ob, notes = excluded.notes, description = excluded.description;
insert into public.crew_positions (id, crew_id, role_name, rate) values ('deee1178-51e6-582e-8412-2c2989fe446b', '13350982-3736-52f4-a61c-9ba5b1e6f043', 'General AV', 450) on conflict (id) do update set role_name = excluded.role_name, rate = excluded.rate;
insert into public.crew (id, name, city_pool_id, group_name, tier, phone, email, other_city, ob, notes, description) values ('c171f85a-85fc-5ec8-88cb-710f3efe6d56', 'Maxx Rizzo', '5bb0999e-68bd-5fda-ab25-cea22e980ecc', 'Ungrouped', null, '(310) 809-6053', null, null, false, null, 'GAV') on conflict (id) do update set name = excluded.name, city_pool_id = excluded.city_pool_id, tier = excluded.tier, phone = excluded.phone, email = excluded.email, other_city = excluded.other_city, ob = excluded.ob, notes = excluded.notes, description = excluded.description;
insert into public.crew_positions (id, crew_id, role_name, rate) values ('c8c917ca-df4b-5b2f-8db6-05292e0e88a6', 'c171f85a-85fc-5ec8-88cb-710f3efe6d56', 'General AV', 450) on conflict (id) do update set role_name = excluded.role_name, rate = excluded.rate;
insert into public.crew (id, name, city_pool_id, group_name, tier, phone, email, other_city, ob, notes, description) values ('36c3f685-7557-5ff4-8a35-f393db71ac87', 'Michael Reed', '5bb0999e-68bd-5fda-ab25-cea22e980ecc', 'Ungrouped', '1.0', '(703) 887-3062', null, null, false, null, 'A1/A2') on conflict (id) do update set name = excluded.name, city_pool_id = excluded.city_pool_id, tier = excluded.tier, phone = excluded.phone, email = excluded.email, other_city = excluded.other_city, ob = excluded.ob, notes = excluded.notes, description = excluded.description;
insert into public.crew_positions (id, crew_id, role_name, rate) values ('6233ba38-4075-5a6d-b45d-1193bf400b35', '36c3f685-7557-5ff4-8a35-f393db71ac87', 'A1-Audio Engineer', 700) on conflict (id) do update set role_name = excluded.role_name, rate = excluded.rate;
insert into public.crew_positions (id, crew_id, role_name, rate) values ('6087cb6c-e974-58c1-81f6-f3d19812de03', '36c3f685-7557-5ff4-8a35-f393db71ac87', 'A2-Audio Assist', 500) on conflict (id) do update set role_name = excluded.role_name, rate = excluded.rate;
insert into public.crew (id, name, city_pool_id, group_name, tier, phone, email, other_city, ob, notes, description) values ('1a47bc89-437f-5a60-ace7-c2f8e4bc2372', 'Michael Sportiello', '5bb0999e-68bd-5fda-ab25-cea22e980ecc', 'Ungrouped', '1.0', '(732) 713-6941', null, null, false, null, 'A2, Breakout Audio, Floater, GAV') on conflict (id) do update set name = excluded.name, city_pool_id = excluded.city_pool_id, tier = excluded.tier, phone = excluded.phone, email = excluded.email, other_city = excluded.other_city, ob = excluded.ob, notes = excluded.notes, description = excluded.description;
insert into public.crew_positions (id, crew_id, role_name, rate) values ('73d40adc-f5ec-520b-8680-b7e1a6341be4', '1a47bc89-437f-5a60-ace7-c2f8e4bc2372', 'A2-Audio Assist', 500) on conflict (id) do update set role_name = excluded.role_name, rate = excluded.rate;
insert into public.crew_positions (id, crew_id, role_name, rate) values ('756e2b2b-b361-5fb5-a115-a31e15f5909f', '1a47bc89-437f-5a60-ace7-c2f8e4bc2372', 'Breakout Operator', 600) on conflict (id) do update set role_name = excluded.role_name, rate = excluded.rate;
insert into public.crew_positions (id, crew_id, role_name, rate) values ('9d9117c3-132a-50bb-8d7f-d6456b4d2c46', '1a47bc89-437f-5a60-ace7-c2f8e4bc2372', 'General AV', 450) on conflict (id) do update set role_name = excluded.role_name, rate = excluded.rate;
insert into public.crew (id, name, city_pool_id, group_name, tier, phone, email, other_city, ob, notes, description) values ('1b32ff57-1d35-50f7-809b-93bc126e1243', 'Michelle Backlund', '5bb0999e-68bd-5fda-ab25-cea22e980ecc', 'Ungrouped', null, '(906) 399-8982', null, null, false, null, 'GAV') on conflict (id) do update set name = excluded.name, city_pool_id = excluded.city_pool_id, tier = excluded.tier, phone = excluded.phone, email = excluded.email, other_city = excluded.other_city, ob = excluded.ob, notes = excluded.notes, description = excluded.description;
insert into public.crew_positions (id, crew_id, role_name, rate) values ('e84a61f4-093e-56ea-bb78-c6b9446a1134', '1b32ff57-1d35-50f7-809b-93bc126e1243', 'General AV', 450) on conflict (id) do update set role_name = excluded.role_name, rate = excluded.rate;
insert into public.crew (id, name, city_pool_id, group_name, tier, phone, email, other_city, ob, notes, description) values ('53954fe0-293b-5b90-b373-9c8766f938a7', 'Mike Bay', '5bb0999e-68bd-5fda-ab25-cea22e980ecc', 'Ungrouped', '1.0', '(314) 753-1863', null, null, false, null, 'A1') on conflict (id) do update set name = excluded.name, city_pool_id = excluded.city_pool_id, tier = excluded.tier, phone = excluded.phone, email = excluded.email, other_city = excluded.other_city, ob = excluded.ob, notes = excluded.notes, description = excluded.description;
insert into public.crew_positions (id, crew_id, role_name, rate) values ('9aa4b0d5-aaac-5ddb-8d2b-2fd747fdf905', '53954fe0-293b-5b90-b373-9c8766f938a7', 'A1-Audio Engineer', 700) on conflict (id) do update set role_name = excluded.role_name, rate = excluded.rate;
insert into public.crew (id, name, city_pool_id, group_name, tier, phone, email, other_city, ob, notes, description) values ('a840efc3-3284-5459-baf9-40e6e0811ade', 'Mike Domingue', '5bb0999e-68bd-5fda-ab25-cea22e980ecc', 'Ungrouped', '1.0', '(615) 238-5413', null, null, false, null, 'L1') on conflict (id) do update set name = excluded.name, city_pool_id = excluded.city_pool_id, tier = excluded.tier, phone = excluded.phone, email = excluded.email, other_city = excluded.other_city, ob = excluded.ob, notes = excluded.notes, description = excluded.description;
insert into public.crew_positions (id, crew_id, role_name, rate) values ('7ae1bcb6-1910-502a-9b16-b24fb5e57aa8', 'a840efc3-3284-5459-baf9-40e6e0811ade', 'LD-Lighting Designer', 700) on conflict (id) do update set role_name = excluded.role_name, rate = excluded.rate;
insert into public.crew (id, name, city_pool_id, group_name, tier, phone, email, other_city, ob, notes, description) values ('630f8bfd-7011-5e0f-9b04-f007e6975e85', 'Mike Gibney', '5bb0999e-68bd-5fda-ab25-cea22e980ecc', 'Ungrouped', '1.0', '(631) 514-9912', null, null, false, null, 'A1/A2/V1/V2 (rockstar, can do it all)') on conflict (id) do update set name = excluded.name, city_pool_id = excluded.city_pool_id, tier = excluded.tier, phone = excluded.phone, email = excluded.email, other_city = excluded.other_city, ob = excluded.ob, notes = excluded.notes, description = excluded.description;
insert into public.crew_positions (id, crew_id, role_name, rate) values ('158ea012-ddfa-567a-bb72-dc3c86eba1f9', '630f8bfd-7011-5e0f-9b04-f007e6975e85', 'A1-Audio Engineer', 700) on conflict (id) do update set role_name = excluded.role_name, rate = excluded.rate;
insert into public.crew_positions (id, crew_id, role_name, rate) values ('8f62b37f-63f9-56e8-bf6c-1dddb2b72694', '630f8bfd-7011-5e0f-9b04-f007e6975e85', 'A2-Audio Assist', 500) on conflict (id) do update set role_name = excluded.role_name, rate = excluded.rate;
insert into public.crew_positions (id, crew_id, role_name, rate) values ('d2e26b22-431c-53e3-a200-5cdfdf78892c', '630f8bfd-7011-5e0f-9b04-f007e6975e85', 'V1-Lead Video Engineer', 700) on conflict (id) do update set role_name = excluded.role_name, rate = excluded.rate;
insert into public.crew_positions (id, crew_id, role_name, rate) values ('9d5be14d-1b33-5b8f-bd89-46242360cda3', '630f8bfd-7011-5e0f-9b04-f007e6975e85', 'V2-Video Assist', 550) on conflict (id) do update set role_name = excluded.role_name, rate = excluded.rate;
insert into public.crew (id, name, city_pool_id, group_name, tier, phone, email, other_city, ob, notes, description) values ('d03c8bc0-ecf1-5746-a9b2-80e0893bf709', 'Mike Sammon', '5bb0999e-68bd-5fda-ab25-cea22e980ecc', 'Ungrouped', '1.0', '(615) 924-0085', null, null, false, null, 'GAV, Floater') on conflict (id) do update set name = excluded.name, city_pool_id = excluded.city_pool_id, tier = excluded.tier, phone = excluded.phone, email = excluded.email, other_city = excluded.other_city, ob = excluded.ob, notes = excluded.notes, description = excluded.description;
insert into public.crew_positions (id, crew_id, role_name, rate) values ('10f3e61b-aa94-5c9d-a8f2-5dbfc1292be5', 'd03c8bc0-ecf1-5746-a9b2-80e0893bf709', 'General AV', 450) on conflict (id) do update set role_name = excluded.role_name, rate = excluded.rate;
insert into public.crew (id, name, city_pool_id, group_name, tier, phone, email, other_city, ob, notes, description) values ('29738120-d2ce-5c7e-8baa-8779cbd0f676', 'Mike Wee', '5bb0999e-68bd-5fda-ab25-cea22e980ecc', 'Ungrouped', '1.0', '(717) 606-4232', null, null, false, null, 'A2, RF Coordinator, Breakout audio, Floater (talented Audio)') on conflict (id) do update set name = excluded.name, city_pool_id = excluded.city_pool_id, tier = excluded.tier, phone = excluded.phone, email = excluded.email, other_city = excluded.other_city, ob = excluded.ob, notes = excluded.notes, description = excluded.description;
insert into public.crew_positions (id, crew_id, role_name, rate) values ('8c128c55-6f18-5f76-999f-16f284a45dc8', '29738120-d2ce-5c7e-8baa-8779cbd0f676', 'A2-Audio Assist', 500) on conflict (id) do update set role_name = excluded.role_name, rate = excluded.rate;
insert into public.crew_positions (id, crew_id, role_name, rate) values ('06c7f6e2-60b0-5181-91ca-09778131643d', '29738120-d2ce-5c7e-8baa-8779cbd0f676', 'Breakout Operator', 600) on conflict (id) do update set role_name = excluded.role_name, rate = excluded.rate;
insert into public.crew_positions (id, crew_id, role_name, rate) values ('b02e2b37-d1f5-554b-8b85-07de355175a3', '29738120-d2ce-5c7e-8baa-8779cbd0f676', 'General AV', 450) on conflict (id) do update set role_name = excluded.role_name, rate = excluded.rate;
insert into public.crew (id, name, city_pool_id, group_name, tier, phone, email, other_city, ob, notes, description) values ('015e21b8-b748-5ab2-a49e-d51dd882682a', 'Nate VIP', '5bb0999e-68bd-5fda-ab25-cea22e980ecc', 'Ungrouped', '1.0', '(615) 598-4307', null, null, false, null, 'Video Director, V1, (serious, top video guy)') on conflict (id) do update set name = excluded.name, city_pool_id = excluded.city_pool_id, tier = excluded.tier, phone = excluded.phone, email = excluded.email, other_city = excluded.other_city, ob = excluded.ob, notes = excluded.notes, description = excluded.description;
insert into public.crew_positions (id, crew_id, role_name, rate) values ('9d2694ef-b305-521c-a1d0-73c0b1b03314', '015e21b8-b748-5ab2-a49e-d51dd882682a', 'V1-Lead Video Engineer', 700) on conflict (id) do update set role_name = excluded.role_name, rate = excluded.rate;
insert into public.crew (id, name, city_pool_id, group_name, tier, phone, email, other_city, ob, notes, description) values ('705ae9cb-3d89-53ac-88fb-46de1b158dba', 'Nick AP Live', '5bb0999e-68bd-5fda-ab25-cea22e980ecc', 'Ungrouped', '1.0', '(763) 742-6634', null, null, false, null, 'A1') on conflict (id) do update set name = excluded.name, city_pool_id = excluded.city_pool_id, tier = excluded.tier, phone = excluded.phone, email = excluded.email, other_city = excluded.other_city, ob = excluded.ob, notes = excluded.notes, description = excluded.description;
insert into public.crew_positions (id, crew_id, role_name, rate) values ('e9628239-f7b5-5f6c-accf-b7be8e348861', '705ae9cb-3d89-53ac-88fb-46de1b158dba', 'A1-Audio Engineer', 700) on conflict (id) do update set role_name = excluded.role_name, rate = excluded.rate;
insert into public.crew (id, name, city_pool_id, group_name, tier, phone, email, other_city, ob, notes, description) values ('5e71fc54-e50a-535e-b5d4-308fd241c813', 'Nick Giamo', '5bb0999e-68bd-5fda-ab25-cea22e980ecc', 'Ungrouped', '1.0', '(732) 512-8662', null, null, false, null, 'A2, Breakout audio, Floater, GAV') on conflict (id) do update set name = excluded.name, city_pool_id = excluded.city_pool_id, tier = excluded.tier, phone = excluded.phone, email = excluded.email, other_city = excluded.other_city, ob = excluded.ob, notes = excluded.notes, description = excluded.description;
insert into public.crew_positions (id, crew_id, role_name, rate) values ('6bf9a38e-c03f-5738-901f-16d2a24244af', '5e71fc54-e50a-535e-b5d4-308fd241c813', 'A2-Audio Assist', 500) on conflict (id) do update set role_name = excluded.role_name, rate = excluded.rate;
insert into public.crew_positions (id, crew_id, role_name, rate) values ('33748a9e-52b3-547d-b1d1-4122e0e6d651', '5e71fc54-e50a-535e-b5d4-308fd241c813', 'Breakout Operator', 600) on conflict (id) do update set role_name = excluded.role_name, rate = excluded.rate;
insert into public.crew_positions (id, crew_id, role_name, rate) values ('75136eaa-6fa3-5c06-a0ba-712d8df20828', '5e71fc54-e50a-535e-b5d4-308fd241c813', 'General AV', 450) on conflict (id) do update set role_name = excluded.role_name, rate = excluded.rate;
insert into public.crew (id, name, city_pool_id, group_name, tier, phone, email, other_city, ob, notes, description) values ('037e46ae-5b13-5830-92f3-c0788057ebec', 'Noah Pearson', '5bb0999e-68bd-5fda-ab25-cea22e980ecc', 'Ungrouped', '1.0', '(425) 772-0606', null, null, false, null, 'GAV') on conflict (id) do update set name = excluded.name, city_pool_id = excluded.city_pool_id, tier = excluded.tier, phone = excluded.phone, email = excluded.email, other_city = excluded.other_city, ob = excluded.ob, notes = excluded.notes, description = excluded.description;
insert into public.crew_positions (id, crew_id, role_name, rate) values ('fd7e940c-000d-5997-bfac-24f229d51b94', '037e46ae-5b13-5830-92f3-c0788057ebec', 'General AV', 450) on conflict (id) do update set role_name = excluded.role_name, rate = excluded.rate;
insert into public.crew (id, name, city_pool_id, group_name, tier, phone, email, other_city, ob, notes, description) values ('c97d22e5-ecdb-5fb8-864a-6e930c0017bb', 'Nolan Sorsby', '5bb0999e-68bd-5fda-ab25-cea22e980ecc', 'Ungrouped', null, '(541) 300-5109', null, null, false, null, 'GAV, BO Op') on conflict (id) do update set name = excluded.name, city_pool_id = excluded.city_pool_id, tier = excluded.tier, phone = excluded.phone, email = excluded.email, other_city = excluded.other_city, ob = excluded.ob, notes = excluded.notes, description = excluded.description;
insert into public.crew_positions (id, crew_id, role_name, rate) values ('d507fc1a-65b3-5cc9-98a7-410a4c209422', 'c97d22e5-ecdb-5fb8-864a-6e930c0017bb', 'General AV', 450) on conflict (id) do update set role_name = excluded.role_name, rate = excluded.rate;
insert into public.crew_positions (id, crew_id, role_name, rate) values ('f3794e91-2c8c-5af9-93f2-2ad2aef4a306', 'c97d22e5-ecdb-5fb8-864a-6e930c0017bb', 'Breakout Operator', 600) on conflict (id) do update set role_name = excluded.role_name, rate = excluded.rate;
insert into public.crew (id, name, city_pool_id, group_name, tier, phone, email, other_city, ob, notes, description) values ('9ff31371-6077-5f29-ae12-502dcecbb9b6', 'Paul Coombs', '5bb0999e-68bd-5fda-ab25-cea22e980ecc', 'Ungrouped', null, '(270) 559-3658', null, null, false, null, 'GAV') on conflict (id) do update set name = excluded.name, city_pool_id = excluded.city_pool_id, tier = excluded.tier, phone = excluded.phone, email = excluded.email, other_city = excluded.other_city, ob = excluded.ob, notes = excluded.notes, description = excluded.description;
insert into public.crew_positions (id, crew_id, role_name, rate) values ('9df4fb45-b607-5767-952e-9a0b5255d252', '9ff31371-6077-5f29-ae12-502dcecbb9b6', 'General AV', 450) on conflict (id) do update set role_name = excluded.role_name, rate = excluded.rate;
insert into public.crew (id, name, city_pool_id, group_name, tier, phone, email, other_city, ob, notes, description) values ('b0e16e35-3ed3-59a2-a23e-4c6d6bb192ae', 'Randall Wilkins', '5bb0999e-68bd-5fda-ab25-cea22e980ecc', 'Ungrouped', '1.0', null, null, null, false, null, 'Breakout Audio, Floater, GAV (top guy)') on conflict (id) do update set name = excluded.name, city_pool_id = excluded.city_pool_id, tier = excluded.tier, phone = excluded.phone, email = excluded.email, other_city = excluded.other_city, ob = excluded.ob, notes = excluded.notes, description = excluded.description;
insert into public.crew_positions (id, crew_id, role_name, rate) values ('e3686b9b-c9ea-5497-9f5f-2c62f65c7a1b', 'b0e16e35-3ed3-59a2-a23e-4c6d6bb192ae', 'Breakout Operator', 600) on conflict (id) do update set role_name = excluded.role_name, rate = excluded.rate;
insert into public.crew_positions (id, crew_id, role_name, rate) values ('6ab0c3ef-b63f-58c3-b9eb-a762bab678b2', 'b0e16e35-3ed3-59a2-a23e-4c6d6bb192ae', 'General AV', 450) on conflict (id) do update set role_name = excluded.role_name, rate = excluded.rate;
insert into public.crew (id, name, city_pool_id, group_name, tier, phone, email, other_city, ob, notes, description) values ('f6d93575-6675-5b32-91e7-0b2af54303ba', 'Robert Viall', '5bb0999e-68bd-5fda-ab25-cea22e980ecc', 'Ungrouped', '1.0', '(661) 350-7799', null, null, false, null, 'A2, Breakout audio, Floater, GAV') on conflict (id) do update set name = excluded.name, city_pool_id = excluded.city_pool_id, tier = excluded.tier, phone = excluded.phone, email = excluded.email, other_city = excluded.other_city, ob = excluded.ob, notes = excluded.notes, description = excluded.description;
insert into public.crew_positions (id, crew_id, role_name, rate) values ('1b7233dc-a1c3-5e87-979f-6152f9ee3e31', 'f6d93575-6675-5b32-91e7-0b2af54303ba', 'A2-Audio Assist', 500) on conflict (id) do update set role_name = excluded.role_name, rate = excluded.rate;
insert into public.crew_positions (id, crew_id, role_name, rate) values ('3f165cd0-7aa7-5edc-a106-035987f510b2', 'f6d93575-6675-5b32-91e7-0b2af54303ba', 'Breakout Operator', 600) on conflict (id) do update set role_name = excluded.role_name, rate = excluded.rate;
insert into public.crew_positions (id, crew_id, role_name, rate) values ('fae41091-ac61-5fc6-b9ca-99b88e6ea958', 'f6d93575-6675-5b32-91e7-0b2af54303ba', 'General AV', 450) on conflict (id) do update set role_name = excluded.role_name, rate = excluded.rate;
insert into public.crew (id, name, city_pool_id, group_name, tier, phone, email, other_city, ob, notes, description) values ('280e48db-ed1f-5250-b310-14930506b3cc', 'Ryan Dudlicek', '5bb0999e-68bd-5fda-ab25-cea22e980ecc', 'Ungrouped', null, '(219) 789-0848', 'ryan.dudlicek@gmail.com', null, false, null, 'GAV, BO Op, A2, smaller A1') on conflict (id) do update set name = excluded.name, city_pool_id = excluded.city_pool_id, tier = excluded.tier, phone = excluded.phone, email = excluded.email, other_city = excluded.other_city, ob = excluded.ob, notes = excluded.notes, description = excluded.description;
insert into public.crew_positions (id, crew_id, role_name, rate) values ('ece47d7a-c92a-527a-874f-69a77aeaffa8', '280e48db-ed1f-5250-b310-14930506b3cc', 'General AV', 450) on conflict (id) do update set role_name = excluded.role_name, rate = excluded.rate;
insert into public.crew_positions (id, crew_id, role_name, rate) values ('232cb835-16b6-5d3a-9051-a5cdded48cb7', '280e48db-ed1f-5250-b310-14930506b3cc', 'Breakout Operator', 600) on conflict (id) do update set role_name = excluded.role_name, rate = excluded.rate;
insert into public.crew_positions (id, crew_id, role_name, rate) values ('67930ba2-5ac5-54c3-867a-5029503e66bc', '280e48db-ed1f-5250-b310-14930506b3cc', 'A2-Audio Assist', 500) on conflict (id) do update set role_name = excluded.role_name, rate = excluded.rate;
insert into public.crew_positions (id, crew_id, role_name, rate) values ('81d2db6f-d11f-5003-af19-2f4182226aca', '280e48db-ed1f-5250-b310-14930506b3cc', 'A1-Audio Engineer', 700) on conflict (id) do update set role_name = excluded.role_name, rate = excluded.rate;
insert into public.crew (id, name, city_pool_id, group_name, tier, phone, email, other_city, ob, notes, description) values ('d6b514ec-8d41-5ee3-8c9e-de413b30df82', 'Ryan Wood', '5bb0999e-68bd-5fda-ab25-cea22e980ecc', 'Ungrouped', '1.0', '(541) 840-0879', null, null, false, null, 'Camera op, Floater, GAV') on conflict (id) do update set name = excluded.name, city_pool_id = excluded.city_pool_id, tier = excluded.tier, phone = excluded.phone, email = excluded.email, other_city = excluded.other_city, ob = excluded.ob, notes = excluded.notes, description = excluded.description;
insert into public.crew_positions (id, crew_id, role_name, rate) values ('b01fac14-ea46-5996-a826-924b76a5a263', 'd6b514ec-8d41-5ee3-8c9e-de413b30df82', 'Camera Operator', 700) on conflict (id) do update set role_name = excluded.role_name, rate = excluded.rate;
insert into public.crew_positions (id, crew_id, role_name, rate) values ('276656a9-0132-5ac3-9a41-8b1b561b33c2', 'd6b514ec-8d41-5ee3-8c9e-de413b30df82', 'General AV', 450) on conflict (id) do update set role_name = excluded.role_name, rate = excluded.rate;
insert into public.crew (id, name, city_pool_id, group_name, tier, phone, email, other_city, ob, notes, description) values ('89967b4d-88f4-506c-9d62-231607719384', 'Sam Johnstone', '5bb0999e-68bd-5fda-ab25-cea22e980ecc', 'Ungrouped', null, '(615) 438-5806', null, null, false, null, 'GAV') on conflict (id) do update set name = excluded.name, city_pool_id = excluded.city_pool_id, tier = excluded.tier, phone = excluded.phone, email = excluded.email, other_city = excluded.other_city, ob = excluded.ob, notes = excluded.notes, description = excluded.description;
insert into public.crew_positions (id, crew_id, role_name, rate) values ('0efcb881-65db-58c7-9e8b-14dd0d992096', '89967b4d-88f4-506c-9d62-231607719384', 'General AV', 450) on conflict (id) do update set role_name = excluded.role_name, rate = excluded.rate;
insert into public.crew (id, name, city_pool_id, group_name, tier, phone, email, other_city, ob, notes, description) values ('ce11cf27-d71f-5774-b3d6-76e9b08f2309', 'Tom Cegeilski', '5bb0999e-68bd-5fda-ab25-cea22e980ecc', 'Ungrouped', '1.0', '(571) 233-8335', null, null, false, null, 'A1 (talented)') on conflict (id) do update set name = excluded.name, city_pool_id = excluded.city_pool_id, tier = excluded.tier, phone = excluded.phone, email = excluded.email, other_city = excluded.other_city, ob = excluded.ob, notes = excluded.notes, description = excluded.description;
insert into public.crew_positions (id, crew_id, role_name, rate) values ('ff09b9dd-d7a7-5518-903e-b44de5bb1ea8', 'ce11cf27-d71f-5774-b3d6-76e9b08f2309', 'A1-Audio Engineer', 700) on conflict (id) do update set role_name = excluded.role_name, rate = excluded.rate;
insert into public.crew (id, name, city_pool_id, group_name, tier, phone, email, other_city, ob, notes, description) values ('e347f82b-a382-5c22-88c3-e0dc14d513ff', 'Tori Mills', '5bb0999e-68bd-5fda-ab25-cea22e980ecc', 'Ungrouped', null, '(270) 498-1065', null, null, false, null, 'Camera Op, GAV') on conflict (id) do update set name = excluded.name, city_pool_id = excluded.city_pool_id, tier = excluded.tier, phone = excluded.phone, email = excluded.email, other_city = excluded.other_city, ob = excluded.ob, notes = excluded.notes, description = excluded.description;
insert into public.crew_positions (id, crew_id, role_name, rate) values ('6b3bfb63-1467-590d-9d5f-8b14bd2fac5e', 'e347f82b-a382-5c22-88c3-e0dc14d513ff', 'Camera Operator', 700) on conflict (id) do update set role_name = excluded.role_name, rate = excluded.rate;
insert into public.crew_positions (id, crew_id, role_name, rate) values ('9ef05e5e-0289-59a8-8851-1b2778a791c9', 'e347f82b-a382-5c22-88c3-e0dc14d513ff', 'General AV', 450) on conflict (id) do update set role_name = excluded.role_name, rate = excluded.rate;
insert into public.crew (id, name, city_pool_id, group_name, tier, phone, email, other_city, ob, notes, description) values ('e192237d-cd94-56a2-b6e4-3ecf0f00166b', 'Vivian Price', '5bb0999e-68bd-5fda-ab25-cea22e980ecc', 'Ungrouped', null, '(805) 205-3037', null, null, false, null, 'GAV') on conflict (id) do update set name = excluded.name, city_pool_id = excluded.city_pool_id, tier = excluded.tier, phone = excluded.phone, email = excluded.email, other_city = excluded.other_city, ob = excluded.ob, notes = excluded.notes, description = excluded.description;
insert into public.crew_positions (id, crew_id, role_name, rate) values ('18f9b0c2-35bd-586c-922b-a0d749553fa3', 'e192237d-cd94-56a2-b6e4-3ecf0f00166b', 'General AV', 450) on conflict (id) do update set role_name = excluded.role_name, rate = excluded.rate;
insert into public.crew (id, name, city_pool_id, group_name, tier, phone, email, other_city, ob, notes, description) values ('1d07e0e3-8121-54d8-b82a-b4252bef4b01', 'Walker Meadows', '5bb0999e-68bd-5fda-ab25-cea22e980ecc', 'Ungrouped', null, '(334) 322-3999', 'Walker.meadows.sound@gmail.com', null, false, null, 'A1, A2, Cam Opp, Stage Hand, Fork Lift, Boom Lift, Scissor Lift, Certified, PM, LED Tech, L4-L2, Breakout Tech') on conflict (id) do update set name = excluded.name, city_pool_id = excluded.city_pool_id, tier = excluded.tier, phone = excluded.phone, email = excluded.email, other_city = excluded.other_city, ob = excluded.ob, notes = excluded.notes, description = excluded.description;
insert into public.crew_positions (id, crew_id, role_name, rate) values ('f814b51f-f765-5c9c-b214-610b91adf888', '1d07e0e3-8121-54d8-b82a-b4252bef4b01', 'A1-Audio Engineer', 700) on conflict (id) do update set role_name = excluded.role_name, rate = excluded.rate;
insert into public.crew_positions (id, crew_id, role_name, rate) values ('5e11f670-39ea-52c0-bf79-09e1a9cb6176', '1d07e0e3-8121-54d8-b82a-b4252bef4b01', 'A2-Audio Assist', 500) on conflict (id) do update set role_name = excluded.role_name, rate = excluded.rate;
insert into public.crew_positions (id, crew_id, role_name, rate) values ('b256e273-ed78-5824-855c-e20e599dba2f', '1d07e0e3-8121-54d8-b82a-b4252bef4b01', 'Camera Operator', 700) on conflict (id) do update set role_name = excluded.role_name, rate = excluded.rate;
insert into public.crew_positions (id, crew_id, role_name, rate) values ('80da7042-cf86-5c82-b0de-6367b3ba27a0', '1d07e0e3-8121-54d8-b82a-b4252bef4b01', 'LED Assist', 500) on conflict (id) do update set role_name = excluded.role_name, rate = excluded.rate;
insert into public.crew_positions (id, crew_id, role_name, rate) values ('99481375-e21f-5398-a8b5-8edecd17b887', '1d07e0e3-8121-54d8-b82a-b4252bef4b01', 'L2-Lighting Assist', 500) on conflict (id) do update set role_name = excluded.role_name, rate = excluded.rate;
insert into public.crew (id, name, city_pool_id, group_name, tier, phone, email, other_city, ob, notes, description) values ('5de554eb-0646-53f5-8bf4-d80e9c09ef98', 'Will Cameron', '5bb0999e-68bd-5fda-ab25-cea22e980ecc', 'Ungrouped', '1.0', '(615) 556-3623', null, null, false, null, 'V1/V2, Projection (top guy)') on conflict (id) do update set name = excluded.name, city_pool_id = excluded.city_pool_id, tier = excluded.tier, phone = excluded.phone, email = excluded.email, other_city = excluded.other_city, ob = excluded.ob, notes = excluded.notes, description = excluded.description;
insert into public.crew_positions (id, crew_id, role_name, rate) values ('752564ea-e211-5343-8b68-8f43e69e7366', '5de554eb-0646-53f5-8bf4-d80e9c09ef98', 'V1-Lead Video Engineer', 700) on conflict (id) do update set role_name = excluded.role_name, rate = excluded.rate;
insert into public.crew_positions (id, crew_id, role_name, rate) values ('8a81876b-b39f-5038-a0b5-5398a6d80a66', '5de554eb-0646-53f5-8bf4-d80e9c09ef98', 'V2-Video Assist', 550) on conflict (id) do update set role_name = excluded.role_name, rate = excluded.rate;
insert into public.crew (id, name, city_pool_id, group_name, tier, phone, email, other_city, ob, notes, description) values ('01e33b39-8b0d-57b3-8300-a3fc312e23c5', 'Zach HYATT', '5bb0999e-68bd-5fda-ab25-cea22e980ecc', 'Ungrouped', '1.0', null, null, null, false, null, 'L1') on conflict (id) do update set name = excluded.name, city_pool_id = excluded.city_pool_id, tier = excluded.tier, phone = excluded.phone, email = excluded.email, other_city = excluded.other_city, ob = excluded.ob, notes = excluded.notes, description = excluded.description;
insert into public.crew_positions (id, crew_id, role_name, rate) values ('10773e3d-54e6-5ae1-854a-fb0904c4e311', '01e33b39-8b0d-57b3-8300-a3fc312e23c5', 'LD-Lighting Designer', 700) on conflict (id) do update set role_name = excluded.role_name, rate = excluded.rate;
insert into public.crew (id, name, city_pool_id, group_name, tier, phone, email, other_city, ob, notes, description) values ('62142b06-c6c5-5f90-9ec2-6eb0895e58c5', 'Zakery Vanderlinden', '5bb0999e-68bd-5fda-ab25-cea22e980ecc', 'Ungrouped', null, '(414) 439-6738', null, null, false, null, 'L2') on conflict (id) do update set name = excluded.name, city_pool_id = excluded.city_pool_id, tier = excluded.tier, phone = excluded.phone, email = excluded.email, other_city = excluded.other_city, ob = excluded.ob, notes = excluded.notes, description = excluded.description;
insert into public.crew_positions (id, crew_id, role_name, rate) values ('36e05ae5-d5b0-58bb-9abb-766d500ef6fc', '62142b06-c6c5-5f90-9ec2-6eb0895e58c5', 'L2-Lighting Assist', 500) on conflict (id) do update set role_name = excluded.role_name, rate = excluded.rate;
insert into public.crew (id, name, city_pool_id, group_name, tier, phone, email, other_city, ob, notes, description) values ('38ba4c5d-8ec4-5022-9b79-fa850a7e3883', 'Ahmad (AJ) Mungin', '7f587941-1c8c-5ab6-ab65-0405f6fd94ce', 'Ungrouped', null, '(912) 332- 6227', 'ajmungin@amtgservices.com', null, true, null, 'GAV, BO OP, LED assist') on conflict (id) do update set name = excluded.name, city_pool_id = excluded.city_pool_id, tier = excluded.tier, phone = excluded.phone, email = excluded.email, other_city = excluded.other_city, ob = excluded.ob, notes = excluded.notes, description = excluded.description;
insert into public.crew_positions (id, crew_id, role_name, rate) values ('5238df72-9055-57b5-a684-7602de48c9eb', '38ba4c5d-8ec4-5022-9b79-fa850a7e3883', 'General AV', 450) on conflict (id) do update set role_name = excluded.role_name, rate = excluded.rate;
insert into public.crew_positions (id, crew_id, role_name, rate) values ('3ec77b17-c780-5e44-8b3a-5a1b183b1419', '38ba4c5d-8ec4-5022-9b79-fa850a7e3883', 'Breakout Operator', 600) on conflict (id) do update set role_name = excluded.role_name, rate = excluded.rate;
insert into public.crew_positions (id, crew_id, role_name, rate) values ('1f0637bc-c214-51c4-bb40-d43fcdafea5c', '38ba4c5d-8ec4-5022-9b79-fa850a7e3883', 'LED Assist', 500) on conflict (id) do update set role_name = excluded.role_name, rate = excluded.rate;
insert into public.crew (id, name, city_pool_id, group_name, tier, phone, email, other_city, ob, notes, description) values ('eb0eefc8-e563-549e-8e12-fc0172a0246d', 'Aisha Irons', '7f587941-1c8c-5ab6-ab65-0405f6fd94ce', 'Ungrouped', null, '(678) 558-2491', null, null, false, null, null) on conflict (id) do update set name = excluded.name, city_pool_id = excluded.city_pool_id, tier = excluded.tier, phone = excluded.phone, email = excluded.email, other_city = excluded.other_city, ob = excluded.ob, notes = excluded.notes, description = excluded.description;
insert into public.crew_positions (id, crew_id, role_name, rate) values ('d60155f3-221a-5808-8234-0c1013c4a3ae', 'eb0eefc8-e563-549e-8e12-fc0172a0246d', 'General AV', 450) on conflict (id) do update set role_name = excluded.role_name, rate = excluded.rate;
insert into public.crew (id, name, city_pool_id, group_name, tier, phone, email, other_city, ob, notes, description) values ('47ff510e-95a4-5de0-8837-837eafa3d8a5', 'Anderson', '7f587941-1c8c-5ab6-ab65-0405f6fd94ce', 'Ungrouped', null, '(678)-570-5709', null, null, false, null, null) on conflict (id) do update set name = excluded.name, city_pool_id = excluded.city_pool_id, tier = excluded.tier, phone = excluded.phone, email = excluded.email, other_city = excluded.other_city, ob = excluded.ob, notes = excluded.notes, description = excluded.description;
insert into public.crew_positions (id, crew_id, role_name, rate) values ('67c0a02d-da7a-510f-8c7e-c0e903f94c4f', '47ff510e-95a4-5de0-8837-837eafa3d8a5', 'General AV', 450) on conflict (id) do update set role_name = excluded.role_name, rate = excluded.rate;
insert into public.crew (id, name, city_pool_id, group_name, tier, phone, email, other_city, ob, notes, description) values ('8ca1e5d8-25a9-5c42-ba85-d6d9cd022f67', 'Austin Booker', '7f587941-1c8c-5ab6-ab65-0405f6fd94ce', 'Ungrouped', null, '(803) 351-4065', 'abllc2500@gmail.com', null, false, 'Lead from: (Nicole Anderson)', 'GAV, A1, A2, LED Assist') on conflict (id) do update set name = excluded.name, city_pool_id = excluded.city_pool_id, tier = excluded.tier, phone = excluded.phone, email = excluded.email, other_city = excluded.other_city, ob = excluded.ob, notes = excluded.notes, description = excluded.description;
insert into public.crew_positions (id, crew_id, role_name, rate) values ('5d10b608-13e1-53d2-a7e8-981d468675d1', '8ca1e5d8-25a9-5c42-ba85-d6d9cd022f67', 'General AV', 450) on conflict (id) do update set role_name = excluded.role_name, rate = excluded.rate;
insert into public.crew_positions (id, crew_id, role_name, rate) values ('c78f423e-21ed-5d19-ad63-c41f25944b12', '8ca1e5d8-25a9-5c42-ba85-d6d9cd022f67', 'A1-Audio Engineer', 700) on conflict (id) do update set role_name = excluded.role_name, rate = excluded.rate;
insert into public.crew_positions (id, crew_id, role_name, rate) values ('badd6671-bec6-5a20-b078-2019bf6a4304', '8ca1e5d8-25a9-5c42-ba85-d6d9cd022f67', 'A2-Audio Assist', 500) on conflict (id) do update set role_name = excluded.role_name, rate = excluded.rate;
insert into public.crew_positions (id, crew_id, role_name, rate) values ('b9c9cb9c-e603-5b83-b854-c50d2f9b211d', '8ca1e5d8-25a9-5c42-ba85-d6d9cd022f67', 'LED Assist', 500) on conflict (id) do update set role_name = excluded.role_name, rate = excluded.rate;
insert into public.crew (id, name, city_pool_id, group_name, tier, phone, email, other_city, ob, notes, description) values ('cfc1d7bc-4dff-5f79-b91f-6fa86b66a11e', 'Brewer', '7f587941-1c8c-5ab6-ab65-0405f6fd94ce', 'Ungrouped', null, '(407)-782-0284', null, null, false, null, null) on conflict (id) do update set name = excluded.name, city_pool_id = excluded.city_pool_id, tier = excluded.tier, phone = excluded.phone, email = excluded.email, other_city = excluded.other_city, ob = excluded.ob, notes = excluded.notes, description = excluded.description;
insert into public.crew_positions (id, crew_id, role_name, rate) values ('c4ac1b5b-5cb3-5a46-b704-6c868aa3cebb', 'cfc1d7bc-4dff-5f79-b91f-6fa86b66a11e', 'General AV', 450) on conflict (id) do update set role_name = excluded.role_name, rate = excluded.rate;
insert into public.crew (id, name, city_pool_id, group_name, tier, phone, email, other_city, ob, notes, description) values ('a7534f79-c457-51ac-a2eb-307bbfcf5c45', 'Corey', '7f587941-1c8c-5ab6-ab65-0405f6fd94ce', 'Ungrouped', null, '(412)-450-7256', null, null, false, null, null) on conflict (id) do update set name = excluded.name, city_pool_id = excluded.city_pool_id, tier = excluded.tier, phone = excluded.phone, email = excluded.email, other_city = excluded.other_city, ob = excluded.ob, notes = excluded.notes, description = excluded.description;
insert into public.crew_positions (id, crew_id, role_name, rate) values ('c963c31a-44a4-5a5d-9774-94e95e4ae5dc', 'a7534f79-c457-51ac-a2eb-307bbfcf5c45', 'General AV', 450) on conflict (id) do update set role_name = excluded.role_name, rate = excluded.rate;
insert into public.crew (id, name, city_pool_id, group_name, tier, phone, email, other_city, ob, notes, description) values ('d0b2bad3-ddfb-57c4-9bf6-9d44d7fb774d', 'Dan Kelleher', '7f587941-1c8c-5ab6-ab65-0405f6fd94ce', 'Ungrouped', null, '(703) 863-4939', 'kelleherdankelleher@gmail.com', null, false, null, 'BO Op, GAV, LED assist, GAV, A2, V2') on conflict (id) do update set name = excluded.name, city_pool_id = excluded.city_pool_id, tier = excluded.tier, phone = excluded.phone, email = excluded.email, other_city = excluded.other_city, ob = excluded.ob, notes = excluded.notes, description = excluded.description;
insert into public.crew_positions (id, crew_id, role_name, rate) values ('8b103ab1-efb1-5a93-b1c3-2deb45e53b64', 'd0b2bad3-ddfb-57c4-9bf6-9d44d7fb774d', 'Breakout Operator', 600) on conflict (id) do update set role_name = excluded.role_name, rate = excluded.rate;
insert into public.crew_positions (id, crew_id, role_name, rate) values ('9962958d-6a2b-50dd-bdc2-6c4fc8262251', 'd0b2bad3-ddfb-57c4-9bf6-9d44d7fb774d', 'General AV', 450) on conflict (id) do update set role_name = excluded.role_name, rate = excluded.rate;
insert into public.crew_positions (id, crew_id, role_name, rate) values ('2dc66538-b5f3-55e1-b35a-e381bab97d9b', 'd0b2bad3-ddfb-57c4-9bf6-9d44d7fb774d', 'LED Assist', 500) on conflict (id) do update set role_name = excluded.role_name, rate = excluded.rate;
insert into public.crew_positions (id, crew_id, role_name, rate) values ('2725b13d-f5e7-5fa5-80f0-44a936cc0499', 'd0b2bad3-ddfb-57c4-9bf6-9d44d7fb774d', 'A2-Audio Assist', 500) on conflict (id) do update set role_name = excluded.role_name, rate = excluded.rate;
insert into public.crew_positions (id, crew_id, role_name, rate) values ('d16e169f-cd3e-5a8d-a8f2-8372ab8aeb12', 'd0b2bad3-ddfb-57c4-9bf6-9d44d7fb774d', 'V2-Video Assist', 550) on conflict (id) do update set role_name = excluded.role_name, rate = excluded.rate;
insert into public.crew (id, name, city_pool_id, group_name, tier, phone, email, other_city, ob, notes, description) values ('8f6bd53f-e022-5eb6-96a9-a6fd662ae1c8', 'Dana', '7f587941-1c8c-5ab6-ab65-0405f6fd94ce', 'Ungrouped', null, '(678)-558-9140', null, null, false, null, null) on conflict (id) do update set name = excluded.name, city_pool_id = excluded.city_pool_id, tier = excluded.tier, phone = excluded.phone, email = excluded.email, other_city = excluded.other_city, ob = excluded.ob, notes = excluded.notes, description = excluded.description;
insert into public.crew_positions (id, crew_id, role_name, rate) values ('3cc498bf-dc2f-5995-8fe1-2af06cb9f255', '8f6bd53f-e022-5eb6-96a9-a6fd662ae1c8', 'General AV', 450) on conflict (id) do update set role_name = excluded.role_name, rate = excluded.rate;
insert into public.crew (id, name, city_pool_id, group_name, tier, phone, email, other_city, ob, notes, description) values ('64ff3ec3-a4c3-5e97-8771-f62707865d01', 'Danny Smith', '7f587941-1c8c-5ab6-ab65-0405f6fd94ce', 'Ungrouped', null, '(678) 814-9637', 'corporate0312@gmail.com', null, false, 'Lead from: Savarus', 'LED Assist, GAV') on conflict (id) do update set name = excluded.name, city_pool_id = excluded.city_pool_id, tier = excluded.tier, phone = excluded.phone, email = excluded.email, other_city = excluded.other_city, ob = excluded.ob, notes = excluded.notes, description = excluded.description;
insert into public.crew_positions (id, crew_id, role_name, rate) values ('98048f33-5dc7-5728-9ebb-b19cbb88c366', '64ff3ec3-a4c3-5e97-8771-f62707865d01', 'LED Assist', 500) on conflict (id) do update set role_name = excluded.role_name, rate = excluded.rate;
insert into public.crew_positions (id, crew_id, role_name, rate) values ('274f66bb-0354-5cb5-be3c-4e80b40088ca', '64ff3ec3-a4c3-5e97-8771-f62707865d01', 'General AV', 450) on conflict (id) do update set role_name = excluded.role_name, rate = excluded.rate;
insert into public.crew (id, name, city_pool_id, group_name, tier, phone, email, other_city, ob, notes, description) values ('0af896d6-aff2-5d6d-94e4-ba547a41bc04', 'Dashawn Douglas', '7f587941-1c8c-5ab6-ab65-0405f6fd94ce', 'Ungrouped', null, '(404) 798-9983', 'shawn10properties@comcast.net', null, true, null, 'GAV, floater, LED assist, Stagehand') on conflict (id) do update set name = excluded.name, city_pool_id = excluded.city_pool_id, tier = excluded.tier, phone = excluded.phone, email = excluded.email, other_city = excluded.other_city, ob = excluded.ob, notes = excluded.notes, description = excluded.description;
insert into public.crew_positions (id, crew_id, role_name, rate) values ('916b29f5-1561-5379-9fac-3eb734cd9175', '0af896d6-aff2-5d6d-94e4-ba547a41bc04', 'General AV', 450) on conflict (id) do update set role_name = excluded.role_name, rate = excluded.rate;
insert into public.crew_positions (id, crew_id, role_name, rate) values ('5bdcad13-ab2a-5f4d-aafc-709e74cc0c09', '0af896d6-aff2-5d6d-94e4-ba547a41bc04', 'LED Assist', 500) on conflict (id) do update set role_name = excluded.role_name, rate = excluded.rate;
insert into public.crew_positions (id, crew_id, role_name, rate) values ('cf4c247d-abaa-5044-9e83-a8ccedc1ba79', '0af896d6-aff2-5d6d-94e4-ba547a41bc04', 'Stagehand', 400) on conflict (id) do update set role_name = excluded.role_name, rate = excluded.rate;
insert into public.crew (id, name, city_pool_id, group_name, tier, phone, email, other_city, ob, notes, description) values ('1334ae33-7a62-5773-8f91-24a22c7abb99', 'Dashon Jackson', '7f587941-1c8c-5ab6-ab65-0405f6fd94ce', 'Ungrouped', null, '(678) 499-5901', 'Samaskhau@gmail.com', null, false, null, 'GAV, LED assist') on conflict (id) do update set name = excluded.name, city_pool_id = excluded.city_pool_id, tier = excluded.tier, phone = excluded.phone, email = excluded.email, other_city = excluded.other_city, ob = excluded.ob, notes = excluded.notes, description = excluded.description;
insert into public.crew_positions (id, crew_id, role_name, rate) values ('823fec53-3e53-5d3d-a7e0-a0da5e472836', '1334ae33-7a62-5773-8f91-24a22c7abb99', 'General AV', 450) on conflict (id) do update set role_name = excluded.role_name, rate = excluded.rate;
insert into public.crew_positions (id, crew_id, role_name, rate) values ('8d06e23f-73f1-5b40-8918-f245c3296346', '1334ae33-7a62-5773-8f91-24a22c7abb99', 'LED Assist', 500) on conflict (id) do update set role_name = excluded.role_name, rate = excluded.rate;
insert into public.crew (id, name, city_pool_id, group_name, tier, phone, email, other_city, ob, notes, description) values ('bbcf5c56-406f-53fc-b17c-ab7ec3228b87', 'Edmund Swain', '7f587941-1c8c-5ab6-ab65-0405f6fd94ce', 'Ungrouped', null, null, null, null, false, 'Lead from: (Nicole Anderson)', null) on conflict (id) do update set name = excluded.name, city_pool_id = excluded.city_pool_id, tier = excluded.tier, phone = excluded.phone, email = excluded.email, other_city = excluded.other_city, ob = excluded.ob, notes = excluded.notes, description = excluded.description;
insert into public.crew_positions (id, crew_id, role_name, rate) values ('b027963b-d55c-535c-8647-427873416cf1', 'bbcf5c56-406f-53fc-b17c-ab7ec3228b87', 'General AV', 450) on conflict (id) do update set role_name = excluded.role_name, rate = excluded.rate;
insert into public.crew (id, name, city_pool_id, group_name, tier, phone, email, other_city, ob, notes, description) values ('8aaec0f5-5e2c-50ed-8e1c-46b2a41e22dd', 'Eric McGhee', '7f587941-1c8c-5ab6-ab65-0405f6fd94ce', 'Ungrouped', null, '(470) 357-9173‬', 'Smitheric347@gmail.com', null, false, 'Lead from: Savarus', 'GAV, LED assist, V2') on conflict (id) do update set name = excluded.name, city_pool_id = excluded.city_pool_id, tier = excluded.tier, phone = excluded.phone, email = excluded.email, other_city = excluded.other_city, ob = excluded.ob, notes = excluded.notes, description = excluded.description;
insert into public.crew_positions (id, crew_id, role_name, rate) values ('28a5478a-df41-50a4-9e83-17ec4c566b3f', '8aaec0f5-5e2c-50ed-8e1c-46b2a41e22dd', 'General AV', 450) on conflict (id) do update set role_name = excluded.role_name, rate = excluded.rate;
insert into public.crew_positions (id, crew_id, role_name, rate) values ('9f51efd2-8d8a-5373-9ec8-4d54a8e48446', '8aaec0f5-5e2c-50ed-8e1c-46b2a41e22dd', 'LED Assist', 500) on conflict (id) do update set role_name = excluded.role_name, rate = excluded.rate;
insert into public.crew_positions (id, crew_id, role_name, rate) values ('773cccfe-63d4-5e11-94eb-4eb219477afe', '8aaec0f5-5e2c-50ed-8e1c-46b2a41e22dd', 'V2-Video Assist', 550) on conflict (id) do update set role_name = excluded.role_name, rate = excluded.rate;
insert into public.crew (id, name, city_pool_id, group_name, tier, phone, email, other_city, ob, notes, description) values ('ed2ccab1-12a3-512e-801e-bd931f241b9e', 'Homer E Simmons', '7f587941-1c8c-5ab6-ab65-0405f6fd94ce', 'Ungrouped', null, '(210) 307-7296', 'homersims643ymail.com', null, true, null, 'LED assist, AL2, Scenic, stagehand, GAV, crew lead') on conflict (id) do update set name = excluded.name, city_pool_id = excluded.city_pool_id, tier = excluded.tier, phone = excluded.phone, email = excluded.email, other_city = excluded.other_city, ob = excluded.ob, notes = excluded.notes, description = excluded.description;
insert into public.crew_positions (id, crew_id, role_name, rate) values ('5f3cfc39-2c46-5eba-80b8-c4a0904441ae', 'ed2ccab1-12a3-512e-801e-bd931f241b9e', 'LED Assist', 500) on conflict (id) do update set role_name = excluded.role_name, rate = excluded.rate;
insert into public.crew_positions (id, crew_id, role_name, rate) values ('29c5c87d-aec4-593f-a124-0fca52a0ad4a', 'ed2ccab1-12a3-512e-801e-bd931f241b9e', 'L2-Lighting Assist', 500) on conflict (id) do update set role_name = excluded.role_name, rate = excluded.rate;
insert into public.crew_positions (id, crew_id, role_name, rate) values ('dda93e17-b10e-5ed5-bedc-1bdd5b7e13c5', 'ed2ccab1-12a3-512e-801e-bd931f241b9e', 'Stagehand', 400) on conflict (id) do update set role_name = excluded.role_name, rate = excluded.rate;
insert into public.crew_positions (id, crew_id, role_name, rate) values ('1fd888e0-37b2-5bc1-9257-4c08b1b69421', 'ed2ccab1-12a3-512e-801e-bd931f241b9e', 'General AV', 450) on conflict (id) do update set role_name = excluded.role_name, rate = excluded.rate;
insert into public.crew_positions (id, crew_id, role_name, rate) values ('2c0d4b91-c50a-5b15-ba9b-dc9e5ee5f472', 'ed2ccab1-12a3-512e-801e-bd931f241b9e', 'Crew Lead', 700) on conflict (id) do update set role_name = excluded.role_name, rate = excluded.rate;
insert into public.crew (id, name, city_pool_id, group_name, tier, phone, email, other_city, ob, notes, description) values ('82888ebd-2aef-597b-88f2-71dadd9fa579', 'Jamal', '7f587941-1c8c-5ab6-ab65-0405f6fd94ce', 'Ungrouped', null, '(770)-866-5496', null, null, false, null, null) on conflict (id) do update set name = excluded.name, city_pool_id = excluded.city_pool_id, tier = excluded.tier, phone = excluded.phone, email = excluded.email, other_city = excluded.other_city, ob = excluded.ob, notes = excluded.notes, description = excluded.description;
insert into public.crew_positions (id, crew_id, role_name, rate) values ('ed417b9a-6563-5d18-a8d8-a78f1b75cc36', '82888ebd-2aef-597b-88f2-71dadd9fa579', 'General AV', 450) on conflict (id) do update set role_name = excluded.role_name, rate = excluded.rate;
insert into public.crew (id, name, city_pool_id, group_name, tier, phone, email, other_city, ob, notes, description) values ('bfc46c0c-4782-50e0-9e20-0e1847c139f4', 'Jayleen Mitchell', '7f587941-1c8c-5ab6-ab65-0405f6fd94ce', 'Ungrouped', null, '(901) 351-1944‬', 'Jayleenm99@gmail.com', null, true, 'Capabilities: Roland Switcher, Rodecaster XM32, Behringer, Mackie, Yamaha, Digico Audio Consoles | Lead from: Savarus', 'V1, A1, Rigging, Crew Lead, GAV') on conflict (id) do update set name = excluded.name, city_pool_id = excluded.city_pool_id, tier = excluded.tier, phone = excluded.phone, email = excluded.email, other_city = excluded.other_city, ob = excluded.ob, notes = excluded.notes, description = excluded.description;
insert into public.crew_positions (id, crew_id, role_name, rate) values ('cb7efe62-a01d-5012-8d47-9194d6a73b83', 'bfc46c0c-4782-50e0-9e20-0e1847c139f4', 'V1-Lead Video Engineer', 700) on conflict (id) do update set role_name = excluded.role_name, rate = excluded.rate;
insert into public.crew_positions (id, crew_id, role_name, rate) values ('c0a1ccb8-ef89-5daa-a13d-68e469aed524', 'bfc46c0c-4782-50e0-9e20-0e1847c139f4', 'A1-Audio Engineer', 700) on conflict (id) do update set role_name = excluded.role_name, rate = excluded.rate;
insert into public.crew_positions (id, crew_id, role_name, rate) values ('c75f02bb-d875-5a47-811c-b016979d73a6', 'bfc46c0c-4782-50e0-9e20-0e1847c139f4', 'Down Rigger', 550) on conflict (id) do update set role_name = excluded.role_name, rate = excluded.rate;
insert into public.crew_positions (id, crew_id, role_name, rate) values ('ecc70073-95d2-5035-bb41-f40eebc12933', 'bfc46c0c-4782-50e0-9e20-0e1847c139f4', 'Crew Lead', 700) on conflict (id) do update set role_name = excluded.role_name, rate = excluded.rate;
insert into public.crew_positions (id, crew_id, role_name, rate) values ('7347e718-2caf-5415-bdac-c03bd2b4948c', 'bfc46c0c-4782-50e0-9e20-0e1847c139f4', 'General AV', 450) on conflict (id) do update set role_name = excluded.role_name, rate = excluded.rate;
insert into public.crew_positions (id, crew_id, role_name, rate) values ('0ab537ee-2066-56a0-a333-a70fd9128113', 'bfc46c0c-4782-50e0-9e20-0e1847c139f4', 'Speaker Ready', 650) on conflict (id) do update set role_name = excluded.role_name, rate = excluded.rate;
insert into public.crew (id, name, city_pool_id, group_name, tier, phone, email, other_city, ob, notes, description) values ('52746bf3-5b50-517d-ab78-9a4de7ec6b13', 'Jaquie Ory', '7f587941-1c8c-5ab6-ab65-0405f6fd94ce', 'Ungrouped', null, '(404) 293-3480', null, null, false, 'Lead from: (Nicole Anderson)', null) on conflict (id) do update set name = excluded.name, city_pool_id = excluded.city_pool_id, tier = excluded.tier, phone = excluded.phone, email = excluded.email, other_city = excluded.other_city, ob = excluded.ob, notes = excluded.notes, description = excluded.description;
insert into public.crew_positions (id, crew_id, role_name, rate) values ('1105b3fd-a6fa-54e9-9a22-4725064b6208', '52746bf3-5b50-517d-ab78-9a4de7ec6b13', 'General AV', 450) on conflict (id) do update set role_name = excluded.role_name, rate = excluded.rate;
insert into public.crew (id, name, city_pool_id, group_name, tier, phone, email, other_city, ob, notes, description) values ('a1f42c7b-d99b-53c1-8894-289930d8a717', 'Johnny Perkins', '7f587941-1c8c-5ab6-ab65-0405f6fd94ce', 'Ungrouped', null, '(404) 436-4271', 'skyfox202@gmail.com', null, false, null, 'GAV, BO OP, L2, V2/V1, Zoom tech') on conflict (id) do update set name = excluded.name, city_pool_id = excluded.city_pool_id, tier = excluded.tier, phone = excluded.phone, email = excluded.email, other_city = excluded.other_city, ob = excluded.ob, notes = excluded.notes, description = excluded.description;
insert into public.crew_positions (id, crew_id, role_name, rate) values ('b9e5065c-7075-5f0a-a5f2-ef245f7beca6', 'a1f42c7b-d99b-53c1-8894-289930d8a717', 'General AV', 450) on conflict (id) do update set role_name = excluded.role_name, rate = excluded.rate;
insert into public.crew_positions (id, crew_id, role_name, rate) values ('5745eab1-3c72-5a59-a730-723f47642e5b', 'a1f42c7b-d99b-53c1-8894-289930d8a717', 'Breakout Operator', 600) on conflict (id) do update set role_name = excluded.role_name, rate = excluded.rate;
insert into public.crew_positions (id, crew_id, role_name, rate) values ('62ffb1d6-0f73-5716-9c2c-0cc92b27ed9a', 'a1f42c7b-d99b-53c1-8894-289930d8a717', 'L2-Lighting Assist', 500) on conflict (id) do update set role_name = excluded.role_name, rate = excluded.rate;
insert into public.crew_positions (id, crew_id, role_name, rate) values ('3567f90a-3191-5a74-a886-8196dc4d7d3a', 'a1f42c7b-d99b-53c1-8894-289930d8a717', 'V2-Video Assist', 550) on conflict (id) do update set role_name = excluded.role_name, rate = excluded.rate;
insert into public.crew_positions (id, crew_id, role_name, rate) values ('068821db-427d-5051-b27c-edd0dbdabfaa', 'a1f42c7b-d99b-53c1-8894-289930d8a717', 'V1-Lead Video Engineer', 700) on conflict (id) do update set role_name = excluded.role_name, rate = excluded.rate;
insert into public.crew_positions (id, crew_id, role_name, rate) values ('dfad7535-0dd6-574d-b57d-b5ab87e6e11b', 'a1f42c7b-d99b-53c1-8894-289930d8a717', 'Zoom Operator', 650) on conflict (id) do update set role_name = excluded.role_name, rate = excluded.rate;
insert into public.crew (id, name, city_pool_id, group_name, tier, phone, email, other_city, ob, notes, description) values ('249d6e70-3de2-5be9-886c-22339fcc2e92', 'John Hughley', '7f587941-1c8c-5ab6-ab65-0405f6fd94ce', 'Ungrouped', null, '678 598 8252', null, null, false, 'Lead from: Savarus', null) on conflict (id) do update set name = excluded.name, city_pool_id = excluded.city_pool_id, tier = excluded.tier, phone = excluded.phone, email = excluded.email, other_city = excluded.other_city, ob = excluded.ob, notes = excluded.notes, description = excluded.description;
insert into public.crew_positions (id, crew_id, role_name, rate) values ('5b5522ed-7811-55f7-94d7-972177d104bb', '249d6e70-3de2-5be9-886c-22339fcc2e92', 'General AV', 450) on conflict (id) do update set role_name = excluded.role_name, rate = excluded.rate;
insert into public.crew (id, name, city_pool_id, group_name, tier, phone, email, other_city, ob, notes, description) values ('33bbf4a7-afce-5904-94f9-9f2b93c6aabc', 'Kevin Ivory', '7f587941-1c8c-5ab6-ab65-0405f6fd94ce', 'Ungrouped', null, '(404) 409-3178', null, null, false, 'Lead from: (Nicole Anderson)', null) on conflict (id) do update set name = excluded.name, city_pool_id = excluded.city_pool_id, tier = excluded.tier, phone = excluded.phone, email = excluded.email, other_city = excluded.other_city, ob = excluded.ob, notes = excluded.notes, description = excluded.description;
insert into public.crew_positions (id, crew_id, role_name, rate) values ('76e918eb-8386-5f47-a7ca-c638061f01ae', '33bbf4a7-afce-5904-94f9-9f2b93c6aabc', 'General AV', 450) on conflict (id) do update set role_name = excluded.role_name, rate = excluded.rate;
insert into public.crew (id, name, city_pool_id, group_name, tier, phone, email, other_city, ob, notes, description) values ('d8b10f7b-cf97-5cd0-bc8c-85d63543a3ef', 'Kevin Will', '7f587941-1c8c-5ab6-ab65-0405f6fd94ce', 'Ungrouped', null, '(404)-783-1785', null, null, false, null, null) on conflict (id) do update set name = excluded.name, city_pool_id = excluded.city_pool_id, tier = excluded.tier, phone = excluded.phone, email = excluded.email, other_city = excluded.other_city, ob = excluded.ob, notes = excluded.notes, description = excluded.description;
insert into public.crew_positions (id, crew_id, role_name, rate) values ('35ad4024-e4e6-55d2-9baf-fe98933f04be', 'd8b10f7b-cf97-5cd0-bc8c-85d63543a3ef', 'General AV', 450) on conflict (id) do update set role_name = excluded.role_name, rate = excluded.rate;
insert into public.crew (id, name, city_pool_id, group_name, tier, phone, email, other_city, ob, notes, description) values ('06edb389-f028-57ba-96d6-be4c75782a96', 'Nick Bredeson', '7f587941-1c8c-5ab6-ab65-0405f6fd94ce', 'Ungrouped', null, '678-477-4986', 'Nickbred@icloud.com', null, true, null, 'A2, BO op (audio), Stagehand, LED') on conflict (id) do update set name = excluded.name, city_pool_id = excluded.city_pool_id, tier = excluded.tier, phone = excluded.phone, email = excluded.email, other_city = excluded.other_city, ob = excluded.ob, notes = excluded.notes, description = excluded.description;
insert into public.crew_positions (id, crew_id, role_name, rate) values ('8b908667-fb9d-56bf-8ac2-80d9d2c310ca', '06edb389-f028-57ba-96d6-be4c75782a96', 'A2-Audio Assist', 500) on conflict (id) do update set role_name = excluded.role_name, rate = excluded.rate;
insert into public.crew_positions (id, crew_id, role_name, rate) values ('e13c80da-0b9a-5821-87a2-59dbba86fb67', '06edb389-f028-57ba-96d6-be4c75782a96', 'Breakout Operator', 600) on conflict (id) do update set role_name = excluded.role_name, rate = excluded.rate;
insert into public.crew_positions (id, crew_id, role_name, rate) values ('58e8c680-f6ed-572f-9e7d-0b1a4dbb302a', '06edb389-f028-57ba-96d6-be4c75782a96', 'Stagehand', 400) on conflict (id) do update set role_name = excluded.role_name, rate = excluded.rate;
insert into public.crew_positions (id, crew_id, role_name, rate) values ('3798cffd-f963-5166-aa1d-fe58b329134c', '06edb389-f028-57ba-96d6-be4c75782a96', 'LED Assist', 500) on conflict (id) do update set role_name = excluded.role_name, rate = excluded.rate;
insert into public.crew (id, name, city_pool_id, group_name, tier, phone, email, other_city, ob, notes, description) values ('f53ceb9f-81a3-511b-93fc-e392b9360a65', 'Nicole Anderson', '7f587941-1c8c-5ab6-ab65-0405f6fd94ce', 'Ungrouped', null, '(504) 453-6695', null, null, false, null, 'BO Op, A1, A2') on conflict (id) do update set name = excluded.name, city_pool_id = excluded.city_pool_id, tier = excluded.tier, phone = excluded.phone, email = excluded.email, other_city = excluded.other_city, ob = excluded.ob, notes = excluded.notes, description = excluded.description;
insert into public.crew_positions (id, crew_id, role_name, rate) values ('7d61bf64-cb74-5e98-946e-dc6154c6b7c2', 'f53ceb9f-81a3-511b-93fc-e392b9360a65', 'Breakout Operator', 600) on conflict (id) do update set role_name = excluded.role_name, rate = excluded.rate;
insert into public.crew_positions (id, crew_id, role_name, rate) values ('41e189b9-a471-5709-8cc9-c7d0d3e7c8cf', 'f53ceb9f-81a3-511b-93fc-e392b9360a65', 'A1-Audio Engineer', 700) on conflict (id) do update set role_name = excluded.role_name, rate = excluded.rate;
insert into public.crew_positions (id, crew_id, role_name, rate) values ('e0f73444-dad9-50fd-be81-183347f74a74', 'f53ceb9f-81a3-511b-93fc-e392b9360a65', 'A2-Audio Assist', 500) on conflict (id) do update set role_name = excluded.role_name, rate = excluded.rate;
insert into public.crew (id, name, city_pool_id, group_name, tier, phone, email, other_city, ob, notes, description) values ('7cf9f5eb-1469-5c6a-8c35-956753f90313', 'Rayfield Richardson Jr.', '7f587941-1c8c-5ab6-ab65-0405f6fd94ce', 'Ungrouped', null, '(404) 536-5933', 'rayfield.richardson.jr@gmail.com', null, true, null, 'L2, A2, LED assist, GAV, V2') on conflict (id) do update set name = excluded.name, city_pool_id = excluded.city_pool_id, tier = excluded.tier, phone = excluded.phone, email = excluded.email, other_city = excluded.other_city, ob = excluded.ob, notes = excluded.notes, description = excluded.description;
insert into public.crew_positions (id, crew_id, role_name, rate) values ('50114b45-31eb-505b-a007-32f1e1a4cd1c', '7cf9f5eb-1469-5c6a-8c35-956753f90313', 'L2-Lighting Assist', 500) on conflict (id) do update set role_name = excluded.role_name, rate = excluded.rate;
insert into public.crew_positions (id, crew_id, role_name, rate) values ('1c9422c0-2e79-5aec-b758-77cacc98b0ca', '7cf9f5eb-1469-5c6a-8c35-956753f90313', 'A2-Audio Assist', 500) on conflict (id) do update set role_name = excluded.role_name, rate = excluded.rate;
insert into public.crew_positions (id, crew_id, role_name, rate) values ('1c318c08-39de-5948-81e2-6b504b332f47', '7cf9f5eb-1469-5c6a-8c35-956753f90313', 'LED Assist', 500) on conflict (id) do update set role_name = excluded.role_name, rate = excluded.rate;
insert into public.crew_positions (id, crew_id, role_name, rate) values ('5a6e23fc-e30d-537e-a8e7-78aa3ebaa264', '7cf9f5eb-1469-5c6a-8c35-956753f90313', 'General AV', 450) on conflict (id) do update set role_name = excluded.role_name, rate = excluded.rate;
insert into public.crew_positions (id, crew_id, role_name, rate) values ('cb89be63-0898-504b-bd72-934a9d682437', '7cf9f5eb-1469-5c6a-8c35-956753f90313', 'V2-Video Assist', 550) on conflict (id) do update set role_name = excluded.role_name, rate = excluded.rate;
insert into public.crew (id, name, city_pool_id, group_name, tier, phone, email, other_city, ob, notes, description) values ('d9a30144-2c43-5207-88d5-a3bd8410970e', 'Randall Green', '7f587941-1c8c-5ab6-ab65-0405f6fd94ce', 'Ungrouped', null, null, null, null, false, 'Lead from: Savarus', 'A2, V2, BO Tech, LED Assist') on conflict (id) do update set name = excluded.name, city_pool_id = excluded.city_pool_id, tier = excluded.tier, phone = excluded.phone, email = excluded.email, other_city = excluded.other_city, ob = excluded.ob, notes = excluded.notes, description = excluded.description;
insert into public.crew_positions (id, crew_id, role_name, rate) values ('1420708d-d976-5259-9cca-1c51c1521564', 'd9a30144-2c43-5207-88d5-a3bd8410970e', 'A2-Audio Assist', 500) on conflict (id) do update set role_name = excluded.role_name, rate = excluded.rate;
insert into public.crew_positions (id, crew_id, role_name, rate) values ('35fce56a-26ec-5444-8cfc-19034b640479', 'd9a30144-2c43-5207-88d5-a3bd8410970e', 'V2-Video Assist', 550) on conflict (id) do update set role_name = excluded.role_name, rate = excluded.rate;
insert into public.crew_positions (id, crew_id, role_name, rate) values ('d6251351-d0d1-5f97-a093-d2844ff91719', 'd9a30144-2c43-5207-88d5-a3bd8410970e', 'General AV', 450) on conflict (id) do update set role_name = excluded.role_name, rate = excluded.rate;
insert into public.crew_positions (id, crew_id, role_name, rate) values ('12a98bff-61fa-5344-9b03-6676618dacf3', 'd9a30144-2c43-5207-88d5-a3bd8410970e', 'LED Assist', 500) on conflict (id) do update set role_name = excluded.role_name, rate = excluded.rate;
insert into public.crew (id, name, city_pool_id, group_name, tier, phone, email, other_city, ob, notes, description) values ('571c96e6-50a1-5686-aeff-63db868cb738', 'Raymond Ellis', '7f587941-1c8c-5ab6-ab65-0405f6fd94ce', 'Ungrouped', null, '(470) 222-0815', 'Globalgrasping@gmail.com', null, false, 'Lead from: (Nicole Anderson)', null) on conflict (id) do update set name = excluded.name, city_pool_id = excluded.city_pool_id, tier = excluded.tier, phone = excluded.phone, email = excluded.email, other_city = excluded.other_city, ob = excluded.ob, notes = excluded.notes, description = excluded.description;
insert into public.crew_positions (id, crew_id, role_name, rate) values ('68813370-3514-5aad-9483-3404af494dbe', '571c96e6-50a1-5686-aeff-63db868cb738', 'General AV', 450) on conflict (id) do update set role_name = excluded.role_name, rate = excluded.rate;
insert into public.crew (id, name, city_pool_id, group_name, tier, phone, email, other_city, ob, notes, description) values ('b3e58313-1a59-52dd-a4bb-e46019966f25', 'Treadway', '7f587941-1c8c-5ab6-ab65-0405f6fd94ce', 'Ungrouped', null, '678)-600-5773', null, null, false, null, null) on conflict (id) do update set name = excluded.name, city_pool_id = excluded.city_pool_id, tier = excluded.tier, phone = excluded.phone, email = excluded.email, other_city = excluded.other_city, ob = excluded.ob, notes = excluded.notes, description = excluded.description;
insert into public.crew_positions (id, crew_id, role_name, rate) values ('b1d51f69-3293-5371-b919-375b515ecd59', 'b3e58313-1a59-52dd-a4bb-e46019966f25', 'General AV', 450) on conflict (id) do update set role_name = excluded.role_name, rate = excluded.rate;
insert into public.crew (id, name, city_pool_id, group_name, tier, phone, email, other_city, ob, notes, description) values ('8b2486ca-6ba6-521f-b103-78583c460d4b', 'Trey Downer', '7f587941-1c8c-5ab6-ab65-0405f6fd94ce', 'Ungrouped', null, '(404)-747-0202', 'trirestialdowner@yahoo.com', null, true, null, 'GAV, floater, LED assist, Stagehand') on conflict (id) do update set name = excluded.name, city_pool_id = excluded.city_pool_id, tier = excluded.tier, phone = excluded.phone, email = excluded.email, other_city = excluded.other_city, ob = excluded.ob, notes = excluded.notes, description = excluded.description;
insert into public.crew_positions (id, crew_id, role_name, rate) values ('bec87224-b0ab-50db-9d3a-40abc401e5a5', '8b2486ca-6ba6-521f-b103-78583c460d4b', 'General AV', 450) on conflict (id) do update set role_name = excluded.role_name, rate = excluded.rate;
insert into public.crew_positions (id, crew_id, role_name, rate) values ('03799507-dd43-596b-8768-ac542a3b8ca2', '8b2486ca-6ba6-521f-b103-78583c460d4b', 'LED Assist', 500) on conflict (id) do update set role_name = excluded.role_name, rate = excluded.rate;
insert into public.crew_positions (id, crew_id, role_name, rate) values ('fc78fb8e-419c-5f79-9472-cc0944096fe6', '8b2486ca-6ba6-521f-b103-78583c460d4b', 'Stagehand', 400) on conflict (id) do update set role_name = excluded.role_name, rate = excluded.rate;
insert into public.crew (id, name, city_pool_id, group_name, tier, phone, email, other_city, ob, notes, description) values ('9fff9331-bf2d-50f1-aa6a-0392c4a9f778', 'Tedrick Gordon', '7f587941-1c8c-5ab6-ab65-0405f6fd94ce', 'Ungrouped', null, '(678) 760-0639', 'Tedricgordon@gmail.com', null, false, 'Lead from: (Nicole Anderson)', null) on conflict (id) do update set name = excluded.name, city_pool_id = excluded.city_pool_id, tier = excluded.tier, phone = excluded.phone, email = excluded.email, other_city = excluded.other_city, ob = excluded.ob, notes = excluded.notes, description = excluded.description;
insert into public.crew_positions (id, crew_id, role_name, rate) values ('89492a5d-67f4-543f-aac1-7f1a045ef02b', '9fff9331-bf2d-50f1-aa6a-0392c4a9f778', 'General AV', 450) on conflict (id) do update set role_name = excluded.role_name, rate = excluded.rate;
insert into public.crew (id, name, city_pool_id, group_name, tier, phone, email, other_city, ob, notes, description) values ('dd663c47-2853-5713-9b22-601ad2ec2f42', 'Vidilia Hayes', '7f587941-1c8c-5ab6-ab65-0405f6fd94ce', 'Ungrouped', null, '(404) 663-8877', 'vanilla.hayes77@gmail.com', null, false, null, 'GAV, AVL2') on conflict (id) do update set name = excluded.name, city_pool_id = excluded.city_pool_id, tier = excluded.tier, phone = excluded.phone, email = excluded.email, other_city = excluded.other_city, ob = excluded.ob, notes = excluded.notes, description = excluded.description;
insert into public.crew_positions (id, crew_id, role_name, rate) values ('38243586-1056-5b37-a46a-c86910db3fd4', 'dd663c47-2853-5713-9b22-601ad2ec2f42', 'General AV', 450) on conflict (id) do update set role_name = excluded.role_name, rate = excluded.rate;
insert into public.crew_positions (id, crew_id, role_name, rate) values ('3554dfe4-8a48-5b94-a27b-b319b36175c7', 'dd663c47-2853-5713-9b22-601ad2ec2f42', 'L2-Lighting Assist', 500) on conflict (id) do update set role_name = excluded.role_name, rate = excluded.rate;
commit;